受注伝票番号,売上日,会員ID,会員登録日,商品コード,商品名称,注文数量,商品売価計,受注ステータス
700001,20231226,M100001,20160804,CT104,もこもこ泡シャンプー 300ml,3,29400,11
700001,20231226,M100001,20160804,CS101,かつおチップス 200g,1,12000,11
700001,20231226,M100001,20160804,CT106,耳そうじシート 40枚,2,19600,11
700002,20240301,M100002,20240223,CS104,減塩にぼし 500g,1,1280,11
700002,20240301,M100002,20240223,CS103,またたびスティック 30本,1,3800,11
700003,20240828,M100002,20240223,CT106,耳そうじシート 40枚,1,9800,11
700004,20240916,M100002,20240223,CS104,減塩にぼし 500g,1,1280,11
700004,20240916,M100002,20240223,CH102,毛玉ケアパウダー 180回分,1,1650,11
700005,20250710,M100003,20250626,CT102,肉球バーム 10g,1,6800,11
700006,20250725,M100003,20250626,CT104,もこもこ泡シャンプー 300ml,1,9800,11
700006,20250725,M100003,20250626,CT106,耳そうじシート 40枚,1,9800,11
700007,20241107,M100004,20241102,CT106,耳そうじシート 40枚,1,9800,11
700008,20240107,M100005,20210419,CH103,関節ケアコラーゲン 250g,1,980,11
700009,20240207,M100005,20210419,CS104,減塩にぼし 500g,1,1280,11
700010,20251209,M100006,20251114,CT104,もこもこ泡シャンプー 300ml,1,9800,11
700010,20251209,M100006,20251114,CS101,かつおチップス 200g,1,12000,11
700010,20251209,M100006,20251114,CT102,肉球バーム 10g,1,6800,11
700011,20251225,M100006,20251114,CE105,年間メンバーパス,1,4980,11
700011,20251225,M100006,20251114,CS104,減塩にぼし 500g,1,1280,11
700012,20260313,M100006,20251114,CS104,減塩にぼし 500g,1,1280,11
700013,20260611,M100007,20260530,CS101,かつおチップス 200g,1,12000,11
700014,20240112,M100008,20201208,CT104,もこもこ泡シャンプー 300ml,1,9800,11
700014,20240112,M100008,20201208,CS101,かつおチップス 200g,1,12000,11
700015,20240302,M100008,20201208,CS102,ささみチップス 200g,1,4980,11
700016,20240402,M100008,20201208,CT104,もこもこ泡シャンプー 300ml,1,9800,11
700017,20240721,M100008,20201208,CE103,グルーミング講座,2,7600,11
700018,20251218,M100009,20251215,CS104,減塩にぼし 500g,1,1280,11
700018,20251218,M100009,20251215,CF101,総合栄養食 まぐろ 500g,1,12000,11
700019,20240824,M100010,20240809,CS101,かつおチップス 200g,1,12000,11
700020,20240912,M100010,20240809,CS101,かつおチップス 200g,1,12000,11
700020,20240912,M100010,20240809,CS103,またたびスティック 30本,2,7600,11
700021,20241226,M100010,20240809,CT104,もこもこ泡シャンプー 300ml,1,9800,11
700021,20241226,M100010,20240809,CT107,デンタルジェル 50ml,1,1650,11
700022,20250709,M100011,20250629,CE105,年間メンバーパス,1,4980,11
700023,20250903,M100012,20250810,CT106,耳そうじシート 40枚,1,9800,11
700023,20250903,M100012,20250810,CH105,鉄分＋葉酸タブレット 90粒,1,1280,11
700023,20250903,M100012,20250810,CS104,減塩にぼし 500g,1,1280,11
700024,20240915,M100013,20240829,CE103,グルーミング講座,1,3800,11
700024,20240915,M100013,20240829,CE105,年間メンバーパス,1,4980,11
700024,20240915,M100013,20240829,CS101,かつおチップス 200g,1,12000,11
700025,20241111,M100013,20240829,CT106,耳そうじシート 40枚,2,19600,11
700026,20241119,M100013,20240829,CT106,耳そうじシート 40枚,1,9800,11
700027,20240614,M100014,20240525,CT103,被毛ケアローション 190ml,1,1650,11
700027,20240614,M100014,20240525,CF103,陶器のごはん皿 S,3,4950,11
700028,20240830,M100014,20240525,CT108,毛玉ケアジェル 60g,3,2940,11
700029,20241108,M100014,20240525,CT104,もこもこ泡シャンプー 300ml,1,9800,14
700029,20241108,M100014,20240525,CE105,年間メンバーパス,1,4980,14
700029,20241108,M100014,20240525,CT106,耳そうじシート 40枚,1,9800,14
700030,20241122,M100014,20240525,CT102,肉球バーム 10g,1,6800,11
700031,20250609,M100015,20250606,CT106,耳そうじシート 40枚,1,9800,11
700031,20250609,M100015,20250606,CS104,減塩にぼし 500g,1,1280,11
700031,20250609,M100015,20250606,CT104,もこもこ泡シャンプー 300ml,1,9800,11
700032,20240312,M100016,20240217,CE105,年間メンバーパス,1,4980,11
700032,20240312,M100016,20240217,CH104,オメガ3ソフトカプセル 120粒,1,980,11
700033,20240706,M100016,20240217,CT103,被毛ケアローション 190ml,1,1650,11
700034,20240821,M100016,20240217,CT106,耳そうじシート 40枚,1,9800,11
700034,20240821,M100016,20240217,CS104,減塩にぼし 500g,1,1280,11
700035,20250316,M100017,20250311,CT103,被毛ケアローション 190ml,1,1650,11
700036,20250430,M100017,20250311,CT106,耳そうじシート 40枚,1,9800,11
700037,20250619,M100017,20250311,CS101,かつおチップス 200g,2,24000,11
700038,20250704,M100017,20250311,CT108,毛玉ケアジェル 60g,1,980,11
700039,20240111,M100018,20240103,CS104,減塩にぼし 500g,1,1280,11
700040,20241215,M100019,20241128,CS104,減塩にぼし 500g,1,1280,11
700040,20241215,M100019,20241128,CS101,かつおチップス 200g,1,12000,11
700041,20250224,M100019,20241128,CT102,肉球バーム 10g,2,13600,11
700042,20250303,M100019,20241128,CT104,もこもこ泡シャンプー 300ml,1,9800,11
700042,20250303,M100019,20241128,CE105,年間メンバーパス,1,4980,11
700043,20250508,M100019,20241128,CS101,かつおチップス 200g,1,12000,11
700043,20250508,M100019,20241128,CT106,耳そうじシート 40枚,1,9800,11
700044,20240804,M100020,20240716,CT104,もこもこ泡シャンプー 300ml,2,19600,11
700044,20240804,M100020,20240716,CT103,被毛ケアローション 190ml,1,1650,11
700045,20240821,M100020,20240716,CS104,減塩にぼし 500g,1,1280,11
700046,20241018,M100020,20240716,CT103,被毛ケアローション 190ml,1,1650,11
700047,20260203,M100020,20240716,CS104,減塩にぼし 500g,3,3840,11
700047,20260203,M100020,20240716,CT102,肉球バーム 10g,1,6800,11
700048,20260212,M100020,20240716,CT108,毛玉ケアジェル 60g,1,980,11
700049,20231225,M100021,20180804,CT106,耳そうじシート 40枚,2,19600,11
700049,20231225,M100021,20180804,CE105,年間メンバーパス,1,4980,11
700049,20231225,M100021,20180804,CT108,毛玉ケアジェル 60g,1,980,11
700050,20250227,M100022,20250214,CT103,被毛ケアローション 190ml,1,1650,11
700050,20250227,M100022,20250214,CS101,かつおチップス 200g,1,12000,11
700051,20250411,M100022,20250214,CE105,年間メンバーパス,2,9960,11
700051,20250411,M100022,20250214,CS101,かつおチップス 200g,2,24000,11
700051,20250411,M100022,20250214,CT104,もこもこ泡シャンプー 300ml,1,9800,11
700051,20250411,M100022,20250214,CT106,耳そうじシート 40枚,2,19600,11
700052,20241226,M100023,20241223,CT106,耳そうじシート 40枚,1,9800,11
700053,20250225,M100023,20241223,CT103,被毛ケアローション 190ml,3,4950,11
700054,20260103,M100024,20260102,CT102,肉球バーム 10g,2,13600,11
700055,20260309,M100024,20260102,CS104,減塩にぼし 500g,1,1280,11
700055,20260309,M100024,20260102,CT108,毛玉ケアジェル 60g,1,980,11
700056,20240204,M100025,20240112,CS104,減塩にぼし 500g,1,1280,11
700057,20260219,M100026,20260219,CT104,もこもこ泡シャンプー 300ml,1,9800,11
700057,20260219,M100026,20260219,CS104,減塩にぼし 500g,1,1280,11
700058,20250723,M100027,20250704,CS101,かつおチップス 200g,1,12000,11
700059,20241217,M100028,20241206,CT104,もこもこ泡シャンプー 300ml,2,19600,11
700060,20250123,M100028,20241206,CT108,毛玉ケアジェル 60g,1,980,11
700060,20250123,M100028,20241206,CH103,関節ケアコラーゲン 250g,1,980,11
700061,20250221,M100028,20241206,CS104,減塩にぼし 500g,1,1280,11
700062,20241023,M100029,20241023,CS104,減塩にぼし 500g,1,1280,11
700063,20241124,M100029,20241023,CS101,かつおチップス 200g,3,36000,11
700064,20241218,M100029,20241023,CE105,年間メンバーパス,1,4980,14
700065,20250128,M100029,20241023,CE105,年間メンバーパス,2,9960,11
700066,20250423,M100029,20241023,CE105,年間メンバーパス,1,4980,11
700066,20250423,M100029,20241023,CS101,かつおチップス 200g,1,12000,11
700066,20250423,M100029,20241023,CT104,もこもこ泡シャンプー 300ml,1,9800,11
700067,20250617,M100030,20250526,CT106,耳そうじシート 40枚,1,9800,11
700068,20250105,M100031,20250102,CT102,肉球バーム 10g,3,20400,11
700069,20240908,M100032,20240831,CS104,減塩にぼし 500g,1,1280,11
700069,20240908,M100032,20240831,CS101,かつおチップス 200g,1,12000,11
700070,20250521,M100033,20250509,CT106,耳そうじシート 40枚,1,9800,11
700071,20250627,M100033,20250509,CT104,もこもこ泡シャンプー 300ml,1,9800,11
700072,20240702,M100034,20240626,CH102,毛玉ケアパウダー 180回分,1,1650,11
700073,20260526,M100035,20260519,CT106,耳そうじシート 40枚,1,9800,11
700073,20260526,M100035,20260519,CT108,毛玉ケアジェル 60g,2,1960,11
700073,20260526,M100035,20260519,CT107,デンタルジェル 50ml,1,1650,11
700074,20260619,M100035,20260519,CT106,耳そうじシート 40枚,1,9800,09
700074,20260619,M100035,20260519,CH105,鉄分＋葉酸タブレット 90粒,3,3840,09
700075,20240119,M100036,20240102,CT102,肉球バーム 10g,2,13600,11
700075,20240119,M100036,20240102,CS104,減塩にぼし 500g,1,1280,11
700075,20240119,M100036,20240102,CT106,耳そうじシート 40枚,1,9800,11
700076,20240420,M100036,20240102,CF105,竹のフードスクープ,1,980,11
700077,20240507,M100036,20240102,CT102,肉球バーム 10g,1,6800,11
700077,20240507,M100036,20240102,CT106,耳そうじシート 40枚,1,9800,11
700078,20240810,M100036,20240102,CE105,年間メンバーパス,1,4980,11
700078,20240810,M100036,20240102,CS101,かつおチップス 200g,2,24000,11
700078,20240810,M100036,20240102,CT104,もこもこ泡シャンプー 300ml,1,9800,11
700079,20240223,M100037,20240211,CS101,かつおチップス 200g,1,12000,11
700080,20240303,M100037,20240211,CH102,毛玉ケアパウダー 180回分,2,3300,11
700080,20240303,M100037,20240211,CT106,耳そうじシート 40枚,2,19600,11
700080,20240303,M100037,20240211,CE102,しつけ教室チケット S,1,6800,11
700081,20240316,M100037,20240211,CT102,肉球バーム 10g,1,6800,11
700082,20240402,M100037,20240211,CT106,耳そうじシート 40枚,1,9800,14
700083,20240728,M100037,20240211,CF102,総合栄養食 まぐろ 100g,1,980,11
700083,20240728,M100037,20240211,CT102,肉球バーム 10g,1,6800,11
700084,20241028,M100037,20240211,CT103,被毛ケアローション 190ml,1,1650,11
700084,20241028,M100037,20240211,CS104,減塩にぼし 500g,1,1280,11
700084,20241028,M100037,20240211,CS101,かつおチップス 200g,1,12000,11
700085,20241111,M100037,20240211,CS104,減塩にぼし 500g,1,1280,11
700086,20250619,M100037,20240211,CH106,腸内フローラ乳酸菌 60粒,1,12000,11
700087,20250825,M100038,20250817,CS101,かつおチップス 200g,2,24000,11
700088,20240227,M100039,20240219,CT104,もこもこ泡シャンプー 300ml,1,9800,11
700089,20250826,M100040,20250824,CS102,ささみチップス 200g,3,14940,11
700090,20251015,M100040,20250824,CE105,年間メンバーパス,2,9960,11
700091,20260602,M100040,20250824,CT104,もこもこ泡シャンプー 300ml,1,9800,11
700091,20260602,M100040,20250824,CT106,耳そうじシート 40枚,1,9800,11
700091,20260602,M100040,20250824,CS101,かつおチップス 200g,2,24000,11
700092,20240920,M100041,20240918,CT108,毛玉ケアジェル 60g,1,980,11
700092,20240920,M100041,20240918,CH106,腸内フローラ乳酸菌 60粒,1,12000,11
700093,20250304,M100041,20240918,CT106,耳そうじシート 40枚,2,19600,11
700094,20240817,M100042,20240723,CS104,減塩にぼし 500g,1,1280,11
700094,20240817,M100042,20240723,CS101,かつおチップス 200g,1,12000,11
700094,20240817,M100042,20240723,CT106,耳そうじシート 40枚,2,19600,11
700095,20240918,M100042,20240723,CT108,毛玉ケアジェル 60g,1,980,11
700095,20240918,M100042,20240723,CT104,もこもこ泡シャンプー 300ml,1,9800,11
700096,20241106,M100042,20240723,CE105,年間メンバーパス,1,4980,11
700096,20241106,M100042,20240723,CT106,耳そうじシート 40枚,1,9800,11
700096,20241106,M100042,20240723,CT102,肉球バーム 10g,1,6800,11
700097,20241214,M100042,20240723,CT106,耳そうじシート 40枚,1,9800,11
700097,20241214,M100042,20240723,CS101,かつおチップス 200g,2,24000,11
700097,20241214,M100042,20240723,CH106,腸内フローラ乳酸菌 60粒,2,24000,11
700098,20250419,M100042,20240723,CE105,年間メンバーパス,1,4980,09
700098,20250419,M100042,20240723,CF102,総合栄養食 まぐろ 100g,1,980,09
700099,20250612,M100042,20240723,CE102,しつけ教室チケット S,2,13600,11
700100,20251123,M100042,20240723,CT106,耳そうじシート 40枚,1,9800,11
700100,20251123,M100042,20240723,CS101,かつおチップス 200g,2,24000,11
700101,20260228,M100042,20240723,CS104,減塩にぼし 500g,1,1280,11
700101,20260228,M100042,20240723,CT104,もこもこ泡シャンプー 300ml,1,9800,11
700101,20260228,M100042,20240723,CT102,肉球バーム 10g,1,6800,11
700102,20260326,M100043,20260308,CT106,耳そうじシート 40枚,2,19600,11
700103,20260427,M100043,20260308,CT106,耳そうじシート 40枚,1,9800,11
700103,20260427,M100043,20260308,CF106,フードストッカー 1L,1,3800,11
700104,20241218,M100044,20241126,CE105,年間メンバーパス,1,4980,11
700104,20241218,M100044,20241126,CS104,減塩にぼし 500g,1,1280,11
700104,20241218,M100044,20241126,CS101,かつおチップス 200g,1,12000,11
700105,20240111,M100045,20170709,CT104,もこもこ泡シャンプー 300ml,1,9800,11
700106,20240830,M100046,20240824,CS104,減塩にぼし 500g,1,1280,11
700106,20240830,M100046,20240824,CE105,年間メンバーパス,1,4980,11
700106,20240830,M100046,20240824,CT103,被毛ケアローション 190ml,1,1650,11
700106,20240830,M100046,20240824,CS101,かつおチップス 200g,1,12000,11
700107,20241224,M100046,20240824,CT108,毛玉ケアジェル 60g,1,980,11
700107,20241224,M100046,20240824,CS101,かつおチップス 200g,1,12000,11
700108,20241117,M100047,20241116,CT104,もこもこ泡シャンプー 300ml,1,9800,11
700109,20241117,M100048,20241110,CS104,減塩にぼし 500g,1,1280,11
700109,20241117,M100048,20241110,CT104,もこもこ泡シャンプー 300ml,1,9800,11
700110,20250201,M100048,20241110,CH101,猫用マルチビタミン 180粒,1,980,11
700110,20250201,M100048,20241110,CT103,被毛ケアローション 190ml,1,1650,11
700110,20250201,M100048,20241110,CF104,給水器フィルター,2,2560,11
700111,20250226,M100048,20241110,CS101,かつおチップス 200g,1,12000,11
700112,20250403,M100048,20241110,CS104,減塩にぼし 500g,1,1280,11
700113,20260530,M100049,20260525,CT104,もこもこ泡シャンプー 300ml,1,9800,11
700113,20260530,M100049,20260525,CF102,総合栄養食 まぐろ 100g,1,980,11
700114,20250816,M100050,20250812,CS101,かつおチップス 200g,1,12000,11
700115,20251115,M100050,20250812,CT103,被毛ケアローション 190ml,1,1650,11
700115,20251115,M100050,20250812,CS101,かつおチップス 200g,1,12000,11
700116,20240630,M100051,20240616,CT104,もこもこ泡シャンプー 300ml,1,9800,11
700117,20240709,M100051,20240616,CT101,肉球バーム 100g,1,1650,11
700118,20250415,M100052,20250406,CE105,年間メンバーパス,1,4980,11
700118,20250415,M100052,20250406,CT106,耳そうじシート 40枚,1,9800,11
700118,20250415,M100052,20250406,CT104,もこもこ泡シャンプー 300ml,1,9800,11
700119,20250429,M100052,20250406,CT106,耳そうじシート 40枚,2,19600,11
700120,20250112,M100053,20250101,CF102,総合栄養食 まぐろ 100g,1,980,11
700120,20250112,M100053,20250101,CE105,年間メンバーパス,3,14940,11
700121,20240109,M100054,20231120,CS101,かつおチップス 200g,1,12000,11
700122,20240715,M100054,20231120,CT108,毛玉ケアジェル 60g,1,980,11
700122,20240715,M100054,20231120,CS101,かつおチップス 200g,1,12000,11
700123,20251211,M100055,20251116,CE105,年間メンバーパス,1,4980,09
700123,20251211,M100055,20251116,CS104,減塩にぼし 500g,1,1280,09
700123,20251211,M100055,20251116,CT106,耳そうじシート 40枚,1,9800,09
700124,20251025,M100056,20250930,CT108,毛玉ケアジェル 60g,1,980,11
700124,20251025,M100056,20250930,CF101,総合栄養食 まぐろ 500g,1,12000,11
700125,20240603,M100057,20240515,CS101,かつおチップス 200g,1,12000,11
700126,20240917,M100057,20240515,CS101,かつおチップス 200g,2,24000,11
700126,20240917,M100057,20240515,CF104,給水器フィルター,1,1280,11
700126,20240917,M100057,20240515,CH102,毛玉ケアパウダー 180回分,1,1650,11
700127,20241007,M100057,20240515,CT108,毛玉ケアジェル 60g,1,980,11
700127,20241007,M100057,20240515,CT104,もこもこ泡シャンプー 300ml,1,9800,11
700127,20241007,M100057,20240515,CT103,被毛ケアローション 190ml,1,1650,11
700128,20240705,M100058,20240626,CF102,総合栄養食 まぐろ 100g,1,980,11
700129,20251120,M100059,20251029,CS101,かつおチップス 200g,1,12000,09
700130,20260210,M100059,20251029,CT106,耳そうじシート 40枚,1,9800,11
700131,20260105,M100060,20251225,CH102,毛玉ケアパウダー 180回分,3,4950,11
700132,20260402,M100061,20260325,CS101,かつおチップス 200g,1,12000,11
700132,20260402,M100061,20260325,CT104,もこもこ泡シャンプー 300ml,2,19600,11
700132,20260402,M100061,20260325,CT106,耳そうじシート 40枚,1,9800,11
700133,20260503,M100061,20260325,CT102,肉球バーム 10g,1,6800,11
700133,20260503,M100061,20260325,CT108,毛玉ケアジェル 60g,2,1960,11
700134,20260516,M100061,20260325,CS103,またたびスティック 30本,1,3800,11
700134,20260516,M100061,20260325,CT106,耳そうじシート 40枚,2,19600,11
700135,20241111,M100062,20241019,CS103,またたびスティック 30本,1,3800,11
700136,20250929,M100063,20250917,CT106,耳そうじシート 40枚,2,19600,14
700136,20250929,M100063,20250917,CT102,肉球バーム 10g,1,6800,14
700137,20250716,M100064,20250705,CT104,もこもこ泡シャンプー 300ml,1,9800,11
700138,20251028,M100064,20250705,CT106,耳そうじシート 40枚,1,9800,11
700139,20251215,M100064,20250705,CT102,肉球バーム 10g,1,6800,11
700139,20251215,M100064,20250705,CT106,耳そうじシート 40枚,1,9800,11
700140,20251222,M100064,20250705,CT106,耳そうじシート 40枚,2,19600,11
700141,20231230,M100065,20171201,CE105,年間メンバーパス,1,4980,11
700142,20240214,M100065,20171201,CT106,耳そうじシート 40枚,1,9800,11
700142,20240214,M100065,20171201,CS101,かつおチップス 200g,1,12000,11
700142,20240214,M100065,20171201,CT104,もこもこ泡シャンプー 300ml,2,19600,11
700143,20240704,M100065,20171201,CT104,もこもこ泡シャンプー 300ml,1,9800,11
700143,20240704,M100065,20171201,CS104,減塩にぼし 500g,3,3840,11
700143,20240704,M100065,20171201,CS101,かつおチップス 200g,1,12000,11
700144,20251119,M100066,20251027,CE103,グルーミング講座,3,11400,11
700145,20260130,M100066,20251027,CT104,もこもこ泡シャンプー 300ml,1,9800,11
700146,20260217,M100066,20251027,CE105,年間メンバーパス,1,4980,11
700147,20240109,M100067,20230525,CT106,耳そうじシート 40枚,1,9800,14
700148,20240715,M100068,20240622,CT103,被毛ケアローション 190ml,1,1650,11
700148,20240715,M100068,20240622,CE105,年間メンバーパス,1,4980,11
700148,20240715,M100068,20240622,CS104,減塩にぼし 500g,1,1280,11
700149,20240117,M100069,20240101,CT106,耳そうじシート 40枚,3,29400,11
700149,20240117,M100069,20240101,CT103,被毛ケアローション 190ml,1,1650,11
700149,20240117,M100069,20240101,CS101,かつおチップス 200g,1,12000,11
700149,20240117,M100069,20240101,CS104,減塩にぼし 500g,1,1280,11
700150,20240702,M100069,20240101,CF105,竹のフードスクープ,1,980,11
700151,20240830,M100069,20240101,CT106,耳そうじシート 40枚,1,9800,11
700151,20240830,M100069,20240101,CS104,減塩にぼし 500g,1,1280,11
700152,20241005,M100069,20240101,CT102,肉球バーム 10g,1,6800,11
700153,20240813,M100070,20240729,CH103,関節ケアコラーゲン 250g,1,980,11
700153,20240813,M100070,20240729,CT106,耳そうじシート 40枚,1,9800,11
700154,20240929,M100070,20240729,CF101,総合栄養食 まぐろ 500g,1,12000,11
700154,20240929,M100070,20240729,CS103,またたびスティック 30本,1,3800,11
700154,20240929,M100070,20240729,CE103,グルーミング講座,1,3800,11
700155,20250117,M100070,20240729,CT108,毛玉ケアジェル 60g,1,980,11
700155,20250117,M100070,20240729,CF102,総合栄養食 まぐろ 100g,1,980,11
700156,20260419,M100071,20260411,CE103,グルーミング講座,1,3800,14
700157,20260525,M100071,20260411,CS101,かつおチップス 200g,1,12000,11
700158,20260204,M100072,20260112,CS104,減塩にぼし 500g,1,1280,11
700158,20260204,M100072,20260112,CT108,毛玉ケアジェル 60g,1,980,11
700158,20260204,M100072,20260112,CS103,またたびスティック 30本,1,3800,11
700159,20260213,M100072,20260112,CT106,耳そうじシート 40枚,1,9800,11
700160,20260224,M100072,20260112,CS101,かつおチップス 200g,1,12000,11
700160,20260224,M100072,20260112,CT104,もこもこ泡シャンプー 300ml,1,9800,11
700161,20260522,M100072,20260112,CT102,肉球バーム 10g,1,6800,11
700161,20260522,M100072,20260112,CH102,毛玉ケアパウダー 180回分,1,1650,11
700161,20260522,M100072,20260112,CS101,かつおチップス 200g,1,12000,11
700162,20240101,M100073,20210810,CT104,もこもこ泡シャンプー 300ml,2,19600,11
700162,20240101,M100073,20210810,CS104,減塩にぼし 500g,1,1280,11
700163,20240112,M100073,20210810,CS101,かつおチップス 200g,1,12000,11
700164,20250705,M100074,20250612,CE105,年間メンバーパス,1,4980,11
700164,20250705,M100074,20250612,CT108,毛玉ケアジェル 60g,1,980,11
700165,20260114,M100075,20251224,CT104,もこもこ泡シャンプー 300ml,1,9800,11
700166,20251025,M100076,20251019,CT106,耳そうじシート 40枚,1,9800,11
700166,20251025,M100076,20251019,CT108,毛玉ケアジェル 60g,1,980,11
700167,20260314,M100076,20251019,CT102,肉球バーム 10g,3,20400,11
700167,20260314,M100076,20251019,CS103,またたびスティック 30本,1,3800,11
700168,20260326,M100076,20251019,CS104,減塩にぼし 500g,1,1280,11
700168,20260326,M100076,20251019,CT106,耳そうじシート 40枚,1,9800,11
700168,20260326,M100076,20251019,CE105,年間メンバーパス,1,4980,11
700169,20250904,M100077,20250830,CS101,かつおチップス 200g,1,12000,11
700169,20250904,M100077,20250830,CH102,毛玉ケアパウダー 180回分,1,1650,11
700169,20250904,M100077,20250830,CS104,減塩にぼし 500g,1,1280,11
700169,20250904,M100077,20250830,CT104,もこもこ泡シャンプー 300ml,1,9800,11
700170,20251012,M100077,20250830,CT104,もこもこ泡シャンプー 300ml,1,9800,11
700170,20251012,M100077,20250830,CT106,耳そうじシート 40枚,1,9800,11
700171,20260108,M100077,20250830,CT104,もこもこ泡シャンプー 300ml,3,29400,11
700171,20260108,M100077,20250830,CS104,減塩にぼし 500g,1,1280,11
700171,20260108,M100077,20250830,CT106,耳そうじシート 40枚,1,9800,11
700172,20260405,M100077,20250830,CT106,耳そうじシート 40枚,1,9800,11
700173,20250228,M100078,20250225,CE102,しつけ教室チケット S,1,6800,11
700173,20250228,M100078,20250225,CS104,減塩にぼし 500g,2,2560,11
700174,20241110,M100079,20241110,CT106,耳そうじシート 40枚,1,9800,11
700174,20241110,M100079,20241110,CS104,減塩にぼし 500g,3,3840,11
700175,20241217,M100079,20241110,CT106,耳そうじシート 40枚,1,9800,11
700176,20260118,M100080,20251230,CS104,減塩にぼし 500g,1,1280,11
700177,20260217,M100080,20251230,CS104,減塩にぼし 500g,1,1280,11
700177,20260217,M100080,20251230,CT102,肉球バーム 10g,2,13600,11
700178,20250322,M100081,20250308,CT104,もこもこ泡シャンプー 300ml,1,9800,11
700179,20250514,M100081,20250308,CS103,またたびスティック 30本,1,3800,11
700180,20250709,M100081,20250308,CS104,減塩にぼし 500g,2,2560,11
700180,20250709,M100081,20250308,CT106,耳そうじシート 40枚,2,19600,11
700180,20250709,M100081,20250308,CE105,年間メンバーパス,1,4980,11
700181,20250929,M100081,20250308,CT102,肉球バーム 10g,1,6800,11
700181,20250929,M100081,20250308,CE105,年間メンバーパス,2,9960,11
700182,20260226,M100081,20250308,CT108,毛玉ケアジェル 60g,1,980,11
700183,20260311,M100081,20250308,CT104,もこもこ泡シャンプー 300ml,1,9800,11
700183,20260311,M100081,20250308,CT108,毛玉ケアジェル 60g,1,980,11
700184,20260516,M100082,20260421,CT102,肉球バーム 10g,1,6800,11
700184,20260516,M100082,20260421,CS101,かつおチップス 200g,1,12000,11
700185,20260528,M100082,20260421,CF101,総合栄養食 まぐろ 500g,1,12000,11
700186,20240112,M100083,20240105,CS104,減塩にぼし 500g,1,1280,11
700186,20240112,M100083,20240105,CF102,総合栄養食 まぐろ 100g,1,980,11
700187,20250609,M100084,20250602,CT102,肉球バーム 10g,1,6800,11
700188,20250820,M100085,20250803,CS102,ささみチップス 200g,1,4980,11
700189,20241014,M100086,20240919,CH102,毛玉ケアパウダー 180回分,1,1650,11
700189,20241014,M100086,20240919,CT103,被毛ケアローション 190ml,1,1650,11
700189,20241014,M100086,20240919,CT106,耳そうじシート 40枚,3,29400,11
700190,20250213,M100086,20240919,CE105,年間メンバーパス,1,4980,11
700191,20250224,M100086,20240919,CT104,もこもこ泡シャンプー 300ml,1,9800,11
700192,20240127,M100087,20240117,CS103,またたびスティック 30本,1,3800,11
700193,20240115,M100088,20180706,CT104,もこもこ泡シャンプー 300ml,1,9800,11
700194,20240512,M100088,20180706,CT102,肉球バーム 10g,1,6800,11
700195,20240703,M100088,20180706,CS104,減塩にぼし 500g,1,1280,11
700196,20240111,M100089,20191013,CH101,猫用マルチビタミン 180粒,3,2940,11
700196,20240111,M100089,20191013,CS104,減塩にぼし 500g,1,1280,11
700197,20240322,M100089,20191013,CT104,もこもこ泡シャンプー 300ml,1,9800,11
700197,20240322,M100089,20191013,CE105,年間メンバーパス,1,4980,11
700197,20240322,M100089,20191013,CS104,減塩にぼし 500g,2,2560,11
700198,20240524,M100090,20240513,CE105,年間メンバーパス,3,14940,11
700199,20240824,M100090,20240513,CT104,もこもこ泡シャンプー 300ml,1,9800,11
700200,20241013,M100090,20240513,CS104,減塩にぼし 500g,3,3840,11
700201,20250105,M100090,20240513,CS104,減塩にぼし 500g,1,1280,11
700201,20250105,M100090,20240513,CT106,耳そうじシート 40枚,3,29400,11
700201,20250105,M100090,20240513,CS105,ミルク仕立ておやつ 300g,2,1960,11
700202,20240109,M100091,20190222,CH102,毛玉ケアパウダー 180回分,1,1650,11
700203,20240406,M100091,20190222,CS104,減塩にぼし 500g,1,1280,11
700204,20240107,M100092,20221018,CT103,被毛ケアローション 190ml,1,1650,11
700205,20260511,M100093,20260417,CT104,もこもこ泡シャンプー 300ml,1,9800,11
700205,20260511,M100093,20260417,CE105,年間メンバーパス,1,4980,11
700206,20250713,M100094,20250711,CT106,耳そうじシート 40枚,3,29400,11
700206,20250713,M100094,20250711,CT104,もこもこ泡シャンプー 300ml,1,9800,11
700207,20260329,M100094,20250711,CT104,もこもこ泡シャンプー 300ml,1,9800,09
700208,20260208,M100095,20260124,CT106,耳そうじシート 40枚,1,9800,11
700209,20260328,M100095,20260124,CT104,もこもこ泡シャンプー 300ml,2,19600,11
700209,20260328,M100095,20260124,CT102,肉球バーム 10g,1,6800,11
700210,20250601,M100096,20250528,CT108,毛玉ケアジェル 60g,1,980,14
700210,20250601,M100096,20250528,CT104,もこもこ泡シャンプー 300ml,1,9800,14
700210,20250601,M100096,20250528,CT102,肉球バーム 10g,1,6800,14
700211,20250802,M100096,20250528,CS104,減塩にぼし 500g,1,1280,11
700212,20260202,M100096,20250528,CT106,耳そうじシート 40枚,1,9800,11
700212,20260202,M100096,20250528,CT104,もこもこ泡シャンプー 300ml,1,9800,11
700213,20260520,M100097,20260506,CS104,減塩にぼし 500g,1,1280,11
700214,20240201,M100098,20240110,CT106,耳そうじシート 40枚,1,9800,11
700215,20240322,M100099,20240310,CS101,かつおチップス 200g,3,36000,11
700216,20240410,M100099,20240310,CT104,もこもこ泡シャンプー 300ml,1,9800,09
700217,20240609,M100099,20240310,CS101,かつおチップス 200g,1,12000,14
700218,20240625,M100099,20240310,CH105,鉄分＋葉酸タブレット 90粒,1,1280,14
700218,20240625,M100099,20240310,CH106,腸内フローラ乳酸菌 60粒,1,12000,14
700218,20240625,M100099,20240310,CT104,もこもこ泡シャンプー 300ml,1,9800,14
700218,20240625,M100099,20240310,CH104,オメガ3ソフトカプセル 120粒,1,980,14
700219,20240810,M100099,20240310,CT108,毛玉ケアジェル 60g,1,980,11
700220,20250425,M100099,20240310,CT108,毛玉ケアジェル 60g,2,1960,11
700221,20251001,M100099,20240310,CT106,耳そうじシート 40枚,1,9800,11
700222,20251115,M100099,20240310,CS101,かつおチップス 200g,1,12000,11
700222,20251115,M100099,20240310,CT108,毛玉ケアジェル 60g,3,2940,11
700223,20260206,M100100,20260126,CT103,被毛ケアローション 190ml,1,1650,11
700224,20260331,M100100,20260126,CS104,減塩にぼし 500g,3,3840,11
700225,20250308,M100101,20250226,CS101,かつおチップス 200g,1,12000,11
700225,20250308,M100101,20250226,CT104,もこもこ泡シャンプー 300ml,1,9800,11
700226,20250530,M100101,20250226,CS103,またたびスティック 30本,2,7600,11
700227,20240105,M100102,20200116,CT106,耳そうじシート 40枚,2,19600,11
700228,20240601,M100103,20240515,CT106,耳そうじシート 40枚,1,9800,14
700229,20260405,M100104,20260328,CT104,もこもこ泡シャンプー 300ml,2,19600,11
700229,20260405,M100104,20260328,CE105,年間メンバーパス,1,4980,11
700230,20260511,M100104,20260328,CH102,毛玉ケアパウダー 180回分,1,1650,11
700230,20260511,M100104,20260328,CH104,オメガ3ソフトカプセル 120粒,1,980,11
700231,20251221,M100105,20251221,CT103,被毛ケアローション 190ml,2,3300,11
700232,20260226,M100105,20251221,CT106,耳そうじシート 40枚,1,9800,11
700233,20250506,M100106,20250428,CT104,もこもこ泡シャンプー 300ml,3,29400,14
700233,20250506,M100106,20250428,CF101,総合栄養食 まぐろ 500g,1,12000,14
700234,20240731,M100107,20240713,CT102,肉球バーム 10g,1,6800,11
700234,20240731,M100107,20240713,CH102,毛玉ケアパウダー 180回分,1,1650,11
700234,20240731,M100107,20240713,CT106,耳そうじシート 40枚,1,9800,11
700234,20240731,M100107,20240713,CS101,かつおチップス 200g,2,24000,11
700235,20240823,M100107,20240713,CT106,耳そうじシート 40枚,1,9800,11
700236,20250902,M100107,20240713,CS104,減塩にぼし 500g,1,1280,11
700237,20240329,M100108,20240309,CE105,年間メンバーパス,1,4980,11
700237,20240329,M100108,20240309,CS104,減塩にぼし 500g,1,1280,11
700237,20240329,M100108,20240309,CE102,しつけ教室チケット S,1,6800,11
700237,20240329,M100108,20240309,CT104,もこもこ泡シャンプー 300ml,1,9800,11
700238,20240515,M100108,20240309,CT101,肉球バーム 100g,1,1650,11
700238,20240515,M100108,20240309,CT106,耳そうじシート 40枚,1,9800,11
700239,20240616,M100108,20240309,CT104,もこもこ泡シャンプー 300ml,1,9800,14
700239,20240616,M100108,20240309,CT102,肉球バーム 10g,1,6800,14
700240,20240630,M100108,20240309,CT106,耳そうじシート 40枚,1,9800,11
700240,20240630,M100108,20240309,CF101,総合栄養食 まぐろ 500g,1,12000,11
700241,20240203,M100109,20240113,CT104,もこもこ泡シャンプー 300ml,1,9800,11
700242,20240324,M100109,20240113,CT108,毛玉ケアジェル 60g,1,980,11
700242,20240324,M100109,20240113,CT106,耳そうじシート 40枚,2,19600,11
700243,20241211,M100109,20240113,CT108,毛玉ケアジェル 60g,1,980,11
700243,20241211,M100109,20240113,CT106,耳そうじシート 40枚,1,9800,11
700244,20241229,M100109,20240113,CT103,被毛ケアローション 190ml,1,1650,11
700244,20241229,M100109,20240113,CF101,総合栄養食 まぐろ 500g,1,12000,11
700244,20241229,M100109,20240113,CT106,耳そうじシート 40枚,2,19600,11
700245,20251227,M100110,20251207,CH102,毛玉ケアパウダー 180回分,1,1650,11
700246,20260114,M100110,20251207,CS101,かつおチップス 200g,1,12000,11
700247,20250201,M100111,20250121,CF102,総合栄養食 まぐろ 100g,1,980,11
700248,20231224,M100112,20180704,CT106,耳そうじシート 40枚,2,19600,11
700248,20231224,M100112,20180704,CT104,もこもこ泡シャンプー 300ml,3,29400,11
700249,20240413,M100112,20180704,CT103,被毛ケアローション 190ml,1,1650,11
700250,20240617,M100112,20180704,CT104,もこもこ泡シャンプー 300ml,2,19600,11
700251,20240708,M100112,20180704,CE105,年間メンバーパス,2,9960,11
700251,20240708,M100112,20180704,CE104,オンライン相談パス,1,2200,11
700251,20240708,M100112,20180704,CS101,かつおチップス 200g,2,24000,11
700252,20251014,M100113,20251005,CT106,耳そうじシート 40枚,1,9800,11
700252,20251014,M100113,20251005,CT102,肉球バーム 10g,1,6800,11
700253,20250926,M100114,20250905,CS104,減塩にぼし 500g,1,1280,11
700253,20250926,M100114,20250905,CH105,鉄分＋葉酸タブレット 90粒,1,1280,11
700254,20251224,M100114,20250905,CT102,肉球バーム 10g,1,6800,11
700254,20251224,M100114,20250905,CT108,毛玉ケアジェル 60g,3,2940,11
700255,20260104,M100114,20250905,CT106,耳そうじシート 40枚,1,9800,11
700256,20260118,M100114,20250905,CS104,減塩にぼし 500g,1,1280,14
700256,20260118,M100114,20250905,CS101,かつおチップス 200g,1,12000,14
700256,20260118,M100114,20250905,CT102,肉球バーム 10g,1,6800,14
700257,20260126,M100114,20250905,CE105,年間メンバーパス,1,4980,11
700258,20260207,M100114,20250905,CT102,肉球バーム 10g,2,13600,11
700259,20260411,M100114,20250905,CT106,耳そうじシート 40枚,1,9800,11
700259,20260411,M100114,20250905,CT104,もこもこ泡シャンプー 300ml,1,9800,11
700260,20250921,M100115,20250917,CF103,陶器のごはん皿 S,1,1650,11
700261,20240914,M100116,20240903,CT106,耳そうじシート 40枚,1,9800,11
700262,20240116,M100117,20240114,CE105,年間メンバーパス,2,9960,11
700262,20240116,M100117,20240114,CF103,陶器のごはん皿 S,2,3300,11
700263,20240327,M100117,20240114,CT103,被毛ケアローション 190ml,2,3300,11
700264,20250217,M100118,20250201,CS104,減塩にぼし 500g,1,1280,11
700265,20250302,M100118,20250201,CT102,肉球バーム 10g,1,6800,11
700265,20250302,M100118,20250201,CS101,かつおチップス 200g,1,12000,11
700266,20250316,M100118,20250201,CS101,かつおチップス 200g,1,12000,11
700267,20250323,M100118,20250201,CT102,肉球バーム 10g,1,6800,11
700268,20250816,M100118,20250201,CT102,肉球バーム 10g,1,6800,11
700268,20250816,M100118,20250201,CT106,耳そうじシート 40枚,1,9800,11
700269,20251216,M100119,20251130,CE102,しつけ教室チケット S,1,6800,11
700270,20260120,M100119,20251130,CS105,ミルク仕立ておやつ 300g,1,980,11
700270,20260120,M100119,20251130,CE105,年間メンバーパス,1,4980,11
700271,20260403,M100119,20251130,CT104,もこもこ泡シャンプー 300ml,1,9800,11
700272,20260424,M100119,20251130,CT103,被毛ケアローション 190ml,1,1650,11
700273,20260531,M100119,20251130,CS105,ミルク仕立ておやつ 300g,1,980,09
700273,20260531,M100119,20251130,CS102,ささみチップス 200g,1,4980,09
700274,20260428,M100120,20260406,CT104,もこもこ泡シャンプー 300ml,1,9800,11
700274,20260428,M100120,20260406,CF101,総合栄養食 まぐろ 500g,1,12000,11
700275,20240214,M100121,20240205,CT102,肉球バーム 10g,1,6800,11
700276,20240407,M100121,20240205,CT106,耳そうじシート 40枚,1,9800,09
700277,20240428,M100121,20240205,CS104,減塩にぼし 500g,1,1280,11
700277,20240428,M100121,20240205,CT108,毛玉ケアジェル 60g,1,980,11
700278,20240628,M100121,20240205,CT104,もこもこ泡シャンプー 300ml,1,9800,11
700279,20241214,M100121,20240205,CS101,かつおチップス 200g,1,12000,11
700279,20241214,M100121,20240205,CT106,耳そうじシート 40枚,3,29400,11
700280,20250102,M100122,20250102,CT106,耳そうじシート 40枚,1,9800,11
700280,20250102,M100122,20250102,CS104,減塩にぼし 500g,1,1280,11
700281,20250117,M100122,20250102,CT103,被毛ケアローション 190ml,1,1650,11
700282,20250528,M100122,20250102,CS101,かつおチップス 200g,1,12000,11
700283,20240826,M100123,20240821,CT104,もこもこ泡シャンプー 300ml,3,29400,11
700283,20240826,M100123,20240821,CT103,被毛ケアローション 190ml,1,1650,11
700284,20240310,M100124,20240302,CS101,かつおチップス 200g,1,12000,11
700285,20240229,M100125,20240227,CS104,減塩にぼし 500g,1,1280,11
700286,20250107,M100126,20241226,CS103,またたびスティック 30本,1,3800,11
700287,20250207,M100126,20241226,CT104,もこもこ泡シャンプー 300ml,1,9800,11
700288,20250313,M100126,20241226,CT106,耳そうじシート 40枚,1,9800,11
700289,20250727,M100127,20250720,CS101,かつおチップス 200g,1,12000,11
700289,20250727,M100127,20250720,CT102,肉球バーム 10g,1,6800,11
700290,20250930,M100127,20250720,CS101,かつおチップス 200g,1,12000,11
700291,20251018,M100127,20250720,CS103,またたびスティック 30本,1,3800,11
700291,20251018,M100127,20250720,CE102,しつけ教室チケット S,1,6800,11
700292,20260125,M100127,20250720,CT106,耳そうじシート 40枚,1,9800,11
700292,20260125,M100127,20250720,CS101,かつおチップス 200g,1,12000,11
700293,20240115,M100128,20230218,CS101,かつおチップス 200g,1,12000,11
700293,20240115,M100128,20230218,CS104,減塩にぼし 500g,1,1280,11
700294,20240226,M100128,20230218,CS101,かつおチップス 200g,1,12000,11
700295,20231230,M100129,20231215,CH106,腸内フローラ乳酸菌 60粒,1,12000,11
700295,20231230,M100129,20231215,CT102,肉球バーム 10g,1,6800,11
700295,20231230,M100129,20231215,CS104,減塩にぼし 500g,2,2560,11
700296,20240118,M100129,20231215,CS104,減塩にぼし 500g,2,2560,11
700296,20240118,M100129,20231215,CS102,ささみチップス 200g,1,4980,11
700296,20240118,M100129,20231215,CE104,オンライン相談パス,1,2200,11
700297,20240402,M100129,20231215,CS104,減塩にぼし 500g,1,1280,11
700298,20240505,M100129,20231215,CT106,耳そうじシート 40枚,1,9800,11
700299,20240327,M100130,20240307,CT104,もこもこ泡シャンプー 300ml,1,9800,11
700300,20240711,M100130,20240307,CT108,毛玉ケアジェル 60g,1,980,11
700300,20240711,M100130,20240307,CT106,耳そうじシート 40枚,1,9800,11
700301,20240807,M100130,20240307,CE102,しつけ教室チケット S,1,6800,11
700302,20240423,M100131,20240419,CT104,もこもこ泡シャンプー 300ml,1,9800,11
700303,20250422,M100132,20250418,CS101,かつおチップス 200g,2,24000,11
700304,20250701,M100132,20250418,CH103,関節ケアコラーゲン 250g,1,980,11
700305,20260302,M100133,20260228,CT104,もこもこ泡シャンプー 300ml,2,19600,11
700306,20260323,M100133,20260228,CE105,年間メンバーパス,1,4980,11
700306,20260323,M100133,20260228,CS104,減塩にぼし 500g,1,1280,11
700307,20260411,M100133,20260228,CS103,またたびスティック 30本,1,3800,11
700307,20260411,M100133,20260228,CH102,毛玉ケアパウダー 180回分,3,4950,11
700307,20260411,M100133,20260228,CT104,もこもこ泡シャンプー 300ml,2,19600,11
700307,20260411,M100133,20260228,CS101,かつおチップス 200g,1,12000,11
700308,20250204,M100134,20250201,CS101,かつおチップス 200g,1,12000,11
700309,20251006,M100134,20250201,CH102,毛玉ケアパウダー 180回分,1,1650,11
700309,20251006,M100134,20250201,CE105,年間メンバーパス,1,4980,11
700309,20251006,M100134,20250201,CT106,耳そうじシート 40枚,1,9800,11
700310,20260127,M100134,20250201,CT106,耳そうじシート 40枚,1,9800,11
700311,20240402,M100135,20240330,CT106,耳そうじシート 40枚,2,19600,11
700312,20250214,M100136,20250120,CT104,もこもこ泡シャンプー 300ml,3,29400,14
700313,20250407,M100136,20250120,CT104,もこもこ泡シャンプー 300ml,1,9800,11
700313,20250407,M100136,20250120,CE103,グルーミング講座,1,3800,11
700314,20260316,M100137,20260220,CT102,肉球バーム 10g,2,13600,11
700315,20260423,M100137,20260220,CT106,耳そうじシート 40枚,1,9800,11
700315,20260423,M100137,20260220,CH101,猫用マルチビタミン 180粒,1,980,11
700315,20260423,M100137,20260220,CF102,総合栄養食 まぐろ 100g,1,980,11
700315,20260423,M100137,20260220,CT104,もこもこ泡シャンプー 300ml,1,9800,11
700316,20260424,M100138,20260416,CT102,肉球バーム 10g,1,6800,11
700316,20260424,M100138,20260416,CT106,耳そうじシート 40枚,3,29400,11
700317,20241008,M100139,20240916,CT108,毛玉ケアジェル 60g,1,980,11
700317,20241008,M100139,20240916,CS104,減塩にぼし 500g,1,1280,11
700318,20250219,M100139,20240916,CE105,年間メンバーパス,1,4980,11
700319,20250316,M100139,20240916,CT106,耳そうじシート 40枚,1,9800,11
700319,20250316,M100139,20240916,CS101,かつおチップス 200g,1,12000,11
700320,20250517,M100139,20240916,CT106,耳そうじシート 40枚,2,19600,11
700321,20250803,M100139,20240916,CT104,もこもこ泡シャンプー 300ml,1,9800,11
700322,20250213,M100140,20250201,CS101,かつおチップス 200g,3,36000,11
700323,20250612,M100140,20250201,CT106,耳そうじシート 40枚,1,9800,11
700323,20250612,M100140,20250201,CT104,もこもこ泡シャンプー 300ml,1,9800,11
700323,20250612,M100140,20250201,CS104,減塩にぼし 500g,1,1280,11
700324,20250823,M100140,20250201,CT102,肉球バーム 10g,2,13600,11
700324,20250823,M100140,20250201,CF102,総合栄養食 まぐろ 100g,1,980,11
700325,20241010,M100141,20240927,CT104,もこもこ泡シャンプー 300ml,2,19600,11
700326,20250716,M100142,20250623,CT102,肉球バーム 10g,1,6800,11
700327,20260216,M100142,20250623,CT106,耳そうじシート 40枚,1,9800,11
700328,20250308,M100143,20250306,CT106,耳そうじシート 40枚,1,9800,11
700329,20250910,M100144,20250817,CF102,総合栄養食 まぐろ 100g,1,980,11
700329,20250910,M100144,20250817,CS102,ささみチップス 200g,1,4980,11
700330,20250218,M100145,20250128,CE105,年間メンバーパス,1,4980,11
700331,20250806,M100145,20250128,CT103,被毛ケアローション 190ml,1,1650,11
700332,20260529,M100145,20250128,CT108,毛玉ケアジェル 60g,2,1960,11
700332,20260529,M100145,20250128,CT106,耳そうじシート 40枚,2,19600,11
700333,20250529,M100146,20250512,CT104,もこもこ泡シャンプー 300ml,1,9800,11
700334,20250708,M100146,20250512,CT102,肉球バーム 10g,1,6800,11
700334,20250708,M100146,20250512,CT104,もこもこ泡シャンプー 300ml,1,9800,11
700335,20250716,M100146,20250512,CH102,毛玉ケアパウダー 180回分,1,1650,09
700336,20250811,M100146,20250512,CS104,減塩にぼし 500g,1,1280,11
700336,20250811,M100146,20250512,CT108,毛玉ケアジェル 60g,1,980,11
700336,20250811,M100146,20250512,CE105,年間メンバーパス,1,4980,11
700337,20251123,M100146,20250512,CT103,被毛ケアローション 190ml,1,1650,11
700338,20251213,M100146,20250512,CT106,耳そうじシート 40枚,2,19600,11
700338,20251213,M100146,20250512,CT104,もこもこ泡シャンプー 300ml,1,9800,11
700339,20250701,M100147,20250701,CS103,またたびスティック 30本,1,3800,11
700340,20250718,M100147,20250701,CT108,毛玉ケアジェル 60g,1,980,11
700341,20231227,M100148,20161125,CT106,耳そうじシート 40枚,1,9800,11
700341,20231227,M100148,20161125,CH104,オメガ3ソフトカプセル 120粒,1,980,11
700342,20240813,M100148,20161125,CT103,被毛ケアローション 190ml,1,1650,11
700342,20240813,M100148,20161125,CS101,かつおチップス 200g,2,24000,11
700343,20231221,M100149,20181016,CT102,肉球バーム 10g,2,13600,11
700344,20240131,M100149,20181016,CH103,関節ケアコラーゲン 250g,1,980,11
700344,20240131,M100149,20181016,CF102,総合栄養食 まぐろ 100g,1,980,11
700344,20240131,M100149,20181016,CT106,耳そうじシート 40枚,1,9800,11
700345,20260110,M100150,20251226,CT104,もこもこ泡シャンプー 300ml,1,9800,11
700346,20251103,M100151,20251012,CT104,もこもこ泡シャンプー 300ml,2,19600,11
700347,20240104,M100152,20240103,CS101,かつおチップス 200g,1,12000,11
700348,20240729,M100152,20240103,CS101,かつおチップス 200g,2,24000,11
700349,20241009,M100152,20240103,CT104,もこもこ泡シャンプー 300ml,1,9800,11
700350,20241102,M100152,20240103,CE101,しつけ教室チケット A,1,2980,11
700351,20241201,M100152,20240103,CT102,肉球バーム 10g,1,6800,14
700351,20241201,M100152,20240103,CF101,総合栄養食 まぐろ 500g,1,12000,14
700351,20241201,M100152,20240103,CS104,減塩にぼし 500g,1,1280,14
700352,20241228,M100152,20240103,CT103,被毛ケアローション 190ml,1,1650,09
700352,20241228,M100152,20240103,CS104,減塩にぼし 500g,1,1280,09
700353,20250129,M100152,20240103,CE105,年間メンバーパス,1,4980,11
700354,20250321,M100152,20240103,CS104,減塩にぼし 500g,1,1280,11
700354,20250321,M100152,20240103,CS101,かつおチップス 200g,1,12000,11
700354,20250321,M100152,20240103,CT108,毛玉ケアジェル 60g,2,1960,11
700355,20260315,M100153,20260222,CT102,肉球バーム 10g,1,6800,11
700355,20260315,M100153,20260222,CE101,しつけ教室チケット A,1,2980,11
700356,20260519,M100153,20260222,CT108,毛玉ケアジェル 60g,2,1960,11
700356,20260519,M100153,20260222,CF105,竹のフードスクープ,1,980,11
700356,20260519,M100153,20260222,CS104,減塩にぼし 500g,1,1280,11
700356,20260519,M100153,20260222,CT104,もこもこ泡シャンプー 300ml,1,9800,11
700357,20260531,M100153,20260222,CT102,肉球バーム 10g,1,6800,14
700358,20240829,M100154,20240826,CS104,減塩にぼし 500g,2,2560,11
700359,20241022,M100154,20240826,CT103,被毛ケアローション 190ml,1,1650,11
700360,20241221,M100154,20240826,CH106,腸内フローラ乳酸菌 60粒,1,12000,11
700361,20250310,M100154,20240826,CS101,かつおチップス 200g,2,24000,11
700362,20250511,M100154,20240826,CE105,年間メンバーパス,1,4980,11
700362,20250511,M100154,20240826,CT106,耳そうじシート 40枚,2,19600,11
700363,20250616,M100154,20240826,CS101,かつおチップス 200g,1,12000,11
700363,20250616,M100154,20240826,CS104,減塩にぼし 500g,1,1280,11
700364,20250919,M100155,20250903,CT106,耳そうじシート 40枚,1,9800,11
700364,20250919,M100155,20250903,CT104,もこもこ泡シャンプー 300ml,3,29400,11
700365,20251013,M100155,20250903,CT103,被毛ケアローション 190ml,1,1650,11
700365,20251013,M100155,20250903,CE105,年間メンバーパス,1,4980,11
700365,20251013,M100155,20250903,CT106,耳そうじシート 40枚,1,9800,11
700366,20241228,M100156,20241205,CE105,年間メンバーパス,1,4980,11
700367,20231229,M100157,20190515,CF105,竹のフードスクープ,1,980,11
700368,20250330,M100158,20250318,CS101,かつおチップス 200g,1,12000,11
700369,20250814,M100158,20250318,CS104,減塩にぼし 500g,1,1280,11
700369,20250814,M100158,20250318,CT106,耳そうじシート 40枚,1,9800,11
700370,20250825,M100158,20250318,CS103,またたびスティック 30本,2,7600,11
700370,20250825,M100158,20250318,CT106,耳そうじシート 40枚,1,9800,11
700371,20251106,M100158,20250318,CT102,肉球バーム 10g,1,6800,11
700372,20250921,M100159,20250906,CT102,肉球バーム 10g,1,6800,11
700373,20251031,M100159,20250906,CE102,しつけ教室チケット S,1,6800,11
700373,20251031,M100159,20250906,CT104,もこもこ泡シャンプー 300ml,1,9800,11
700374,20260107,M100159,20250906,CS103,またたびスティック 30本,1,3800,11
700375,20260211,M100159,20250906,CS104,減塩にぼし 500g,1,1280,11
700375,20260211,M100159,20250906,CS101,かつおチップス 200g,2,24000,11
700376,20260224,M100159,20250906,CS101,かつおチップス 200g,1,12000,11
700377,20260325,M100159,20250906,CS101,かつおチップス 200g,3,36000,11
700377,20260325,M100159,20250906,CE105,年間メンバーパス,1,4980,11
700378,20260602,M100159,20250906,CS104,減塩にぼし 500g,1,1280,11
700378,20260602,M100159,20250906,CH102,毛玉ケアパウダー 180回分,1,1650,11
700378,20260602,M100159,20250906,CT104,もこもこ泡シャンプー 300ml,1,9800,11
700379,20250908,M100160,20250819,CS101,かつおチップス 200g,1,12000,11
700379,20250908,M100160,20250819,CS104,減塩にぼし 500g,1,1280,11
700380,20260419,M100160,20250819,CH106,腸内フローラ乳酸菌 60粒,1,12000,11
700381,20251216,M100161,20251215,CT106,耳そうじシート 40枚,1,9800,11
700382,20240205,M100162,20240125,CH103,関節ケアコラーゲン 250g,2,1960,11
700382,20240205,M100162,20240125,CS104,減塩にぼし 500g,1,1280,11
700383,20250504,M100163,20250417,CF102,総合栄養食 まぐろ 100g,1,980,11
700383,20250504,M100163,20250417,CT106,耳そうじシート 40枚,1,9800,11
700384,20250512,M100163,20250417,CT108,毛玉ケアジェル 60g,1,980,11
700384,20250512,M100163,20250417,CT102,肉球バーム 10g,1,6800,11
700384,20250512,M100163,20250417,CH102,毛玉ケアパウダー 180回分,1,1650,11
700385,20250603,M100163,20250417,CT102,肉球バーム 10g,2,13600,11
700386,20250726,M100163,20250417,CF102,総合栄養食 まぐろ 100g,2,1960,11
700386,20250726,M100163,20250417,CH102,毛玉ケアパウダー 180回分,2,3300,11
700387,20250526,M100164,20250503,CE101,しつけ教室チケット A,1,2980,11
700387,20250526,M100164,20250503,CS103,またたびスティック 30本,2,7600,11
700388,20251030,M100164,20250503,CT104,もこもこ泡シャンプー 300ml,1,9800,11
700389,20260122,M100164,20250503,CT106,耳そうじシート 40枚,1,9800,11
700390,20260410,M100165,20260320,CT104,もこもこ泡シャンプー 300ml,1,9800,11
700391,20250610,M100166,20250609,CS101,かつおチップス 200g,3,36000,11
700392,20251024,M100166,20250609,CE105,年間メンバーパス,2,9960,11
700393,20260119,M100166,20250609,CE102,しつけ教室チケット S,1,6800,11
700394,20240111,M100167,20180512,CT103,被毛ケアローション 190ml,1,1650,11
700395,20240106,M100168,20211219,CT107,デンタルジェル 50ml,1,1650,11
700395,20240106,M100168,20211219,CT106,耳そうじシート 40枚,1,9800,11
700395,20240106,M100168,20211219,CS101,かつおチップス 200g,1,12000,11
700396,20250205,M100169,20250131,CH102,毛玉ケアパウダー 180回分,3,4950,11
700397,20250225,M100169,20250131,CT106,耳そうじシート 40枚,1,9800,11
700398,20250428,M100169,20250131,CE103,グルーミング講座,1,3800,11
700399,20250517,M100169,20250131,CF103,陶器のごはん皿 S,1,1650,11
700400,20240114,M100170,20220620,CT106,耳そうじシート 40枚,1,9800,11
700400,20240114,M100170,20220620,CF102,総合栄養食 まぐろ 100g,1,980,11
700400,20240114,M100170,20220620,CT103,被毛ケアローション 190ml,1,1650,11
700401,20240522,M100170,20220620,CT104,もこもこ泡シャンプー 300ml,1,9800,11
700402,20240708,M100170,20220620,CT106,耳そうじシート 40枚,1,9800,11
700403,20240717,M100170,20220620,CS103,またたびスティック 30本,1,3800,11
700404,20240807,M100170,20220620,CF102,総合栄養食 まぐろ 100g,1,980,11
700405,20241011,M100170,20220620,CT106,耳そうじシート 40枚,1,9800,11
700406,20241023,M100170,20220620,CT106,耳そうじシート 40枚,3,29400,11
700406,20241023,M100170,20220620,CS103,またたびスティック 30本,1,3800,11
700407,20250116,M100170,20220620,CT102,肉球バーム 10g,1,6800,11
700408,20251210,M100171,20251203,CT108,毛玉ケアジェル 60g,2,1960,11
700409,20260123,M100171,20251203,CT106,耳そうじシート 40枚,1,9800,11
700410,20251119,M100172,20251110,CS104,減塩にぼし 500g,2,2560,11
700410,20251119,M100172,20251110,CT106,耳そうじシート 40枚,2,19600,11
700411,20260318,M100172,20251110,CE102,しつけ教室チケット S,1,6800,11
700411,20260318,M100172,20251110,CT106,耳そうじシート 40枚,1,9800,11
700412,20260419,M100172,20251110,CT104,もこもこ泡シャンプー 300ml,1,9800,11
700413,20260506,M100172,20251110,CE105,年間メンバーパス,2,9960,11
700414,20240108,M100173,20171001,CS101,かつおチップス 200g,1,12000,11
700415,20251203,M100174,20251128,CT106,耳そうじシート 40枚,1,9800,09
700416,20240809,M100175,20240801,CT108,毛玉ケアジェル 60g,1,980,11
700417,20260125,M100176,20260123,CT106,耳そうじシート 40枚,1,9800,11
700418,20241129,M100177,20241109,CT104,もこもこ泡シャンプー 300ml,1,9800,11
700419,20251016,M100178,20250923,CT106,耳そうじシート 40枚,2,19600,11
700420,20231225,M100179,20230604,CT102,肉球バーム 10g,1,6800,11
700420,20231225,M100179,20230604,CT106,耳そうじシート 40枚,1,9800,11
700421,20240415,M100179,20230604,CT103,被毛ケアローション 190ml,2,3300,11
700421,20240415,M100179,20230604,CS104,減塩にぼし 500g,1,1280,11
700422,20240815,M100179,20230604,CH102,毛玉ケアパウダー 180回分,1,1650,11
700422,20240815,M100179,20230604,CS104,減塩にぼし 500g,1,1280,11
700423,20250715,M100179,20230604,CT106,耳そうじシート 40枚,1,9800,11
700423,20250715,M100179,20230604,CE105,年間メンバーパス,1,4980,11
700424,20260505,M100179,20230604,CT104,もこもこ泡シャンプー 300ml,1,9800,11
700424,20260505,M100179,20230604,CS101,かつおチップス 200g,1,12000,11
700425,20250407,M100180,20250322,CS104,減塩にぼし 500g,1,1280,11
700426,20241103,M100181,20241023,CS104,減塩にぼし 500g,1,1280,11
700427,20240905,M100182,20240825,CT104,もこもこ泡シャンプー 300ml,1,9800,11
700427,20240905,M100182,20240825,CT106,耳そうじシート 40枚,1,9800,11
700427,20240905,M100182,20240825,CE105,年間メンバーパス,1,4980,11
700428,20231229,M100183,20180722,CS101,かつおチップス 200g,1,12000,11
700429,20251219,M100184,20251214,CS101,かつおチップス 200g,1,12000,11
700430,20260212,M100184,20251214,CT102,肉球バーム 10g,1,6800,11
700431,20260502,M100185,20260419,CS101,かつおチップス 200g,1,12000,11
700431,20260502,M100185,20260419,CT102,肉球バーム 10g,3,20400,11
700432,20260608,M100185,20260419,CS101,かつおチップス 200g,2,24000,11
700432,20260608,M100185,20260419,CT104,もこもこ泡シャンプー 300ml,1,9800,11
700433,20260421,M100186,20260420,CT106,耳そうじシート 40枚,1,9800,11
700433,20260421,M100186,20260420,CE101,しつけ教室チケット A,1,2980,11
700434,20260620,M100186,20260420,CT104,もこもこ泡シャンプー 300ml,2,19600,11
700435,20250126,M100187,20250104,CT104,もこもこ泡シャンプー 300ml,1,9800,11
700436,20240111,M100188,20190721,CE105,年間メンバーパス,1,4980,11
700436,20240111,M100188,20190721,CH102,毛玉ケアパウダー 180回分,3,4950,11
700436,20240111,M100188,20190721,CT106,耳そうじシート 40枚,2,19600,11
700436,20240111,M100188,20190721,CS104,減塩にぼし 500g,1,1280,11
700437,20250422,M100189,20250410,CS104,減塩にぼし 500g,1,1280,11
700438,20250503,M100189,20250410,CT102,肉球バーム 10g,3,20400,11
700438,20250503,M100189,20250410,CT106,耳そうじシート 40枚,1,9800,11
700438,20250503,M100189,20250410,CT104,もこもこ泡シャンプー 300ml,2,19600,11
700438,20250503,M100189,20250410,CF102,総合栄養食 まぐろ 100g,1,980,11
700439,20241019,M100190,20241012,CF102,総合栄養食 まぐろ 100g,1,980,11
700440,20260512,M100191,20260509,CT108,毛玉ケアジェル 60g,1,980,11
700441,20240104,M100192,20180327,CT104,もこもこ泡シャンプー 300ml,1,9800,11
700441,20240104,M100192,20180327,CE102,しつけ教室チケット S,3,20400,11
700442,20260529,M100193,20260529,CT102,肉球バーム 10g,1,6800,11
700442,20260529,M100193,20260529,CS101,かつおチップス 200g,1,12000,11
700443,20250304,M100194,20250213,CT104,もこもこ泡シャンプー 300ml,1,9800,11
700443,20250304,M100194,20250213,CS101,かつおチップス 200g,1,12000,11
700444,20241213,M100195,20241120,CT106,耳そうじシート 40枚,2,19600,11
700444,20241213,M100195,20241120,CE105,年間メンバーパス,1,4980,11
700445,20241222,M100195,20241120,CS101,かつおチップス 200g,3,36000,11
700446,20240103,M100196,20200430,CH102,毛玉ケアパウダー 180回分,1,1650,11
700446,20240103,M100196,20200430,CH101,猫用マルチビタミン 180粒,1,980,11
700446,20240103,M100196,20200430,CS101,かつおチップス 200g,1,12000,11
700447,20240302,M100196,20200430,CS104,減塩にぼし 500g,1,1280,11
700448,20240704,M100196,20200430,CS103,またたびスティック 30本,1,3800,11
700448,20240704,M100196,20200430,CE105,年間メンバーパス,2,9960,11
700449,20240810,M100196,20200430,CS104,減塩にぼし 500g,1,1280,11
700450,20241212,M100197,20241202,CT102,肉球バーム 10g,1,6800,11
700450,20241212,M100197,20241202,CH106,腸内フローラ乳酸菌 60粒,1,12000,11
700451,20231230,M100198,20210331,CT102,肉球バーム 10g,1,6800,11
700451,20231230,M100198,20210331,CS101,かつおチップス 200g,1,12000,11
700451,20231230,M100198,20210331,CS104,減塩にぼし 500g,1,1280,11
700452,20240122,M100198,20210331,CT106,耳そうじシート 40枚,1,9800,11
700452,20240122,M100198,20210331,CE105,年間メンバーパス,1,4980,11
700453,20251103,M100199,20251026,CT102,肉球バーム 10g,1,6800,11
700453,20251103,M100199,20251026,CT104,もこもこ泡シャンプー 300ml,1,9800,11
700454,20260127,M100199,20251026,CS104,減塩にぼし 500g,1,1280,11
700455,20251010,M100200,20251006,CT106,耳そうじシート 40枚,1,9800,11
700456,20251029,M100200,20251006,CT102,肉球バーム 10g,1,6800,11
700456,20251029,M100200,20251006,CT104,もこもこ泡シャンプー 300ml,1,9800,11
700457,20251226,M100200,20251006,CF106,フードストッカー 1L,1,3800,11
700458,20260528,M100200,20251006,CT106,耳そうじシート 40枚,1,9800,14
700458,20260528,M100200,20251006,CH102,毛玉ケアパウダー 180回分,1,1650,14
700459,20240613,M100201,20240604,CS102,ささみチップス 200g,1,4980,11
700460,20240104,M100202,20181220,CT104,もこもこ泡シャンプー 300ml,1,9800,11
700461,20250525,M100203,20250509,CF102,総合栄養食 まぐろ 100g,2,1960,11
700462,20250707,M100203,20250509,CT106,耳そうじシート 40枚,1,9800,11
700463,20250730,M100203,20250509,CS101,かつおチップス 200g,1,12000,11
700464,20251129,M100203,20250509,CT102,肉球バーム 10g,1,6800,11
700465,20260104,M100203,20250509,CS101,かつおチップス 200g,2,24000,11
700466,20251210,M100204,20251130,CS103,またたびスティック 30本,1,3800,11
700466,20251210,M100204,20251130,CT103,被毛ケアローション 190ml,1,1650,11
700467,20240911,M100205,20240831,CF102,総合栄養食 まぐろ 100g,1,980,11
700467,20240911,M100205,20240831,CS102,ささみチップス 200g,1,4980,11
700467,20240911,M100205,20240831,CE105,年間メンバーパス,1,4980,11
700468,20241123,M100206,20241102,CH101,猫用マルチビタミン 180粒,1,980,11
700469,20250804,M100207,20250710,CE105,年間メンバーパス,2,9960,11
700470,20251014,M100207,20250710,CT108,毛玉ケアジェル 60g,2,1960,11
700471,20260119,M100208,20251231,CS104,減塩にぼし 500g,1,1280,11
700472,20250324,M100209,20250317,CH106,腸内フローラ乳酸菌 60粒,1,12000,11
700472,20250324,M100209,20250317,CS103,またたびスティック 30本,2,7600,11
700473,20240111,M100210,20230202,CE103,グルーミング講座,1,3800,11
700473,20240111,M100210,20230202,CT104,もこもこ泡シャンプー 300ml,1,9800,11
700474,20240129,M100210,20230202,CT106,耳そうじシート 40枚,1,9800,11
700474,20240129,M100210,20230202,CS104,減塩にぼし 500g,1,1280,11
700475,20260108,M100211,20260101,CT103,被毛ケアローション 190ml,1,1650,11
700476,20260206,M100211,20260101,CT108,毛玉ケアジェル 60g,1,980,11
700477,20260407,M100211,20260101,CT108,毛玉ケアジェル 60g,1,980,11
700477,20260407,M100211,20260101,CT104,もこもこ泡シャンプー 300ml,3,29400,11
700478,20251121,M100212,20251107,CS101,かつおチップス 200g,1,12000,11
700478,20251121,M100212,20251107,CS104,減塩にぼし 500g,1,1280,11
700478,20251121,M100212,20251107,CH102,毛玉ケアパウダー 180回分,1,1650,11
700479,20251214,M100212,20251107,CS102,ささみチップス 200g,1,4980,14
700479,20251214,M100212,20251107,CH106,腸内フローラ乳酸菌 60粒,2,24000,14
700480,20260202,M100212,20251107,CS104,減塩にぼし 500g,1,1280,11
700480,20260202,M100212,20251107,CT106,耳そうじシート 40枚,2,19600,11
700480,20260202,M100212,20251107,CT108,毛玉ケアジェル 60g,1,980,11
700481,20260318,M100213,20260308,CE105,年間メンバーパス,1,4980,11
700482,20250925,M100214,20250916,CS104,減塩にぼし 500g,1,1280,11
700483,20240627,M100215,20240625,CT106,耳そうじシート 40枚,1,9800,11
700483,20240627,M100215,20240625,CS103,またたびスティック 30本,1,3800,11
700483,20240627,M100215,20240625,CT104,もこもこ泡シャンプー 300ml,1,9800,11
700484,20231231,M100216,20230315,CS104,減塩にぼし 500g,1,1280,11
700485,20240203,M100216,20230315,CT104,もこもこ泡シャンプー 300ml,1,9800,11
700486,20240210,M100216,20230315,CT104,もこもこ泡シャンプー 300ml,1,9800,11
700486,20240210,M100216,20230315,CT108,毛玉ケアジェル 60g,1,980,11
700487,20240115,M100217,20160531,CT106,耳そうじシート 40枚,1,9800,11
700488,20260416,M100218,20260323,CS101,かつおチップス 200g,2,24000,11
700488,20260416,M100218,20260323,CT108,毛玉ケアジェル 60g,1,980,11
700489,20260404,M100219,20260324,CT106,耳そうじシート 40枚,1,9800,11
700490,20260430,M100219,20260324,CS101,かつおチップス 200g,1,12000,11
700491,20260126,M100220,20260118,CS101,かつおチップス 200g,1,12000,11
700491,20260126,M100220,20260118,CT104,もこもこ泡シャンプー 300ml,1,9800,11
700492,20260320,M100220,20260118,CT106,耳そうじシート 40枚,1,9800,11
700493,20260404,M100220,20260118,CF102,総合栄養食 まぐろ 100g,1,980,11
700493,20260404,M100220,20260118,CS101,かつおチップス 200g,1,12000,11
700494,20250822,M100221,20250730,CT104,もこもこ泡シャンプー 300ml,1,9800,11
700495,20240906,M100222,20240905,CT104,もこもこ泡シャンプー 300ml,1,9800,11
700496,20240623,M100223,20240611,CH102,毛玉ケアパウダー 180回分,2,3300,11
700496,20240623,M100223,20240611,CT106,耳そうじシート 40枚,2,19600,11
700496,20240623,M100223,20240611,CT104,もこもこ泡シャンプー 300ml,1,9800,11
700497,20240109,M100224,20230101,CS101,かつおチップス 200g,1,12000,11
700498,20240120,M100224,20230101,CH102,毛玉ケアパウダー 180回分,1,1650,09
700498,20240120,M100224,20230101,CS104,減塩にぼし 500g,1,1280,09
700498,20240120,M100224,20230101,CT106,耳そうじシート 40枚,1,9800,09
700499,20240313,M100224,20230101,CE105,年間メンバーパス,1,4980,11
700500,20250903,M100225,20250828,CS103,またたびスティック 30本,1,3800,11
700501,20251020,M100225,20250828,CE102,しつけ教室チケット S,1,6800,11
700501,20251020,M100225,20250828,CE103,グルーミング講座,1,3800,11
700502,20251204,M100225,20250828,CT108,毛玉ケアジェル 60g,1,980,11
700503,20260618,M100226,20260531,CT103,被毛ケアローション 190ml,1,1650,11
700503,20260618,M100226,20260531,CT106,耳そうじシート 40枚,1,9800,11
700503,20260618,M100226,20260531,CT104,もこもこ泡シャンプー 300ml,1,9800,11
700504,20241124,M100227,20241110,CE105,年間メンバーパス,1,4980,11
700505,20250221,M100228,20250214,CT106,耳そうじシート 40枚,1,9800,11
700506,20250307,M100228,20250214,CT106,耳そうじシート 40枚,1,9800,14
700507,20250616,M100228,20250214,CT106,耳そうじシート 40枚,1,9800,11
700508,20240618,M100229,20240617,CT106,耳そうじシート 40枚,1,9800,11
700509,20250307,M100230,20250224,CT106,耳そうじシート 40枚,1,9800,11
700509,20250307,M100230,20250224,CE105,年間メンバーパス,1,4980,11
700509,20250307,M100230,20250224,CS101,かつおチップス 200g,3,36000,11
700510,20250414,M100230,20250224,CT108,毛玉ケアジェル 60g,1,980,14
700511,20250426,M100230,20250224,CE105,年間メンバーパス,1,4980,11
700512,20240923,M100231,20240904,CT108,毛玉ケアジェル 60g,1,980,11
700512,20240923,M100231,20240904,CE105,年間メンバーパス,3,14940,11
700513,20241116,M100231,20240904,CT103,被毛ケアローション 190ml,3,4950,11
700513,20241116,M100231,20240904,CE105,年間メンバーパス,1,4980,11
700514,20241221,M100231,20240904,CE102,しつけ教室チケット S,3,20400,11
700515,20250226,M100231,20240904,CT104,もこもこ泡シャンプー 300ml,1,9800,11
700515,20250226,M100231,20240904,CS101,かつおチップス 200g,1,12000,11
700515,20250226,M100231,20240904,CS104,減塩にぼし 500g,2,2560,11
700515,20250226,M100231,20240904,CT103,被毛ケアローション 190ml,1,1650,11
700516,20250330,M100231,20240904,CE105,年間メンバーパス,1,4980,11
700516,20250330,M100231,20240904,CS101,かつおチップス 200g,1,12000,11
700517,20250628,M100231,20240904,CH106,腸内フローラ乳酸菌 60粒,1,12000,11
700518,20260316,M100232,20260224,CS101,かつおチップス 200g,1,12000,11
700519,20260527,M100232,20260224,CT108,毛玉ケアジェル 60g,1,980,11
700519,20260527,M100232,20260224,CS101,かつおチップス 200g,1,12000,11
700519,20260527,M100232,20260224,CT106,耳そうじシート 40枚,1,9800,11
700520,20250401,M100233,20250312,CE105,年間メンバーパス,1,4980,11
700521,20250419,M100233,20250312,CT104,もこもこ泡シャンプー 300ml,1,9800,11
700521,20250419,M100233,20250312,CS101,かつおチップス 200g,1,12000,11
700521,20250419,M100233,20250312,CH102,毛玉ケアパウダー 180回分,1,1650,11
700522,20250315,M100234,20250312,CT104,もこもこ泡シャンプー 300ml,3,29400,11
700523,20250830,M100234,20250312,CT102,肉球バーム 10g,1,6800,11
700523,20250830,M100234,20250312,CE105,年間メンバーパス,2,9960,11
700524,20260531,M100234,20250312,CE103,グルーミング講座,1,3800,11
700524,20260531,M100234,20250312,CT106,耳そうじシート 40枚,2,19600,11
700524,20260531,M100234,20250312,CT104,もこもこ泡シャンプー 300ml,1,9800,11
700525,20240824,M100235,20240808,CS104,減塩にぼし 500g,2,2560,11
700526,20250329,M100235,20240808,CT102,肉球バーム 10g,1,6800,11
700527,20250411,M100235,20240808,CS101,かつおチップス 200g,1,12000,11
700527,20250411,M100235,20240808,CS104,減塩にぼし 500g,3,3840,11
700528,20240816,M100236,20240814,CT104,もこもこ泡シャンプー 300ml,1,9800,11
700529,20250314,M100236,20240814,CF103,陶器のごはん皿 S,1,1650,11
700530,20250412,M100236,20240814,CT103,被毛ケアローション 190ml,1,1650,11
700531,20250609,M100236,20240814,CS104,減塩にぼし 500g,3,3840,11
700532,20250820,M100237,20250802,CT106,耳そうじシート 40枚,2,19600,11
700533,20260105,M100237,20250802,CT106,耳そうじシート 40枚,1,9800,14
700534,20260120,M100237,20250802,CT106,耳そうじシート 40枚,1,9800,11
700535,20240712,M100238,20240702,CT106,耳そうじシート 40枚,1,9800,11
700535,20240712,M100238,20240702,CS101,かつおチップス 200g,1,12000,11
700536,20241001,M100238,20240702,CF101,総合栄養食 まぐろ 500g,1,12000,11
700537,20260418,M100239,20260416,CT104,もこもこ泡シャンプー 300ml,1,9800,11
700538,20240104,M100240,20171122,CT104,もこもこ泡シャンプー 300ml,1,9800,11
700539,20240119,M100240,20171122,CT102,肉球バーム 10g,1,6800,11
700539,20240119,M100240,20171122,CT104,もこもこ泡シャンプー 300ml,1,9800,11
700539,20240119,M100240,20171122,CT106,耳そうじシート 40枚,1,9800,11
700540,20231221,M100241,20160222,CH102,毛玉ケアパウダー 180回分,1,1650,11
700541,20240210,M100241,20160222,CH103,関節ケアコラーゲン 250g,1,980,11
700541,20240210,M100241,20160222,CT104,もこもこ泡シャンプー 300ml,1,9800,11
700542,20240909,M100241,20160222,CT104,もこもこ泡シャンプー 300ml,1,9800,11
700543,20250607,M100241,20160222,CT106,耳そうじシート 40枚,2,19600,11
700543,20250607,M100241,20160222,CS101,かつおチップス 200g,1,12000,11
700544,20240930,M100242,20240914,CS101,かつおチップス 200g,3,36000,11
700545,20231226,M100243,20231222,CE103,グルーミング講座,1,3800,09
700546,20240130,M100243,20231222,CT106,耳そうじシート 40枚,1,9800,11
700546,20240130,M100243,20231222,CS101,かつおチップス 200g,1,12000,11
700546,20240130,M100243,20231222,CS103,またたびスティック 30本,1,3800,11
700547,20241113,M100244,20241105,CS104,減塩にぼし 500g,3,3840,11
700547,20241113,M100244,20241105,CS101,かつおチップス 200g,1,12000,11
700547,20241113,M100244,20241105,CT104,もこもこ泡シャンプー 300ml,1,9800,11
700548,20240616,M100245,20240610,CT104,もこもこ泡シャンプー 300ml,2,19600,11
700549,20241016,M100245,20240610,CT108,毛玉ケアジェル 60g,1,980,11
700549,20241016,M100245,20240610,CT106,耳そうじシート 40枚,1,9800,11
700550,20260104,M100246,20251228,CF103,陶器のごはん皿 S,1,1650,11
700551,20260131,M100246,20251228,CE103,グルーミング講座,1,3800,11
700552,20241107,M100247,20241102,CS103,またたびスティック 30本,1,3800,11
700553,20241123,M100247,20241102,CT104,もこもこ泡シャンプー 300ml,1,9800,14
700554,20250104,M100247,20241102,CT102,肉球バーム 10g,3,20400,11
700554,20250104,M100247,20241102,CT108,毛玉ケアジェル 60g,1,980,11
700554,20250104,M100247,20241102,CT104,もこもこ泡シャンプー 300ml,2,19600,11
700555,20250706,M100247,20241102,CF102,総合栄養食 まぐろ 100g,1,980,11
700556,20250525,M100248,20250525,CT106,耳そうじシート 40枚,1,9800,11
700557,20250605,M100248,20250525,CT104,もこもこ泡シャンプー 300ml,1,9800,11
700557,20250605,M100248,20250525,CT106,耳そうじシート 40枚,1,9800,11
700558,20240115,M100249,20220928,CT108,毛玉ケアジェル 60g,1,980,11
700559,20260517,M100250,20260503,CT106,耳そうじシート 40枚,1,9800,11
700560,20250825,M100251,20250808,CT106,耳そうじシート 40枚,1,9800,11
700561,20251008,M100251,20250808,CS104,減塩にぼし 500g,2,2560,11
700561,20251008,M100251,20250808,CH106,腸内フローラ乳酸菌 60粒,1,12000,11
700562,20241029,M100252,20241015,CE103,グルーミング講座,1,3800,11
700562,20241029,M100252,20241015,CS104,減塩にぼし 500g,1,1280,11
700563,20241227,M100252,20241015,CT104,もこもこ泡シャンプー 300ml,1,9800,11
700564,20240423,M100253,20240409,CT104,もこもこ泡シャンプー 300ml,1,9800,11
700564,20240423,M100253,20240409,CT106,耳そうじシート 40枚,2,19600,11
700565,20231231,M100254,20180710,CT104,もこもこ泡シャンプー 300ml,1,9800,11
700566,20250311,M100255,20250215,CE105,年間メンバーパス,1,4980,11
700566,20250311,M100255,20250215,CT104,もこもこ泡シャンプー 300ml,3,29400,11
700567,20241026,M100256,20241022,CS104,減塩にぼし 500g,2,2560,14
700568,20241205,M100256,20241022,CS102,ささみチップス 200g,1,4980,11
700568,20241205,M100256,20241022,CT108,毛玉ケアジェル 60g,1,980,11
700568,20241205,M100256,20241022,CE105,年間メンバーパス,1,4980,11
700569,20241231,M100256,20241022,CS104,減塩にぼし 500g,1,1280,11
700570,20240106,M100257,20220401,CF105,竹のフードスクープ,1,980,11
700570,20240106,M100257,20220401,CE105,年間メンバーパス,2,9960,11
700571,20240413,M100257,20220401,CT104,もこもこ泡シャンプー 300ml,1,9800,11
700571,20240413,M100257,20220401,CT106,耳そうじシート 40枚,1,9800,11
700572,20240826,M100257,20220401,CS101,かつおチップス 200g,1,12000,09
700572,20240826,M100257,20220401,CS104,減塩にぼし 500g,1,1280,09
700572,20240826,M100257,20220401,CT106,耳そうじシート 40枚,1,9800,09
700573,20240517,M100258,20240513,CT104,もこもこ泡シャンプー 300ml,1,9800,11
700573,20240517,M100258,20240513,CS104,減塩にぼし 500g,1,1280,11
700573,20240517,M100258,20240513,CS103,またたびスティック 30本,1,3800,11
700574,20250728,M100259,20250703,CS105,ミルク仕立ておやつ 300g,1,980,11
700574,20250728,M100259,20250703,CS101,かつおチップス 200g,1,12000,11
700574,20250728,M100259,20250703,CT104,もこもこ泡シャンプー 300ml,1,9800,11
700575,20251014,M100259,20250703,CT102,肉球バーム 10g,1,6800,09
700575,20251014,M100259,20250703,CT104,もこもこ泡シャンプー 300ml,1,9800,09
700576,20251130,M100259,20250703,CT102,肉球バーム 10g,2,13600,11
700577,20251224,M100259,20250703,CT104,もこもこ泡シャンプー 300ml,1,9800,11
700577,20251224,M100259,20250703,CT106,耳そうじシート 40枚,1,9800,11
700578,20231221,M100260,20160924,CT102,肉球バーム 10g,1,6800,14
700579,20240808,M100260,20160924,CS101,かつおチップス 200g,1,12000,11
700579,20240808,M100260,20160924,CT104,もこもこ泡シャンプー 300ml,1,9800,11
700580,20240817,M100260,20160924,CT104,もこもこ泡シャンプー 300ml,1,9800,11
700580,20240817,M100260,20160924,CT103,被毛ケアローション 190ml,1,1650,11
700581,20240902,M100260,20160924,CT104,もこもこ泡シャンプー 300ml,1,9800,11
700581,20240902,M100260,20160924,CS103,またたびスティック 30本,2,7600,11
700582,20250827,M100261,20250819,CT106,耳そうじシート 40枚,1,9800,11
700582,20250827,M100261,20250819,CS104,減塩にぼし 500g,1,1280,11
700583,20250925,M100261,20250819,CS103,またたびスティック 30本,1,3800,11
700584,20251231,M100261,20250819,CH102,毛玉ケアパウダー 180回分,1,1650,11
700585,20260220,M100261,20250819,CT106,耳そうじシート 40枚,1,9800,11
700586,20260523,M100261,20250819,CS104,減塩にぼし 500g,1,1280,11
700587,20240729,M100262,20240728,CT106,耳そうじシート 40枚,1,9800,11
700588,20250616,M100263,20250611,CT106,耳そうじシート 40枚,1,9800,11
700588,20250616,M100263,20250611,CT104,もこもこ泡シャンプー 300ml,1,9800,11
700588,20250616,M100263,20250611,CS103,またたびスティック 30本,1,3800,11
700588,20250616,M100263,20250611,CS104,減塩にぼし 500g,1,1280,11
700589,20250719,M100263,20250611,CT104,もこもこ泡シャンプー 300ml,1,9800,11
700589,20250719,M100263,20250611,CH102,毛玉ケアパウダー 180回分,1,1650,11
700590,20250908,M100263,20250611,CS101,かつおチップス 200g,1,12000,11
700591,20240104,M100264,20180718,CT108,毛玉ケアジェル 60g,1,980,11
700591,20240104,M100264,20180718,CT106,耳そうじシート 40枚,1,9800,11
700592,20241113,M100265,20241110,CF104,給水器フィルター,1,1280,14
700593,20240110,M100266,20231227,CH102,毛玉ケアパウダー 180回分,1,1650,11
700594,20240402,M100266,20231227,CT104,もこもこ泡シャンプー 300ml,1,9800,11
700594,20240402,M100266,20231227,CS101,かつおチップス 200g,1,12000,11
700594,20240402,M100266,20231227,CT106,耳そうじシート 40枚,1,9800,11
700595,20240531,M100266,20231227,CF102,総合栄養食 まぐろ 100g,1,980,11
700596,20240614,M100266,20231227,CE105,年間メンバーパス,1,4980,11
700597,20240728,M100266,20231227,CS102,ささみチップス 200g,3,14940,11
700597,20240728,M100266,20231227,CS101,かつおチップス 200g,1,12000,11
700598,20240805,M100266,20231227,CT104,もこもこ泡シャンプー 300ml,2,19600,11
700599,20241107,M100266,20231227,CT102,肉球バーム 10g,1,6800,11
700599,20241107,M100266,20231227,CT106,耳そうじシート 40枚,1,9800,11
700600,20250103,M100266,20231227,CT108,毛玉ケアジェル 60g,1,980,11
700601,20240111,M100267,20231227,CT102,肉球バーム 10g,1,6800,11
700601,20240111,M100267,20231227,CT104,もこもこ泡シャンプー 300ml,1,9800,11
700602,20240113,M100268,20230923,CF102,総合栄養食 まぐろ 100g,1,980,11
700603,20240131,M100268,20230923,CS101,かつおチップス 200g,1,12000,11
700603,20240131,M100268,20230923,CT104,もこもこ泡シャンプー 300ml,1,9800,11
700604,20240224,M100268,20230923,CS104,減塩にぼし 500g,1,1280,11
700604,20240224,M100268,20230923,CT108,毛玉ケアジェル 60g,1,980,11
700604,20240224,M100268,20230923,CF101,総合栄養食 まぐろ 500g,1,12000,11
700605,20250531,M100269,20250519,CT104,もこもこ泡シャンプー 300ml,1,9800,11
700605,20250531,M100269,20250519,CE105,年間メンバーパス,2,9960,11
700605,20250531,M100269,20250519,CS104,減塩にぼし 500g,1,1280,11
700606,20240312,M100270,20240302,CS101,かつおチップス 200g,1,12000,11
700606,20240312,M100270,20240302,CE105,年間メンバーパス,1,4980,11
700606,20240312,M100270,20240302,CT103,被毛ケアローション 190ml,1,1650,11
700607,20240113,M100271,20191212,CT104,もこもこ泡シャンプー 300ml,1,9800,11
700607,20240113,M100271,20191212,CS101,かつおチップス 200g,1,12000,11
700607,20240113,M100271,20191212,CT108,毛玉ケアジェル 60g,1,980,11
700608,20250427,M100272,20250420,CH102,毛玉ケアパウダー 180回分,1,1650,11
700608,20250427,M100272,20250420,CT108,毛玉ケアジェル 60g,1,980,11
700609,20250504,M100272,20250420,CE102,しつけ教室チケット S,2,13600,11
700609,20250504,M100272,20250420,CT104,もこもこ泡シャンプー 300ml,3,29400,11
700609,20250504,M100272,20250420,CS104,減塩にぼし 500g,1,1280,11
700610,20260402,M100273,20260312,CS104,減塩にぼし 500g,1,1280,11
700610,20260402,M100273,20260312,CS103,またたびスティック 30本,1,3800,11
700610,20260402,M100273,20260312,CT106,耳そうじシート 40枚,1,9800,11
700611,20260427,M100273,20260312,CS101,かつおチップス 200g,1,12000,11
700612,20240417,M100274,20240416,CT104,もこもこ泡シャンプー 300ml,1,9800,11
700612,20240417,M100274,20240416,CF101,総合栄養食 まぐろ 500g,1,12000,11
700613,20240905,M100274,20240416,CT104,もこもこ泡シャンプー 300ml,1,9800,11
700613,20240905,M100274,20240416,CF102,総合栄養食 まぐろ 100g,1,980,11
700614,20250304,M100274,20240416,CS101,かつおチップス 200g,1,12000,11
700615,20250729,M100274,20240416,CT108,毛玉ケアジェル 60g,1,980,11
700616,20251215,M100274,20240416,CS104,減塩にぼし 500g,1,1280,11
700617,20250527,M100275,20250507,CT103,被毛ケアローション 190ml,2,3300,11
700618,20231227,M100276,20170729,CS101,かつおチップス 200g,2,24000,14
700619,20240127,M100276,20170729,CT103,被毛ケアローション 190ml,1,1650,11
700620,20240626,M100276,20170729,CF102,総合栄養食 まぐろ 100g,1,980,11
700621,20240723,M100276,20170729,CS101,かつおチップス 200g,1,12000,11
700622,20250518,M100277,20250504,CS101,かつおチップス 200g,3,36000,14
700622,20250518,M100277,20250504,CT102,肉球バーム 10g,1,6800,14
700622,20250518,M100277,20250504,CS103,またたびスティック 30本,2,7600,14
700623,20250528,M100277,20250504,CS101,かつおチップス 200g,2,24000,11
700623,20250528,M100277,20250504,CT104,もこもこ泡シャンプー 300ml,1,9800,11
700624,20250604,M100277,20250504,CS104,減塩にぼし 500g,1,1280,11
700625,20241116,M100278,20241028,CS102,ささみチップス 200g,2,9960,11
700625,20241116,M100278,20241028,CT106,耳そうじシート 40枚,1,9800,11
700625,20241116,M100278,20241028,CE105,年間メンバーパス,1,4980,11
700626,20250402,M100278,20241028,CT103,被毛ケアローション 190ml,1,1650,11
700627,20250429,M100278,20241028,CS104,減塩にぼし 500g,3,3840,11
700627,20250429,M100278,20241028,CS101,かつおチップス 200g,2,24000,11
700627,20250429,M100278,20241028,CF101,総合栄養食 まぐろ 500g,1,12000,11
700628,20250610,M100278,20241028,CT106,耳そうじシート 40枚,2,19600,11
700628,20250610,M100278,20241028,CS101,かつおチップス 200g,1,12000,11
700628,20250610,M100278,20241028,CT107,デンタルジェル 50ml,1,1650,11
700629,20250707,M100278,20241028,CS101,かつおチップス 200g,1,12000,11
700630,20250613,M100279,20250610,CH106,腸内フローラ乳酸菌 60粒,1,12000,11
700630,20250613,M100279,20250610,CS104,減塩にぼし 500g,1,1280,11
700630,20250613,M100279,20250610,CT102,肉球バーム 10g,1,6800,11
700631,20241103,M100280,20241031,CE102,しつけ教室チケット S,1,6800,11
700631,20241103,M100280,20241031,CF103,陶器のごはん皿 S,1,1650,11
700632,20241205,M100280,20241031,CS104,減塩にぼし 500g,1,1280,11
700633,20250616,M100280,20241031,CE102,しつけ教室チケット S,1,6800,14
700633,20250616,M100280,20241031,CT104,もこもこ泡シャンプー 300ml,1,9800,14
700634,20250718,M100280,20241031,CT104,もこもこ泡シャンプー 300ml,1,9800,11
700634,20250718,M100280,20241031,CS104,減塩にぼし 500g,1,1280,11
700635,20250821,M100280,20241031,CT102,肉球バーム 10g,1,6800,11
700636,20250929,M100280,20241031,CT108,毛玉ケアジェル 60g,2,1960,11
700637,20250717,M100281,20250625,CT104,もこもこ泡シャンプー 300ml,1,9800,11
700637,20250717,M100281,20250625,CT106,耳そうじシート 40枚,2,19600,11
700637,20250717,M100281,20250625,CS104,減塩にぼし 500g,1,1280,11
700638,20240308,M100282,20240228,CT106,耳そうじシート 40枚,1,9800,11
700639,20250717,M100283,20250623,CT107,デンタルジェル 50ml,2,3300,11
700639,20250717,M100283,20250623,CE105,年間メンバーパス,1,4980,11
700639,20250717,M100283,20250623,CT102,肉球バーム 10g,1,6800,11
700640,20251001,M100284,20250914,CT103,被毛ケアローション 190ml,1,1650,11
700640,20251001,M100284,20250914,CH102,毛玉ケアパウダー 180回分,1,1650,11
700641,20250804,M100285,20250803,CE105,年間メンバーパス,1,4980,11
700642,20240309,M100286,20240213,CE105,年間メンバーパス,1,4980,11
700643,20240903,M100287,20240820,CT104,もこもこ泡シャンプー 300ml,1,9800,11
700643,20240903,M100287,20240820,CT103,被毛ケアローション 190ml,1,1650,11
700643,20240903,M100287,20240820,CT102,肉球バーム 10g,1,6800,11
700644,20241009,M100288,20241003,CT106,耳そうじシート 40枚,1,9800,11
700645,20250104,M100288,20241003,CS101,かつおチップス 200g,1,12000,11
700645,20250104,M100288,20241003,CT106,耳そうじシート 40枚,1,9800,11
700645,20250104,M100288,20241003,CE105,年間メンバーパス,2,9960,11
700646,20250622,M100289,20250612,CT103,被毛ケアローション 190ml,1,1650,11
700647,20241130,M100290,20241121,CT104,もこもこ泡シャンプー 300ml,1,9800,11
700647,20241130,M100290,20241121,CT102,肉球バーム 10g,1,6800,11
700647,20241130,M100290,20241121,CE105,年間メンバーパス,2,9960,11
700648,20240102,M100291,20170307,CT108,毛玉ケアジェル 60g,2,1960,11
700649,20240222,M100291,20170307,CH102,毛玉ケアパウダー 180回分,1,1650,09
700650,20260101,M100292,20251219,CH102,毛玉ケアパウダー 180回分,2,3300,11
700650,20260101,M100292,20251219,CE105,年間メンバーパス,1,4980,11
700651,20260315,M100292,20251219,CT106,耳そうじシート 40枚,1,9800,11
700652,20241223,M100293,20241220,CT106,耳そうじシート 40枚,1,9800,11
700653,20250501,M100293,20241220,CE103,グルーミング講座,1,3800,11
700653,20250501,M100293,20241220,CT104,もこもこ泡シャンプー 300ml,1,9800,11
700654,20250104,M100294,20241221,CS101,かつおチップス 200g,2,24000,11
700654,20250104,M100294,20241221,CS103,またたびスティック 30本,1,3800,11
700654,20250104,M100294,20241221,CT103,被毛ケアローション 190ml,1,1650,11
700655,20250126,M100294,20241221,CF102,総合栄養食 まぐろ 100g,1,980,11
700656,20241004,M100295,20241002,CF102,総合栄養食 まぐろ 100g,1,980,11
700657,20241121,M100295,20241002,CT106,耳そうじシート 40枚,2,19600,11
700658,20250704,M100295,20241002,CT106,耳そうじシート 40枚,1,9800,11
700658,20250704,M100295,20241002,CT103,被毛ケアローション 190ml,1,1650,11
700659,20250807,M100295,20241002,CH102,毛玉ケアパウダー 180回分,2,3300,11
700659,20250807,M100295,20241002,CH105,鉄分＋葉酸タブレット 90粒,1,1280,11
700659,20250807,M100295,20241002,CS101,かつおチップス 200g,1,12000,11
700660,20250815,M100295,20241002,CT108,毛玉ケアジェル 60g,1,980,11
700660,20250815,M100295,20241002,CT104,もこもこ泡シャンプー 300ml,1,9800,11
700661,20250902,M100295,20241002,CH102,毛玉ケアパウダー 180回分,1,1650,11
700662,20260506,M100296,20260413,CE103,グルーミング講座,1,3800,11
700663,20240706,M100297,20240623,CF102,総合栄養食 まぐろ 100g,2,1960,11
700663,20240706,M100297,20240623,CT106,耳そうじシート 40枚,1,9800,11
700664,20241023,M100297,20240623,CT102,肉球バーム 10g,1,6800,11
700665,20250125,M100297,20240623,CS101,かつおチップス 200g,2,24000,14
700666,20240227,M100298,20240214,CE103,グルーミング講座,1,3800,11
700666,20240227,M100298,20240214,CT104,もこもこ泡シャンプー 300ml,1,9800,11
700667,20241108,M100299,20241023,CE105,年間メンバーパス,1,4980,11
700667,20241108,M100299,20241023,CS101,かつおチップス 200g,1,12000,11
700667,20241108,M100299,20241023,CT108,毛玉ケアジェル 60g,2,1960,11
700668,20241207,M100299,20241023,CT103,被毛ケアローション 190ml,1,1650,11
700669,20250831,M100300,20250806,CS101,かつおチップス 200g,1,12000,11
700669,20250831,M100300,20250806,CH105,鉄分＋葉酸タブレット 90粒,1,1280,11
700670,20240417,M100301,20240416,CT106,耳そうじシート 40枚,1,9800,11
700671,20240720,M100301,20240416,CE105,年間メンバーパス,2,9960,11
700671,20240720,M100301,20240416,CT108,毛玉ケアジェル 60g,1,980,11
700671,20240720,M100301,20240416,CS101,かつおチップス 200g,1,12000,11
700671,20240720,M100301,20240416,CT106,耳そうじシート 40枚,1,9800,11
700672,20240922,M100301,20240416,CS101,かつおチップス 200g,1,12000,11
700673,20250130,M100301,20240416,CF102,総合栄養食 まぐろ 100g,1,980,11
700674,20250215,M100301,20240416,CH102,毛玉ケアパウダー 180回分,1,1650,11
700675,20240627,M100302,20240627,CE105,年間メンバーパス,2,9960,14
700676,20231227,M100303,20170725,CT106,耳そうじシート 40枚,1,9800,11
700677,20240218,M100303,20170725,CT104,もこもこ泡シャンプー 300ml,1,9800,14
700678,20240801,M100303,20170725,CE102,しつけ教室チケット S,3,20400,11
700679,20241124,M100303,20170725,CT104,もこもこ泡シャンプー 300ml,1,9800,11
700680,20250110,M100303,20170725,CT104,もこもこ泡シャンプー 300ml,1,9800,11
700681,20250117,M100304,20250106,CS104,減塩にぼし 500g,1,1280,09
700681,20250117,M100304,20250106,CS101,かつおチップス 200g,3,36000,09
700681,20250117,M100304,20250106,CT102,肉球バーム 10g,1,6800,09
700682,20250222,M100304,20250106,CT108,毛玉ケアジェル 60g,1,980,11
700682,20250222,M100304,20250106,CT106,耳そうじシート 40枚,1,9800,11
700683,20240516,M100305,20240425,CS101,かつおチップス 200g,1,12000,11
700683,20240516,M100305,20240425,CE105,年間メンバーパス,1,4980,11
700683,20240516,M100305,20240425,CS104,減塩にぼし 500g,1,1280,11
700684,20251021,M100306,20251001,CT102,肉球バーム 10g,1,6800,11
700685,20251120,M100307,20251108,CT104,もこもこ泡シャンプー 300ml,1,9800,11
700686,20260225,M100308,20260208,CH106,腸内フローラ乳酸菌 60粒,3,36000,09
700686,20260225,M100308,20260208,CT106,耳そうじシート 40枚,2,19600,09
700687,20260606,M100308,20260208,CE105,年間メンバーパス,1,4980,11
700688,20250125,M100309,20250123,CS101,かつおチップス 200g,1,12000,11
700688,20250125,M100309,20250123,CT103,被毛ケアローション 190ml,1,1650,11
700689,20250224,M100309,20250123,CE102,しつけ教室チケット S,1,6800,11
700690,20240610,M100310,20240522,CF101,総合栄養食 まぐろ 500g,1,12000,11
700691,20231228,M100311,20160330,CE105,年間メンバーパス,1,4980,11
700692,20240312,M100311,20160330,CT103,被毛ケアローション 190ml,1,1650,11
700692,20240312,M100311,20160330,CT104,もこもこ泡シャンプー 300ml,1,9800,11
700692,20240312,M100311,20160330,CH102,毛玉ケアパウダー 180回分,1,1650,11
700693,20260321,M100312,20260228,CS101,かつおチップス 200g,1,12000,11
700694,20250228,M100313,20250212,CT102,肉球バーム 10g,2,13600,11
700695,20251230,M100314,20251212,CT106,耳そうじシート 40枚,1,9800,11
700696,20240125,M100315,20240122,CF106,フードストッカー 1L,1,3800,11
700696,20240125,M100315,20240122,CF102,総合栄養食 まぐろ 100g,1,980,11
700696,20240125,M100315,20240122,CS104,減塩にぼし 500g,1,1280,11
700696,20240125,M100315,20240122,CE105,年間メンバーパス,2,9960,11
700697,20241029,M100316,20241027,CS101,かつおチップス 200g,1,12000,11
700698,20250115,M100316,20241027,CS101,かつおチップス 200g,2,24000,11
700699,20250308,M100316,20241027,CE105,年間メンバーパス,1,4980,11
700699,20250308,M100316,20241027,CS101,かつおチップス 200g,1,12000,11
700700,20250404,M100316,20241027,CT106,耳そうじシート 40枚,1,9800,11
700701,20250516,M100316,20241027,CS101,かつおチップス 200g,1,12000,11
700701,20250516,M100316,20241027,CH103,関節ケアコラーゲン 250g,2,1960,11
700702,20250812,M100317,20250731,CT106,耳そうじシート 40枚,1,9800,09
700703,20250914,M100317,20250731,CT106,耳そうじシート 40枚,1,9800,11
700704,20250928,M100317,20250731,CS103,またたびスティック 30本,3,11400,09
700704,20250928,M100317,20250731,CE105,年間メンバーパス,1,4980,09
700705,20250803,M100318,20250715,CE105,年間メンバーパス,1,4980,11
700705,20250803,M100318,20250715,CT108,毛玉ケアジェル 60g,1,980,11
700705,20250803,M100318,20250715,CT106,耳そうじシート 40枚,2,19600,11
700706,20240418,M100319,20240411,CT104,もこもこ泡シャンプー 300ml,1,9800,11
700707,20250330,M100320,20250305,CF105,竹のフードスクープ,1,980,11
700707,20250330,M100320,20250305,CT104,もこもこ泡シャンプー 300ml,1,9800,11
700707,20250330,M100320,20250305,CT102,肉球バーム 10g,2,13600,11
700708,20250406,M100320,20250305,CT105,ふわもこブラシ,3,8940,11
700708,20250406,M100320,20250305,CS104,減塩にぼし 500g,1,1280,11
700709,20250825,M100320,20250305,CT102,肉球バーム 10g,3,20400,11
700710,20250913,M100320,20250305,CS102,ささみチップス 200g,1,4980,11
700710,20250913,M100320,20250305,CT106,耳そうじシート 40枚,1,9800,11
700711,20240708,M100321,20240621,CT104,もこもこ泡シャンプー 300ml,1,9800,11
700712,20250208,M100322,20250119,CH106,腸内フローラ乳酸菌 60粒,1,12000,11
700713,20240702,M100323,20240629,CT102,肉球バーム 10g,1,6800,11
700713,20240702,M100323,20240629,CT104,もこもこ泡シャンプー 300ml,1,9800,11
700714,20250714,M100324,20250625,CE102,しつけ教室チケット S,1,6800,11
700714,20250714,M100324,20250625,CT106,耳そうじシート 40枚,1,9800,11
700715,20240114,M100325,20181015,CT106,耳そうじシート 40枚,2,19600,11
700716,20240129,M100325,20181015,CS103,またたびスティック 30本,2,7600,11
700717,20231230,M100326,20190914,CS101,かつおチップス 200g,1,12000,11
700717,20231230,M100326,20190914,CE105,年間メンバーパス,1,4980,11
700718,20240203,M100326,20190914,CS101,かつおチップス 200g,1,12000,11
700719,20260409,M100327,20260328,CT106,耳そうじシート 40枚,1,9800,11
700719,20260409,M100327,20260328,CT104,もこもこ泡シャンプー 300ml,1,9800,11
700720,20260502,M100327,20260328,CF102,総合栄養食 まぐろ 100g,1,980,11
700721,20250101,M100328,20241213,CE102,しつけ教室チケット S,3,20400,11
700722,20250209,M100328,20241213,CE102,しつけ教室チケット S,1,6800,11
700723,20250908,M100328,20241213,CT102,肉球バーム 10g,1,6800,11
700723,20250908,M100328,20241213,CT104,もこもこ泡シャンプー 300ml,1,9800,11
700723,20250908,M100328,20241213,CT106,耳そうじシート 40枚,2,19600,11
700724,20240420,M100329,20240327,CS104,減塩にぼし 500g,1,1280,14
700725,20240802,M100329,20240327,CS104,減塩にぼし 500g,1,1280,11
700726,20250611,M100329,20240327,CS104,減塩にぼし 500g,3,3840,11
700726,20250611,M100329,20240327,CF102,総合栄養食 まぐろ 100g,1,980,11
700726,20250611,M100329,20240327,CT102,肉球バーム 10g,1,6800,11
700727,20250622,M100329,20240327,CT104,もこもこ泡シャンプー 300ml,1,9800,11
700728,20231229,M100330,20201022,CH102,毛玉ケアパウダー 180回分,1,1650,11
700728,20231229,M100330,20201022,CT103,被毛ケアローション 190ml,1,1650,11
700729,20240223,M100330,20201022,CT103,被毛ケアローション 190ml,1,1650,11
700730,20240611,M100330,20201022,CE103,グルーミング講座,1,3800,11
700730,20240611,M100330,20201022,CT106,耳そうじシート 40枚,1,9800,11
700731,20240726,M100330,20201022,CT104,もこもこ泡シャンプー 300ml,1,9800,11
700731,20240726,M100330,20201022,CS102,ささみチップス 200g,1,4980,11
700731,20240726,M100330,20201022,CT106,耳そうじシート 40枚,3,29400,11
700732,20240908,M100331,20240906,CH102,毛玉ケアパウダー 180回分,1,1650,11
700733,20250216,M100332,20250207,CS102,ささみチップス 200g,2,9960,11
700734,20250610,M100332,20250207,CS104,減塩にぼし 500g,2,2560,11
700735,20251021,M100332,20250207,CE105,年間メンバーパス,2,9960,11
700736,20250423,M100333,20250410,CT106,耳そうじシート 40枚,2,19600,14
700737,20250925,M100333,20250410,CT106,耳そうじシート 40枚,1,9800,11
700737,20250925,M100333,20250410,CS101,かつおチップス 200g,1,12000,11
700738,20250411,M100334,20250323,CS104,減塩にぼし 500g,1,1280,11
700739,20250709,M100334,20250323,CE105,年間メンバーパス,1,4980,11
700739,20250709,M100334,20250323,CS101,かつおチップス 200g,1,12000,11
700740,20250815,M100334,20250323,CT104,もこもこ泡シャンプー 300ml,1,9800,11
700741,20260128,M100335,20260103,CT102,肉球バーム 10g,1,6800,11
700742,20250525,M100336,20250523,CT104,もこもこ泡シャンプー 300ml,1,9800,11
700742,20250525,M100336,20250523,CT103,被毛ケアローション 190ml,1,1650,11
700743,20250903,M100336,20250523,CE103,グルーミング講座,1,3800,11
700744,20250617,M100337,20250607,CT104,もこもこ泡シャンプー 300ml,1,9800,11
700744,20250617,M100337,20250607,CT102,肉球バーム 10g,1,6800,11
700745,20251015,M100337,20250607,CT104,もこもこ泡シャンプー 300ml,3,29400,11
700746,20260524,M100338,20260521,CE105,年間メンバーパス,1,4980,11
700746,20260524,M100338,20260521,CS101,かつおチップス 200g,1,12000,11
700746,20260524,M100338,20260521,CT106,耳そうじシート 40枚,2,19600,11
700747,20240813,M100339,20240811,CS101,かつおチップス 200g,1,12000,11
700748,20251206,M100340,20251125,CT106,耳そうじシート 40枚,2,19600,11
700749,20251215,M100340,20251125,CT104,もこもこ泡シャンプー 300ml,1,9800,11
700749,20251215,M100340,20251125,CT102,肉球バーム 10g,1,6800,11
700750,20260208,M100341,20260208,CT102,肉球バーム 10g,2,13600,11
700750,20260208,M100341,20260208,CE105,年間メンバーパス,1,4980,11
700750,20260208,M100341,20260208,CT104,もこもこ泡シャンプー 300ml,1,9800,11
700751,20240111,M100342,20190617,CT104,もこもこ泡シャンプー 300ml,1,9800,11
700751,20240111,M100342,20190617,CF102,総合栄養食 まぐろ 100g,1,980,11
700751,20240111,M100342,20190617,CS101,かつおチップス 200g,1,12000,11
700752,20240210,M100342,20190617,CT106,耳そうじシート 40枚,1,9800,11
700753,20240113,M100343,20220214,CT104,もこもこ泡シャンプー 300ml,1,9800,11
700754,20241129,M100344,20241125,CT106,耳そうじシート 40枚,1,9800,11
700755,20241218,M100344,20241125,CT102,肉球バーム 10g,1,6800,11
700755,20241218,M100344,20241125,CS104,減塩にぼし 500g,1,1280,11
700755,20241218,M100344,20241125,CT108,毛玉ケアジェル 60g,1,980,11
700756,20250110,M100344,20241125,CT102,肉球バーム 10g,2,13600,11
700756,20250110,M100344,20241125,CT106,耳そうじシート 40枚,2,19600,11
700757,20240518,M100345,20240508,CS104,減塩にぼし 500g,1,1280,11
700758,20240525,M100345,20240508,CT108,毛玉ケアジェル 60g,1,980,11
700758,20240525,M100345,20240508,CH101,猫用マルチビタミン 180粒,2,1960,11
700759,20240620,M100345,20240508,CS104,減塩にぼし 500g,1,1280,11
700760,20240922,M100345,20240508,CT104,もこもこ泡シャンプー 300ml,1,9800,11
700760,20240922,M100345,20240508,CT106,耳そうじシート 40枚,1,9800,11
700761,20231229,M100346,20181008,CT104,もこもこ泡シャンプー 300ml,1,9800,11
700762,20240109,M100346,20181008,CT106,耳そうじシート 40枚,1,9800,11
700762,20240109,M100346,20181008,CF102,総合栄養食 まぐろ 100g,1,980,11
700763,20240305,M100346,20181008,CT106,耳そうじシート 40枚,1,9800,11
700763,20240305,M100346,20181008,CS102,ささみチップス 200g,1,4980,11
700763,20240305,M100346,20181008,CS103,またたびスティック 30本,1,3800,11
700764,20231222,M100347,20190520,CE102,しつけ教室チケット S,1,6800,11
700764,20231222,M100347,20190520,CS101,かつおチップス 200g,1,12000,11
700765,20240215,M100348,20240205,CE105,年間メンバーパス,1,4980,14
700766,20241025,M100349,20241008,CT103,被毛ケアローション 190ml,3,4950,11
700766,20241025,M100349,20241008,CS104,減塩にぼし 500g,1,1280,11
700766,20241025,M100349,20241008,CH103,関節ケアコラーゲン 250g,1,980,11
700767,20241013,M100350,20240922,CT103,被毛ケアローション 190ml,1,1650,11
700768,20250130,M100350,20240922,CT106,耳そうじシート 40枚,1,9800,11
700768,20250130,M100350,20240922,CT104,もこもこ泡シャンプー 300ml,2,19600,11
700768,20250130,M100350,20240922,CT102,肉球バーム 10g,1,6800,11
700769,20231226,M100351,20180115,CT106,耳そうじシート 40枚,1,9800,11
700769,20231226,M100351,20180115,CT104,もこもこ泡シャンプー 300ml,1,9800,11
700770,20260127,M100352,20260112,CH104,オメガ3ソフトカプセル 120粒,2,1960,11
700770,20260127,M100352,20260112,CT104,もこもこ泡シャンプー 300ml,1,9800,11
700771,20260512,M100352,20260112,CT106,耳そうじシート 40枚,2,19600,11
700771,20260512,M100352,20260112,CT102,肉球バーム 10g,3,20400,11
700772,20250524,M100353,20250523,CT104,もこもこ泡シャンプー 300ml,1,9800,11
700773,20250315,M100354,20250315,CT106,耳そうじシート 40枚,1,9800,11
700774,20250506,M100354,20250315,CT106,耳そうじシート 40枚,1,9800,11
700775,20250522,M100354,20250315,CT104,もこもこ泡シャンプー 300ml,1,9800,11
700776,20250801,M100354,20250315,CT106,耳そうじシート 40枚,1,9800,11
700777,20251022,M100354,20250315,CS104,減塩にぼし 500g,1,1280,11
700777,20251022,M100354,20250315,CT106,耳そうじシート 40枚,1,9800,11
700778,20260204,M100354,20250315,CH102,毛玉ケアパウダー 180回分,1,1650,11
700778,20260204,M100354,20250315,CS103,またたびスティック 30本,1,3800,11
700779,20231225,M100355,20200309,CS101,かつおチップス 200g,2,24000,11
700779,20231225,M100355,20200309,CT104,もこもこ泡シャンプー 300ml,1,9800,11
700779,20231225,M100355,20200309,CT106,耳そうじシート 40枚,1,9800,11
700779,20231225,M100355,20200309,CS102,ささみチップス 200g,1,4980,11
700780,20240107,M100356,20220916,CT108,毛玉ケアジェル 60g,1,980,11
700780,20240107,M100356,20220916,CS101,かつおチップス 200g,1,12000,11
700781,20240304,M100356,20220916,CE105,年間メンバーパス,1,4980,11
700781,20240304,M100356,20220916,CS101,かつおチップス 200g,1,12000,11
700782,20240327,M100356,20220916,CS103,またたびスティック 30本,2,7600,11
700783,20240830,M100356,20220916,CT106,耳そうじシート 40枚,1,9800,11
700784,20260408,M100357,20260314,CT104,もこもこ泡シャンプー 300ml,1,9800,11
700784,20260408,M100357,20260314,CS104,減塩にぼし 500g,1,1280,11
700785,20260506,M100357,20260314,CT102,肉球バーム 10g,2,13600,11
700786,20260605,M100357,20260314,CS101,かつおチップス 200g,1,12000,11
700787,20240323,M100358,20240323,CT104,もこもこ泡シャンプー 300ml,1,9800,11
700788,20250719,M100359,20250626,CS101,かつおチップス 200g,1,12000,11
700788,20250719,M100359,20250626,CT104,もこもこ泡シャンプー 300ml,1,9800,11
700788,20250719,M100359,20250626,CE105,年間メンバーパス,1,4980,11
700789,20250914,M100359,20250626,CT104,もこもこ泡シャンプー 300ml,1,9800,11
700790,20251004,M100359,20250626,CH105,鉄分＋葉酸タブレット 90粒,1,1280,11
700790,20251004,M100359,20250626,CS104,減塩にぼし 500g,2,2560,11
700790,20251004,M100359,20250626,CT106,耳そうじシート 40枚,1,9800,11
700791,20250513,M100360,20250422,CT103,被毛ケアローション 190ml,2,3300,11
700792,20250707,M100360,20250422,CT106,耳そうじシート 40枚,1,9800,11
700793,20240728,M100361,20240728,CT102,肉球バーム 10g,1,6800,14
700793,20240728,M100361,20240728,CH104,オメガ3ソフトカプセル 120粒,1,980,14
700794,20250827,M100362,20250827,CE105,年間メンバーパス,1,4980,11
700795,20260206,M100363,20260129,CT106,耳そうじシート 40枚,2,19600,11
700796,20231230,M100364,20210201,CT106,耳そうじシート 40枚,3,29400,11
700797,20240116,M100364,20210201,CT103,被毛ケアローション 190ml,1,1650,11
700797,20240116,M100364,20210201,CT104,もこもこ泡シャンプー 300ml,1,9800,11
700797,20240116,M100364,20210201,CT102,肉球バーム 10g,2,13600,11
700797,20240116,M100364,20210201,CF105,竹のフードスクープ,1,980,11
700798,20260209,M100365,20260202,CH106,腸内フローラ乳酸菌 60粒,1,12000,11
700799,20250616,M100366,20250608,CT106,耳そうじシート 40枚,2,19600,11
700800,20250714,M100366,20250608,CS101,かつおチップス 200g,1,12000,11
700801,20250905,M100366,20250608,CT106,耳そうじシート 40枚,1,9800,11
700802,20251023,M100366,20250608,CT101,肉球バーム 100g,1,1650,11
700803,20250319,M100367,20250307,CH103,関節ケアコラーゲン 250g,2,1960,11
700803,20250319,M100367,20250307,CE102,しつけ教室チケット S,1,6800,11
700804,20240407,M100368,20240403,CT108,毛玉ケアジェル 60g,1,980,11
700805,20240929,M100368,20240403,CT104,もこもこ泡シャンプー 300ml,1,9800,09
700806,20260220,M100369,20260208,CT102,肉球バーム 10g,2,13600,11
700806,20260220,M100369,20260208,CS102,ささみチップス 200g,1,4980,11
700807,20241023,M100370,20241019,CH102,毛玉ケアパウダー 180回分,1,1650,11
700807,20241023,M100370,20241019,CS102,ささみチップス 200g,1,4980,11
700807,20241023,M100370,20241019,CE105,年間メンバーパス,1,4980,11
700808,20241231,M100371,20241214,CT106,耳そうじシート 40枚,1,9800,11
700808,20241231,M100371,20241214,CF105,竹のフードスクープ,1,980,11
700809,20250202,M100371,20241214,CT102,肉球バーム 10g,3,20400,11
700810,20240818,M100372,20240810,CS101,かつおチップス 200g,2,24000,11
700810,20240818,M100372,20240810,CT106,耳そうじシート 40枚,1,9800,11
700811,20241224,M100372,20240810,CT103,被毛ケアローション 190ml,1,1650,11
700811,20241224,M100372,20240810,CT106,耳そうじシート 40枚,2,19600,11
700812,20250608,M100372,20240810,CS101,かつおチップス 200g,2,24000,11
700812,20250608,M100372,20240810,CT104,もこもこ泡シャンプー 300ml,1,9800,11
700813,20250601,M100373,20250523,CT102,肉球バーム 10g,1,6800,11
700814,20250913,M100373,20250523,CF102,総合栄養食 まぐろ 100g,2,1960,11
700814,20250913,M100373,20250523,CT104,もこもこ泡シャンプー 300ml,1,9800,11
700815,20260407,M100373,20250523,CS101,かつおチップス 200g,1,12000,11
700816,20260415,M100373,20250523,CT108,毛玉ケアジェル 60g,1,980,11
700817,20250308,M100374,20250228,CT106,耳そうじシート 40枚,1,9800,11
700818,20250408,M100374,20250228,CT104,もこもこ泡シャンプー 300ml,2,19600,11
700818,20250408,M100374,20250228,CS101,かつおチップス 200g,1,12000,11
700819,20240302,M100375,20240218,CT108,毛玉ケアジェル 60g,1,980,11
700819,20240302,M100375,20240218,CH102,毛玉ケアパウダー 180回分,1,1650,11
700820,20240329,M100375,20240218,CT106,耳そうじシート 40枚,1,9800,11
700820,20240329,M100375,20240218,CF101,総合栄養食 まぐろ 500g,2,24000,11
700821,20240624,M100375,20240218,CT106,耳そうじシート 40枚,1,9800,11
700822,20240730,M100375,20240218,CS101,かつおチップス 200g,3,36000,11
700823,20240819,M100375,20240218,CS104,減塩にぼし 500g,1,1280,11
700823,20240819,M100375,20240218,CT102,肉球バーム 10g,1,6800,11
700823,20240819,M100375,20240218,CT106,耳そうじシート 40枚,1,9800,11
700823,20240819,M100375,20240218,CT104,もこもこ泡シャンプー 300ml,1,9800,11
700824,20250926,M100376,20250908,CT105,ふわもこブラシ,1,2980,11
700825,20260501,M100376,20250908,CH102,毛玉ケアパウダー 180回分,3,4950,11
700826,20260613,M100376,20250908,CT104,もこもこ泡シャンプー 300ml,1,9800,11
700826,20260613,M100376,20250908,CS104,減塩にぼし 500g,1,1280,11
700827,20231226,M100377,20200104,CT105,ふわもこブラシ,1,2980,11
700828,20240118,M100377,20200104,CT106,耳そうじシート 40枚,1,9800,11
700828,20240118,M100377,20200104,CT104,もこもこ泡シャンプー 300ml,1,9800,11
700829,20240221,M100377,20200104,CF102,総合栄養食 まぐろ 100g,1,980,11
700830,20240611,M100377,20200104,CT106,耳そうじシート 40枚,1,9800,11
700831,20240717,M100377,20200104,CT104,もこもこ泡シャンプー 300ml,1,9800,09
700831,20240717,M100377,20200104,CT106,耳そうじシート 40枚,1,9800,09
700832,20250923,M100378,20250831,CT104,もこもこ泡シャンプー 300ml,2,19600,11
700833,20240731,M100379,20240724,CS103,またたびスティック 30本,2,7600,11
700833,20240731,M100379,20240724,CT103,被毛ケアローション 190ml,2,3300,11
700833,20240731,M100379,20240724,CS101,かつおチップス 200g,2,24000,11
700834,20251005,M100380,20250918,CS101,かつおチップス 200g,1,12000,11
700834,20251005,M100380,20250918,CT106,耳そうじシート 40枚,1,9800,11
700835,20250611,M100381,20250525,CE105,年間メンバーパス,1,4980,11
700835,20250611,M100381,20250525,CT104,もこもこ泡シャンプー 300ml,2,19600,11
700836,20250824,M100381,20250525,CS104,減塩にぼし 500g,1,1280,11
700836,20250824,M100381,20250525,CS101,かつおチップス 200g,3,36000,11
700836,20250824,M100381,20250525,CE105,年間メンバーパス,1,4980,11
700837,20251125,M100381,20250525,CF102,総合栄養食 まぐろ 100g,1,980,11
700837,20251125,M100381,20250525,CT104,もこもこ泡シャンプー 300ml,1,9800,11
700837,20251125,M100381,20250525,CS103,またたびスティック 30本,1,3800,11
700838,20260417,M100381,20250525,CT106,耳そうじシート 40枚,1,9800,11
700838,20260417,M100381,20250525,CH106,腸内フローラ乳酸菌 60粒,3,36000,11
700839,20260512,M100381,20250525,CE105,年間メンバーパス,1,4980,11
700839,20260512,M100381,20250525,CS101,かつおチップス 200g,1,12000,11
700840,20240212,M100382,20240212,CT104,もこもこ泡シャンプー 300ml,1,9800,11
700841,20240224,M100382,20240212,CT104,もこもこ泡シャンプー 300ml,1,9800,11
700841,20240224,M100382,20240212,CT106,耳そうじシート 40枚,2,19600,11
700842,20240102,M100383,20230621,CE105,年間メンバーパス,2,9960,14
700842,20240102,M100383,20230621,CE103,グルーミング講座,1,3800,14
700843,20240201,M100383,20230621,CS104,減塩にぼし 500g,1,1280,11
700844,20240604,M100383,20230621,CT108,毛玉ケアジェル 60g,3,2940,11
700845,20250209,M100384,20250131,CS101,かつおチップス 200g,1,12000,11
700845,20250209,M100384,20250131,CS102,ささみチップス 200g,1,4980,11
700846,20251207,M100384,20250131,CE105,年間メンバーパス,1,4980,11
700846,20251207,M100384,20250131,CT106,耳そうじシート 40枚,1,9800,11
700847,20260121,M100384,20250131,CT104,もこもこ泡シャンプー 300ml,1,9800,11
700848,20250213,M100385,20250119,CS103,またたびスティック 30本,1,3800,11
700848,20250213,M100385,20250119,CT102,肉球バーム 10g,1,6800,11
700849,20250409,M100385,20250119,CE101,しつけ教室チケット A,2,5960,11
700850,20250417,M100385,20250119,CT106,耳そうじシート 40枚,1,9800,11
700850,20250417,M100385,20250119,CS104,減塩にぼし 500g,1,1280,11
700850,20250417,M100385,20250119,CS101,かつおチップス 200g,2,24000,11
700851,20250429,M100385,20250119,CT103,被毛ケアローション 190ml,3,4950,11
700851,20250429,M100385,20250119,CS101,かつおチップス 200g,1,12000,11
700852,20260413,M100386,20260413,CT106,耳そうじシート 40枚,1,9800,11
700852,20260413,M100386,20260413,CE102,しつけ教室チケット S,1,6800,11
700853,20250117,M100387,20241223,CE105,年間メンバーパス,2,9960,11
700854,20250722,M100387,20241223,CT106,耳そうじシート 40枚,3,29400,11
700855,20240118,M100388,20231230,CS102,ささみチップス 200g,1,4980,11
700856,20251020,M100389,20251005,CH103,関節ケアコラーゲン 250g,1,980,11
700856,20251020,M100389,20251005,CT106,耳そうじシート 40枚,2,19600,11
700856,20251020,M100389,20251005,CS104,減塩にぼし 500g,1,1280,11
700856,20251020,M100389,20251005,CT104,もこもこ泡シャンプー 300ml,1,9800,11
700857,20251220,M100389,20251005,CF102,総合栄養食 まぐろ 100g,1,980,11
700857,20251220,M100389,20251005,CS101,かつおチップス 200g,1,12000,11
700857,20251220,M100389,20251005,CT106,耳そうじシート 40枚,1,9800,11
700858,20240529,M100390,20240517,CT104,もこもこ泡シャンプー 300ml,1,9800,11
700858,20240529,M100390,20240517,CF102,総合栄養食 まぐろ 100g,1,980,11
700859,20251106,M100391,20251102,CS101,かつおチップス 200g,1,12000,11
700860,20251126,M100391,20251102,CS104,減塩にぼし 500g,1,1280,11
700860,20251126,M100391,20251102,CT108,毛玉ケアジェル 60g,2,1960,11
700860,20251126,M100391,20251102,CT106,耳そうじシート 40枚,1,9800,11
700860,20251126,M100391,20251102,CT107,デンタルジェル 50ml,1,1650,11
700861,20241219,M100392,20241203,CE105,年間メンバーパス,1,4980,14
700862,20250111,M100392,20241203,CS104,減塩にぼし 500g,1,1280,11
700862,20250111,M100392,20241203,CT106,耳そうじシート 40枚,1,9800,11
700863,20251219,M100393,20251127,CE105,年間メンバーパス,1,4980,11
700864,20260218,M100393,20251127,CH102,毛玉ケアパウダー 180回分,1,1650,11
700865,20251226,M100394,20251207,CE105,年間メンバーパス,1,4980,11
700865,20251226,M100394,20251207,CS101,かつおチップス 200g,1,12000,11
700865,20251226,M100394,20251207,CT103,被毛ケアローション 190ml,2,3300,11
700866,20260126,M100394,20251207,CH102,毛玉ケアパウダー 180回分,1,1650,11
700866,20260126,M100394,20251207,CE103,グルーミング講座,1,3800,11
700867,20260218,M100394,20251207,CH102,毛玉ケアパウダー 180回分,1,1650,11
700868,20260417,M100394,20251207,CS104,減塩にぼし 500g,1,1280,11
700868,20260417,M100394,20251207,CT106,耳そうじシート 40枚,1,9800,11
700868,20260417,M100394,20251207,CE105,年間メンバーパス,1,4980,11
700869,20240329,M100395,20240325,CT108,毛玉ケアジェル 60g,1,980,11
700870,20240718,M100395,20240325,CS104,減塩にぼし 500g,1,1280,11
700870,20240718,M100395,20240325,CT106,耳そうじシート 40枚,2,19600,11
700871,20240905,M100396,20240901,CF104,給水器フィルター,1,1280,11
700872,20241213,M100396,20240901,CT106,耳そうじシート 40枚,1,9800,11
700873,20240323,M100397,20240306,CT106,耳そうじシート 40枚,3,29400,11
700873,20240323,M100397,20240306,CF102,総合栄養食 まぐろ 100g,1,980,11
700874,20251024,M100398,20251007,CS104,減塩にぼし 500g,1,1280,14
700875,20231226,M100399,20170314,CT102,肉球バーム 10g,1,6800,11
700875,20231226,M100399,20170314,CT106,耳そうじシート 40枚,1,9800,11
700875,20231226,M100399,20170314,CT103,被毛ケアローション 190ml,1,1650,11
700876,20240118,M100399,20170314,CS101,かつおチップス 200g,2,24000,11
700876,20240118,M100399,20170314,CE105,年間メンバーパス,1,4980,11
700876,20240118,M100399,20170314,CT106,耳そうじシート 40枚,1,9800,11
700877,20240130,M100399,20170314,CS101,かつおチップス 200g,1,12000,11
700878,20240604,M100399,20170314,CH102,毛玉ケアパウダー 180回分,1,1650,11
700878,20240604,M100399,20170314,CS104,減塩にぼし 500g,1,1280,11
700879,20240922,M100399,20170314,CS101,かつおチップス 200g,1,12000,11
700880,20241225,M100399,20170314,CS101,かつおチップス 200g,1,12000,11
700881,20240918,M100400,20240903,CF102,総合栄養食 まぐろ 100g,1,980,11
700882,20240715,M100401,20240713,CS103,またたびスティック 30本,2,7600,11
700882,20240715,M100401,20240713,CT106,耳そうじシート 40枚,1,9800,11
700883,20240110,M100402,20210913,CE105,年間メンバーパス,3,14940,11
700883,20240110,M100402,20210913,CS103,またたびスティック 30本,1,3800,11
700884,20240404,M100402,20210913,CT104,もこもこ泡シャンプー 300ml,1,9800,11
700884,20240404,M100402,20210913,CS104,減塩にぼし 500g,1,1280,11
700884,20240404,M100402,20210913,CT108,毛玉ケアジェル 60g,1,980,11
700885,20240510,M100402,20210913,CT103,被毛ケアローション 190ml,1,1650,11
700885,20240510,M100402,20210913,CT104,もこもこ泡シャンプー 300ml,1,9800,11
700885,20240510,M100402,20210913,CE102,しつけ教室チケット S,1,6800,11
700885,20240510,M100402,20210913,CS101,かつおチップス 200g,1,12000,11
700886,20240513,M100403,20240425,CT102,肉球バーム 10g,3,20400,11
700887,20240525,M100404,20240509,CS101,かつおチップス 200g,1,12000,14
700887,20240525,M100404,20240509,CE105,年間メンバーパス,2,9960,14
700888,20240107,M100405,20170501,CT103,被毛ケアローション 190ml,1,1650,11
700889,20260522,M100406,20260520,CE104,オンライン相談パス,1,2200,11
700890,20250120,M100407,20241226,CT104,もこもこ泡シャンプー 300ml,1,9800,11
700890,20250120,M100407,20241226,CT106,耳そうじシート 40枚,1,9800,11
700891,20250408,M100408,20250408,CT104,もこもこ泡シャンプー 300ml,2,19600,11
700891,20250408,M100408,20250408,CS104,減塩にぼし 500g,1,1280,11
700892,20240110,M100409,20240106,CE105,年間メンバーパス,2,9960,11
700893,20240209,M100409,20240106,CS104,減塩にぼし 500g,2,2560,11
700893,20240209,M100409,20240106,CT104,もこもこ泡シャンプー 300ml,1,9800,11
700894,20240424,M100409,20240106,CT106,耳そうじシート 40枚,1,9800,11
700895,20240724,M100409,20240106,CT106,耳そうじシート 40枚,2,19600,11
700895,20240724,M100409,20240106,CS104,減塩にぼし 500g,1,1280,11
700896,20241004,M100409,20240106,CS101,かつおチップス 200g,1,12000,11
700897,20250128,M100410,20250119,CT106,耳そうじシート 40枚,1,9800,11
700897,20250128,M100410,20250119,CT102,肉球バーム 10g,1,6800,11
700898,20250831,M100410,20250119,CT106,耳そうじシート 40枚,1,9800,11
700899,20260129,M100410,20250119,CH106,腸内フローラ乳酸菌 60粒,1,12000,11
700899,20260129,M100410,20250119,CT103,被毛ケアローション 190ml,1,1650,11
700900,20260208,M100410,20250119,CH103,関節ケアコラーゲン 250g,3,2940,11
700901,20260516,M100410,20250119,CS101,かつおチップス 200g,1,12000,11
700902,20260603,M100410,20250119,CT106,耳そうじシート 40枚,1,9800,11
700902,20260603,M100410,20250119,CF101,総合栄養食 まぐろ 500g,1,12000,11
700903,20240112,M100411,20180320,CT103,被毛ケアローション 190ml,1,1650,11
700903,20240112,M100411,20180320,CT102,肉球バーム 10g,3,20400,11
700904,20240502,M100411,20180320,CF102,総合栄養食 まぐろ 100g,1,980,11
700904,20240502,M100411,20180320,CS105,ミルク仕立ておやつ 300g,3,2940,11
700905,20240731,M100411,20180320,CT106,耳そうじシート 40枚,1,9800,11
700906,20241006,M100411,20180320,CT102,肉球バーム 10g,2,13600,11
700907,20241028,M100411,20180320,CT102,肉球バーム 10g,1,6800,11
700907,20241028,M100411,20180320,CT108,毛玉ケアジェル 60g,1,980,11
700908,20250112,M100412,20250109,CT103,被毛ケアローション 190ml,2,3300,09
700909,20240605,M100413,20240516,CS104,減塩にぼし 500g,1,1280,11
700910,20240720,M100413,20240516,CS104,減塩にぼし 500g,1,1280,11
700911,20250409,M100414,20250316,CS104,減塩にぼし 500g,1,1280,11
700911,20250409,M100414,20250316,CT105,ふわもこブラシ,1,2980,11
700912,20260104,M100415,20260101,CT104,もこもこ泡シャンプー 300ml,1,9800,11
700913,20260130,M100415,20260101,CT104,もこもこ泡シャンプー 300ml,1,9800,11
700913,20260130,M100415,20260101,CT103,被毛ケアローション 190ml,2,3300,11
700914,20240811,M100416,20240717,CT102,肉球バーム 10g,1,6800,11
700915,20250718,M100416,20240717,CT104,もこもこ泡シャンプー 300ml,3,29400,14
700916,20251201,M100417,20251126,CT106,耳そうじシート 40枚,1,9800,11
700917,20240108,M100418,20200403,CF102,総合栄養食 まぐろ 100g,1,980,11
700917,20240108,M100418,20200403,CT108,毛玉ケアジェル 60g,2,1960,11
700917,20240108,M100418,20200403,CE105,年間メンバーパス,1,4980,11
700918,20240723,M100418,20200403,CE105,年間メンバーパス,1,4980,11
700918,20240723,M100418,20200403,CF101,総合栄養食 まぐろ 500g,2,24000,11
700919,20240813,M100418,20200403,CE102,しつけ教室チケット S,1,6800,11
700919,20240813,M100418,20200403,CS101,かつおチップス 200g,1,12000,11
700919,20240813,M100418,20200403,CT102,肉球バーム 10g,1,6800,11
700919,20240813,M100418,20200403,CT106,耳そうじシート 40枚,1,9800,11
700920,20240905,M100418,20200403,CT106,耳そうじシート 40枚,2,19600,11
700920,20240905,M100418,20200403,CH102,毛玉ケアパウダー 180回分,1,1650,11
700921,20251209,M100419,20251209,CT104,もこもこ泡シャンプー 300ml,1,9800,09
700922,20241106,M100420,20241019,CT104,もこもこ泡シャンプー 300ml,1,9800,11
700922,20241106,M100420,20241019,CS101,かつおチップス 200g,1,12000,11
700923,20241207,M100421,20241127,CT106,耳そうじシート 40枚,1,9800,11
700924,20241220,M100421,20241127,CE102,しつけ教室チケット S,1,6800,11
700924,20241220,M100421,20241127,CE105,年間メンバーパス,1,4980,11
700925,20250308,M100421,20241127,CS101,かつおチップス 200g,1,12000,11
700926,20260114,M100422,20260114,CS101,かつおチップス 200g,2,24000,11
700926,20260114,M100422,20260114,CH103,関節ケアコラーゲン 250g,1,980,11
700926,20260114,M100422,20260114,CF102,総合栄養食 まぐろ 100g,1,980,11
700927,20240106,M100423,20230613,CS101,かつおチップス 200g,1,12000,11
700928,20240601,M100424,20240530,CT108,毛玉ケアジェル 60g,2,1960,11
700928,20240601,M100424,20240530,CS101,かつおチップス 200g,1,12000,11
700928,20240601,M100424,20240530,CE102,しつけ教室チケット S,1,6800,11
700929,20240707,M100424,20240530,CS101,かつおチップス 200g,1,12000,11
700929,20240707,M100424,20240530,CF101,総合栄養食 まぐろ 500g,1,12000,11
700930,20240817,M100425,20240817,CE105,年間メンバーパス,1,4980,11
700931,20240421,M100426,20240410,CT106,耳そうじシート 40枚,1,9800,09
700932,20251223,M100427,20251208,CT106,耳そうじシート 40枚,3,29400,11
700932,20251223,M100427,20251208,CE102,しつけ教室チケット S,1,6800,11
700932,20251223,M100427,20251208,CF102,総合栄養食 まぐろ 100g,2,1960,11
700933,20260226,M100427,20251208,CT106,耳そうじシート 40枚,1,9800,11
700933,20260226,M100427,20251208,CS104,減塩にぼし 500g,1,1280,11
700933,20260226,M100427,20251208,CT104,もこもこ泡シャンプー 300ml,1,9800,11
700934,20260303,M100428,20260226,CT104,もこもこ泡シャンプー 300ml,2,19600,11
700935,20231221,M100429,20190109,CT108,毛玉ケアジェル 60g,2,1960,11
700935,20231221,M100429,20190109,CS104,減塩にぼし 500g,3,3840,11
700935,20231221,M100429,20190109,CT103,被毛ケアローション 190ml,1,1650,11
700936,20240707,M100430,20240628,CS101,かつおチップス 200g,1,12000,11
700937,20240617,M100431,20240608,CS104,減塩にぼし 500g,1,1280,11
700938,20240802,M100431,20240608,CT102,肉球バーム 10g,1,6800,11
700938,20240802,M100431,20240608,CS104,減塩にぼし 500g,1,1280,11
700938,20240802,M100431,20240608,CT104,もこもこ泡シャンプー 300ml,1,9800,11
700939,20250416,M100432,20250329,CT104,もこもこ泡シャンプー 300ml,1,9800,11
700940,20250509,M100432,20250329,CT103,被毛ケアローション 190ml,2,3300,11
700940,20250509,M100432,20250329,CE105,年間メンバーパス,3,14940,11
700941,20240412,M100433,20240406,CS104,減塩にぼし 500g,1,1280,11
700942,20240419,M100433,20240406,CT104,もこもこ泡シャンプー 300ml,2,19600,11
700943,20250426,M100434,20250414,CE103,グルーミング講座,2,7600,11
700943,20250426,M100434,20250414,CT106,耳そうじシート 40枚,1,9800,11
700944,20250520,M100434,20250414,CT106,耳そうじシート 40枚,1,9800,11
700944,20250520,M100434,20250414,CT104,もこもこ泡シャンプー 300ml,1,9800,11
700945,20250316,M100435,20250223,CS102,ささみチップス 200g,1,4980,11
700946,20241020,M100436,20241012,CT106,耳そうじシート 40枚,1,9800,11
700946,20241020,M100436,20241012,CS101,かつおチップス 200g,1,12000,11
700946,20241020,M100436,20241012,CS104,減塩にぼし 500g,1,1280,11
700947,20250708,M100437,20250621,CT106,耳そうじシート 40枚,1,9800,11
700948,20240918,M100438,20240904,CS104,減塩にぼし 500g,1,1280,11
700949,20251218,M100439,20251216,CT107,デンタルジェル 50ml,1,1650,11
700950,20260301,M100439,20251216,CS101,かつおチップス 200g,1,12000,11
700950,20260301,M100439,20251216,CE105,年間メンバーパス,1,4980,11
700951,20241004,M100440,20240925,CH103,関節ケアコラーゲン 250g,1,980,11
700951,20241004,M100440,20240925,CT104,もこもこ泡シャンプー 300ml,2,19600,11
700952,20241125,M100440,20240925,CH102,毛玉ケアパウダー 180回分,3,4950,11
700952,20241125,M100440,20240925,CF104,給水器フィルター,1,1280,11
700953,20251020,M100441,20251010,CE105,年間メンバーパス,1,4980,09
700953,20251020,M100441,20251010,CS103,またたびスティック 30本,1,3800,09
700954,20260115,M100442,20251231,CT104,もこもこ泡シャンプー 300ml,1,9800,11
700954,20260115,M100442,20251231,CT103,被毛ケアローション 190ml,1,1650,11
700954,20260115,M100442,20251231,CS103,またたびスティック 30本,1,3800,11
700955,20260131,M100442,20251231,CE103,グルーミング講座,1,3800,11
700955,20260131,M100442,20251231,CS101,かつおチップス 200g,1,12000,11
700956,20250402,M100443,20250312,CT104,もこもこ泡シャンプー 300ml,1,9800,11
700956,20250402,M100443,20250312,CT108,毛玉ケアジェル 60g,1,980,11
700957,20250524,M100443,20250312,CT102,肉球バーム 10g,1,6800,11
700957,20250524,M100443,20250312,CE105,年間メンバーパス,1,4980,11
700958,20250616,M100443,20250312,CS104,減塩にぼし 500g,2,2560,11
700959,20240504,M100444,20240419,CT106,耳そうじシート 40枚,1,9800,11
700959,20240504,M100444,20240419,CT103,被毛ケアローション 190ml,1,1650,11
700960,20240605,M100444,20240419,CE105,年間メンバーパス,2,9960,11
700960,20240605,M100444,20240419,CT104,もこもこ泡シャンプー 300ml,2,19600,11
700961,20250130,M100445,20250126,CS101,かつおチップス 200g,1,12000,11
700961,20250130,M100445,20250126,CT108,毛玉ケアジェル 60g,2,1960,11
700962,20250321,M100445,20250126,CE105,年間メンバーパス,1,4980,11
700963,20250505,M100445,20250126,CS101,かつおチップス 200g,1,12000,11
700963,20250505,M100445,20250126,CT106,耳そうじシート 40枚,1,9800,11
700964,20250620,M100445,20250126,CE105,年間メンバーパス,1,4980,11
700965,20260427,M100446,20260408,CT104,もこもこ泡シャンプー 300ml,1,9800,14
700965,20260427,M100446,20260408,CH102,毛玉ケアパウダー 180回分,1,1650,14
700966,20240308,M100447,20240214,CT106,耳そうじシート 40枚,1,9800,11
700966,20240308,M100447,20240214,CT104,もこもこ泡シャンプー 300ml,1,9800,11
700967,20240423,M100448,20240401,CE103,グルーミング講座,1,3800,11
700967,20240423,M100448,20240401,CT104,もこもこ泡シャンプー 300ml,1,9800,11
700968,20240707,M100448,20240401,CT102,肉球バーム 10g,1,6800,11
700969,20250112,M100448,20240401,CT108,毛玉ケアジェル 60g,2,1960,11
700970,20240607,M100449,20240531,CS101,かつおチップス 200g,1,12000,11
700971,20260323,M100450,20260313,CE105,年間メンバーパス,1,4980,11
700971,20260323,M100450,20260313,CS104,減塩にぼし 500g,1,1280,11
700972,20260418,M100450,20260313,CT102,肉球バーム 10g,1,6800,11
700973,20260507,M100450,20260313,CT106,耳そうじシート 40枚,2,19600,11
700974,20231226,M100451,20160415,CH105,鉄分＋葉酸タブレット 90粒,1,1280,11
700974,20231226,M100451,20160415,CT104,もこもこ泡シャンプー 300ml,1,9800,11
700975,20240305,M100451,20160415,CT106,耳そうじシート 40枚,1,9800,11
700975,20240305,M100451,20160415,CS101,かつおチップス 200g,1,12000,11
700975,20240305,M100451,20160415,CT102,肉球バーム 10g,1,6800,11
700976,20240513,M100451,20160415,CT106,耳そうじシート 40枚,1,9800,11
700977,20240829,M100451,20160415,CT108,毛玉ケアジェル 60g,1,980,11
700978,20240506,M100452,20240422,CS104,減塩にぼし 500g,1,1280,11
700979,20231230,M100453,20160719,CE105,年間メンバーパス,1,4980,11
700979,20231230,M100453,20160719,CS101,かつおチップス 200g,1,12000,11
700979,20231230,M100453,20160719,CT104,もこもこ泡シャンプー 300ml,1,9800,11
700980,20250828,M100454,20250815,CT106,耳そうじシート 40枚,1,9800,11
700980,20250828,M100454,20250815,CT104,もこもこ泡シャンプー 300ml,1,9800,11
700981,20260212,M100455,20260206,CE105,年間メンバーパス,1,4980,11
700982,20260413,M100455,20260206,CE103,グルーミング講座,2,7600,11
700983,20260219,M100456,20260129,CT104,もこもこ泡シャンプー 300ml,1,9800,11
700983,20260219,M100456,20260129,CF102,総合栄養食 まぐろ 100g,1,980,11
700984,20240728,M100457,20240709,CS101,かつおチップス 200g,3,36000,11
700984,20240728,M100457,20240709,CT106,耳そうじシート 40枚,1,9800,11
700984,20240728,M100457,20240709,CS104,減塩にぼし 500g,1,1280,11
700985,20240102,M100458,20200108,CS102,ささみチップス 200g,1,4980,11
700985,20240102,M100458,20200108,CT104,もこもこ泡シャンプー 300ml,1,9800,11
700985,20240102,M100458,20200108,CT106,耳そうじシート 40枚,3,29400,11
700985,20240102,M100458,20200108,CT102,肉球バーム 10g,1,6800,11
700986,20240416,M100458,20200108,CS103,またたびスティック 30本,1,3800,11
700987,20240425,M100458,20200108,CT102,肉球バーム 10g,1,6800,11
700988,20240831,M100458,20200108,CS103,またたびスティック 30本,2,7600,11
700988,20240831,M100458,20200108,CS104,減塩にぼし 500g,1,1280,11
700989,20250603,M100459,20250513,CE105,年間メンバーパス,1,4980,11
700989,20250603,M100459,20250513,CT106,耳そうじシート 40枚,1,9800,11
700989,20250603,M100459,20250513,CH102,毛玉ケアパウダー 180回分,1,1650,11
700990,20240102,M100460,20210906,CT104,もこもこ泡シャンプー 300ml,1,9800,11
700991,20240409,M100460,20210906,CS104,減塩にぼし 500g,1,1280,09
700992,20240725,M100460,20210906,CT102,肉球バーム 10g,1,6800,11
700993,20240828,M100460,20210906,CT104,もこもこ泡シャンプー 300ml,1,9800,11
700993,20240828,M100460,20210906,CT103,被毛ケアローション 190ml,1,1650,11
700993,20240828,M100460,20210906,CE102,しつけ教室チケット S,1,6800,11
700994,20240908,M100460,20210906,CT102,肉球バーム 10g,1,6800,11
700995,20250617,M100460,20210906,CS104,減塩にぼし 500g,1,1280,11
700995,20250617,M100460,20210906,CE102,しつけ教室チケット S,1,6800,11
700996,20250705,M100460,20210906,CT106,耳そうじシート 40枚,1,9800,11
700996,20250705,M100460,20210906,CS103,またたびスティック 30本,1,3800,11
700997,20260116,M100460,20210906,CT102,肉球バーム 10g,2,13600,11
700997,20260116,M100460,20210906,CF101,総合栄養食 まぐろ 500g,1,12000,11
700998,20250125,M100461,20250111,CE105,年間メンバーパス,1,4980,11
700998,20250125,M100461,20250111,CT104,もこもこ泡シャンプー 300ml,1,9800,11
700999,20250302,M100461,20250111,CS101,かつおチップス 200g,1,12000,11
700999,20250302,M100461,20250111,CT102,肉球バーム 10g,2,13600,11
701000,20250317,M100461,20250111,CF102,総合栄養食 まぐろ 100g,1,980,11
701000,20250317,M100461,20250111,CT106,耳そうじシート 40枚,1,9800,11
701000,20250317,M100461,20250111,CT104,もこもこ泡シャンプー 300ml,1,9800,11
701001,20250426,M100461,20250111,CS104,減塩にぼし 500g,2,2560,11
701002,20240601,M100462,20240515,CT106,耳そうじシート 40枚,1,9800,11
701003,20240825,M100463,20240731,CT106,耳そうじシート 40枚,2,19600,11
701003,20240825,M100463,20240731,CS101,かつおチップス 200g,1,12000,11
701003,20240825,M100463,20240731,CH101,猫用マルチビタミン 180粒,2,1960,11
701003,20240825,M100463,20240731,CT104,もこもこ泡シャンプー 300ml,2,19600,11
701004,20240913,M100463,20240731,CH102,毛玉ケアパウダー 180回分,1,1650,11
701005,20260529,M100464,20260506,CH102,毛玉ケアパウダー 180回分,1,1650,11
701006,20260614,M100464,20260506,CT108,毛玉ケアジェル 60g,1,980,11
701007,20260501,M100465,20260428,CT106,耳そうじシート 40枚,1,9800,14
701008,20241224,M100466,20241130,CT102,肉球バーム 10g,1,6800,11
701009,20251008,M100467,20250915,CF105,竹のフードスクープ,1,980,11
701010,20251114,M100468,20251020,CS103,またたびスティック 30本,1,3800,11
701010,20251114,M100468,20251020,CT106,耳そうじシート 40枚,2,19600,11
701011,20260106,M100468,20251020,CH102,毛玉ケアパウダー 180回分,1,1650,11
701012,20260117,M100468,20251020,CE105,年間メンバーパス,1,4980,11
701012,20260117,M100468,20251020,CS104,減塩にぼし 500g,1,1280,11
701013,20260129,M100468,20251020,CT103,被毛ケアローション 190ml,1,1650,11
701013,20260129,M100468,20251020,CF102,総合栄養食 まぐろ 100g,2,1960,11
701014,20240911,M100469,20240901,CS101,かつおチップス 200g,3,36000,11
701014,20240911,M100469,20240901,CT104,もこもこ泡シャンプー 300ml,1,9800,11
701015,20241010,M100469,20240901,CS104,減塩にぼし 500g,1,1280,11
701016,20251112,M100470,20251112,CS101,かつおチップス 200g,1,12000,11
701017,20260306,M100470,20251112,CF104,給水器フィルター,1,1280,11
701017,20260306,M100470,20251112,CT106,耳そうじシート 40枚,1,9800,11
701018,20260313,M100470,20251112,CT102,肉球バーム 10g,1,6800,11
701019,20260221,M100471,20260213,CT102,肉球バーム 10g,2,13600,11
701020,20250701,M100472,20250623,CT106,耳そうじシート 40枚,1,9800,11
701021,20250709,M100472,20250623,CT104,もこもこ泡シャンプー 300ml,2,19600,11
701022,20250724,M100472,20250623,CT103,被毛ケアローション 190ml,1,1650,11
701022,20250724,M100472,20250623,CT106,耳そうじシート 40枚,1,9800,11
701023,20251022,M100472,20250623,CT108,毛玉ケアジェル 60g,1,980,11
701023,20251022,M100472,20250623,CS101,かつおチップス 200g,1,12000,11
701024,20241118,M100473,20241106,CT108,毛玉ケアジェル 60g,1,980,11
701024,20241118,M100473,20241106,CS101,かつおチップス 200g,1,12000,11
701024,20241118,M100473,20241106,CH102,毛玉ケアパウダー 180回分,3,4950,11
701025,20250101,M100473,20241106,CS101,かつおチップス 200g,1,12000,14
701026,20250714,M100473,20241106,CT106,耳そうじシート 40枚,1,9800,11
701026,20250714,M100473,20241106,CE105,年間メンバーパス,1,4980,11
701027,20251015,M100473,20241106,CS101,かつおチップス 200g,1,12000,11
701028,20260317,M100473,20241106,CT106,耳そうじシート 40枚,1,9800,14
701029,20250305,M100474,20250217,CS104,減塩にぼし 500g,1,1280,11
701029,20250305,M100474,20250217,CT102,肉球バーム 10g,2,13600,11
701030,20250413,M100474,20250217,CS104,減塩にぼし 500g,1,1280,11
701030,20250413,M100474,20250217,CT106,耳そうじシート 40枚,1,9800,11
701031,20250508,M100474,20250217,CS101,かつおチップス 200g,2,24000,11
701032,20250903,M100474,20250217,CT106,耳そうじシート 40枚,1,9800,11
701032,20250903,M100474,20250217,CT102,肉球バーム 10g,1,6800,11
701033,20251024,M100474,20250217,CS101,かつおチップス 200g,1,12000,11
701033,20251024,M100474,20250217,CT102,肉球バーム 10g,1,6800,11
701033,20251024,M100474,20250217,CT103,被毛ケアローション 190ml,2,3300,11
701033,20251024,M100474,20250217,CT106,耳そうじシート 40枚,1,9800,11
701034,20251027,M100475,20251011,CE105,年間メンバーパス,1,4980,11
701035,20251116,M100476,20251029,CS104,減塩にぼし 500g,1,1280,11
701036,20241226,M100477,20241216,CH102,毛玉ケアパウダー 180回分,1,1650,14
701036,20241226,M100477,20241216,CH106,腸内フローラ乳酸菌 60粒,2,24000,14
701037,20250123,M100477,20241216,CT106,耳そうじシート 40枚,1,9800,11
701038,20250131,M100477,20241216,CT108,毛玉ケアジェル 60g,1,980,11
701039,20250529,M100477,20241216,CT106,耳そうじシート 40枚,1,9800,11
701040,20240814,M100478,20240721,CS101,かつおチップス 200g,1,12000,11
701040,20240814,M100478,20240721,CS104,減塩にぼし 500g,1,1280,11
701041,20240924,M100478,20240721,CE102,しつけ教室チケット S,1,6800,11
701041,20240924,M100478,20240721,CT104,もこもこ泡シャンプー 300ml,1,9800,11
701042,20250428,M100478,20240721,CS101,かつおチップス 200g,2,24000,11
701043,20240430,M100479,20240409,CS101,かつおチップス 200g,1,12000,11
701044,20240511,M100479,20240409,CE101,しつけ教室チケット A,1,2980,11
701044,20240511,M100479,20240409,CT104,もこもこ泡シャンプー 300ml,1,9800,11
701044,20240511,M100479,20240409,CT108,毛玉ケアジェル 60g,2,1960,11
701045,20240614,M100479,20240409,CS104,減塩にぼし 500g,1,1280,11
701045,20240614,M100479,20240409,CT104,もこもこ泡シャンプー 300ml,1,9800,11
701046,20240710,M100479,20240409,CT108,毛玉ケアジェル 60g,1,980,11
701046,20240710,M100479,20240409,CT104,もこもこ泡シャンプー 300ml,2,19600,11
701047,20250110,M100479,20240409,CE103,グルーミング講座,1,3800,11
701047,20250110,M100479,20240409,CS101,かつおチップス 200g,1,12000,11
701048,20250416,M100479,20240409,CT104,もこもこ泡シャンプー 300ml,1,9800,11
701049,20240604,M100480,20240601,CT106,耳そうじシート 40枚,2,19600,11
701050,20250828,M100481,20250820,CS103,またたびスティック 30本,1,3800,11
701051,20251119,M100481,20250820,CE105,年間メンバーパス,1,4980,11
701052,20251202,M100481,20250820,CT108,毛玉ケアジェル 60g,1,980,11
701053,20260504,M100481,20250820,CT108,毛玉ケアジェル 60g,1,980,11
701054,20241210,M100482,20241208,CH101,猫用マルチビタミン 180粒,1,980,11
701054,20241210,M100482,20241208,CF102,総合栄養食 まぐろ 100g,1,980,11
701055,20250106,M100482,20241208,CS101,かつおチップス 200g,1,12000,11
701055,20250106,M100482,20241208,CT101,肉球バーム 100g,1,1650,11
701056,20251002,M100483,20250907,CS101,かつおチップス 200g,1,12000,11
701057,20251016,M100483,20250907,CT104,もこもこ泡シャンプー 300ml,2,19600,11
701057,20251016,M100483,20250907,CT103,被毛ケアローション 190ml,1,1650,11
701058,20251214,M100483,20250907,CT106,耳そうじシート 40枚,1,9800,09
701058,20251214,M100483,20250907,CF103,陶器のごはん皿 S,2,3300,09
701058,20251214,M100483,20250907,CE105,年間メンバーパス,1,4980,09
701059,20251025,M100484,20251006,CT103,被毛ケアローション 190ml,1,1650,11
701060,20251205,M100484,20251006,CT106,耳そうじシート 40枚,1,9800,11
701060,20251205,M100484,20251006,CS104,減塩にぼし 500g,1,1280,11
701061,20260113,M100484,20251006,CS101,かつおチップス 200g,1,12000,11
701061,20260113,M100484,20251006,CT104,もこもこ泡シャンプー 300ml,1,9800,11
701062,20250923,M100485,20250831,CS101,かつおチップス 200g,2,24000,11
701063,20251116,M100485,20250831,CH102,毛玉ケアパウダー 180回分,1,1650,11
701063,20251116,M100485,20250831,CF106,フードストッカー 1L,1,3800,11
701063,20251116,M100485,20250831,CS104,減塩にぼし 500g,2,2560,11
701064,20260325,M100485,20250831,CS101,かつおチップス 200g,1,12000,11
701065,20240606,M100486,20240520,CT106,耳そうじシート 40枚,3,29400,09
701066,20240801,M100486,20240520,CF101,総合栄養食 まぐろ 500g,1,12000,11
701067,20240907,M100487,20240831,CT108,毛玉ケアジェル 60g,1,980,11
701068,20250423,M100487,20240831,CT102,肉球バーム 10g,3,20400,11
701068,20250423,M100487,20240831,CT108,毛玉ケアジェル 60g,1,980,11
701069,20250630,M100487,20240831,CT106,耳そうじシート 40枚,1,9800,11
701070,20251106,M100488,20251016,CF101,総合栄養食 まぐろ 500g,1,12000,11
701070,20251106,M100488,20251016,CT104,もこもこ泡シャンプー 300ml,3,29400,11
701071,20251223,M100488,20251016,CT106,耳そうじシート 40枚,1,9800,11
701072,20260407,M100488,20251016,CT102,肉球バーム 10g,1,6800,11
701072,20260407,M100488,20251016,CF101,総合栄養食 まぐろ 500g,2,24000,11
701072,20260407,M100488,20251016,CF103,陶器のごはん皿 S,1,1650,11
701073,20260514,M100488,20251016,CT104,もこもこ泡シャンプー 300ml,1,9800,11
701073,20260514,M100488,20251016,CT108,毛玉ケアジェル 60g,1,980,11
701074,20260221,M100489,20260214,CH102,毛玉ケアパウダー 180回分,1,1650,11
701075,20260228,M100489,20260214,CF105,竹のフードスクープ,1,980,11
701076,20260311,M100489,20260214,CT106,耳そうじシート 40枚,1,9800,11
701076,20260311,M100489,20260214,CT102,肉球バーム 10g,1,6800,11
701077,20240328,M100490,20240313,CT106,耳そうじシート 40枚,1,9800,11
701078,20240514,M100490,20240313,CE105,年間メンバーパス,1,4980,11
701078,20240514,M100490,20240313,CT102,肉球バーム 10g,1,6800,11
701078,20240514,M100490,20240313,CS104,減塩にぼし 500g,2,2560,11
701079,20260601,M100491,20260512,CH102,毛玉ケアパウダー 180回分,1,1650,14
701079,20260601,M100491,20260512,CS101,かつおチップス 200g,1,12000,14
701080,20250224,M100492,20250213,CH102,毛玉ケアパウダー 180回分,1,1650,11
701080,20250224,M100492,20250213,CS105,ミルク仕立ておやつ 300g,1,980,11
701081,20240112,M100493,20210331,CS102,ささみチップス 200g,1,4980,11
701082,20240128,M100493,20210331,CT108,毛玉ケアジェル 60g,2,1960,11
701083,20231221,M100494,20161024,CS104,減塩にぼし 500g,1,1280,11
701083,20231221,M100494,20161024,CT106,耳そうじシート 40枚,3,29400,11
701084,20231231,M100494,20161024,CS104,減塩にぼし 500g,1,1280,11
701084,20231231,M100494,20161024,CT102,肉球バーム 10g,1,6800,11
701084,20231231,M100494,20161024,CS101,かつおチップス 200g,1,12000,11
701085,20240113,M100495,20190106,CS101,かつおチップス 200g,1,12000,11
701085,20240113,M100495,20190106,CT108,毛玉ケアジェル 60g,1,980,11
701086,20260121,M100496,20260119,CS103,またたびスティック 30本,1,3800,11
701086,20260121,M100496,20260119,CE105,年間メンバーパス,2,9960,11
701087,20240118,M100497,20231231,CH106,腸内フローラ乳酸菌 60粒,1,12000,11
701088,20240909,M100497,20231231,CT108,毛玉ケアジェル 60g,1,980,11
701089,20240621,M100498,20240621,CT104,もこもこ泡シャンプー 300ml,2,19600,11
701089,20240621,M100498,20240621,CT106,耳そうじシート 40枚,1,9800,11
701090,20240726,M100498,20240621,CT103,被毛ケアローション 190ml,1,1650,11
701090,20240726,M100498,20240621,CS104,減塩にぼし 500g,1,1280,11
701091,20241121,M100499,20241108,CF101,総合栄養食 まぐろ 500g,1,12000,09
701091,20241121,M100499,20241108,CH103,関節ケアコラーゲン 250g,1,980,09
701092,20241231,M100499,20241108,CT104,もこもこ泡シャンプー 300ml,1,9800,11
701092,20241231,M100499,20241108,CT103,被毛ケアローション 190ml,1,1650,11
701092,20241231,M100499,20241108,CS104,減塩にぼし 500g,1,1280,11
701093,20250508,M100500,20250413,CT106,耳そうじシート 40枚,2,19600,11
701093,20250508,M100500,20250413,CT102,肉球バーム 10g,2,13600,11
701093,20250508,M100500,20250413,CS103,またたびスティック 30本,1,3800,11
701093,20250508,M100500,20250413,CT104,もこもこ泡シャンプー 300ml,1,9800,11
701094,20250518,M100500,20250413,CE102,しつけ教室チケット S,3,20400,11
701095,20250610,M100500,20250413,CT103,被毛ケアローション 190ml,1,1650,11
701096,20260527,M100501,20260526,CH102,毛玉ケアパウダー 180回分,1,1650,11
701096,20260527,M100501,20260526,CS101,かつおチップス 200g,1,12000,11
701097,20250129,M100502,20250116,CT102,肉球バーム 10g,2,13600,11
701098,20251228,M100502,20250116,CT106,耳そうじシート 40枚,2,19600,11
701099,20240702,M100503,20240609,CT102,肉球バーム 10g,1,6800,11
701099,20240702,M100503,20240609,CT106,耳そうじシート 40枚,1,9800,11
701099,20240702,M100503,20240609,CS101,かつおチップス 200g,2,24000,11
701100,20240806,M100503,20240609,CT104,もこもこ泡シャンプー 300ml,2,19600,11
701101,20241020,M100503,20240609,CE105,年間メンバーパス,1,4980,11
701101,20241020,M100503,20240609,CT102,肉球バーム 10g,1,6800,11
701102,20250214,M100504,20250212,CE105,年間メンバーパス,3,14940,09
701103,20250716,M100505,20250710,CT106,耳そうじシート 40枚,3,29400,11
701104,20250823,M100505,20250710,CT104,もこもこ泡シャンプー 300ml,1,9800,11
701105,20250911,M100506,20250826,CT102,肉球バーム 10g,1,6800,11
701106,20260103,M100507,20251212,CE102,しつけ教室チケット S,1,6800,11
701107,20260115,M100507,20251212,CT104,もこもこ泡シャンプー 300ml,1,9800,11
701107,20260115,M100507,20251212,CH103,関節ケアコラーゲン 250g,1,980,11
701108,20251215,M100508,20251203,CH102,毛玉ケアパウダー 180回分,1,1650,09
701108,20251215,M100508,20251203,CS104,減塩にぼし 500g,1,1280,09
701109,20260601,M100508,20251203,CT102,肉球バーム 10g,1,6800,11
701110,20260121,M100509,20260120,CT104,もこもこ泡シャンプー 300ml,1,9800,14
701111,20260312,M100509,20260120,CE105,年間メンバーパス,1,4980,11
701112,20260603,M100509,20260120,CT104,もこもこ泡シャンプー 300ml,1,9800,11
701112,20260603,M100509,20260120,CE102,しつけ教室チケット S,1,6800,11
701112,20260603,M100509,20260120,CE105,年間メンバーパス,1,4980,11
701113,20250522,M100510,20250511,CT108,毛玉ケアジェル 60g,1,980,11
701113,20250522,M100510,20250511,CT106,耳そうじシート 40枚,1,9800,11
701114,20250302,M100511,20250302,CT104,もこもこ泡シャンプー 300ml,1,9800,11
701114,20250302,M100511,20250302,CE103,グルーミング講座,1,3800,11
701114,20250302,M100511,20250302,CS101,かつおチップス 200g,1,12000,11
701114,20250302,M100511,20250302,CS104,減塩にぼし 500g,1,1280,11
701115,20250322,M100511,20250302,CT104,もこもこ泡シャンプー 300ml,1,9800,11
701116,20250823,M100511,20250302,CT108,毛玉ケアジェル 60g,1,980,11
701117,20240108,M100512,20210827,CT106,耳そうじシート 40枚,1,9800,11
701117,20240108,M100512,20210827,CT102,肉球バーム 10g,1,6800,11
701118,20240611,M100512,20210827,CT106,耳そうじシート 40枚,1,9800,11
701118,20240611,M100512,20210827,CS104,減塩にぼし 500g,2,2560,11
701118,20240611,M100512,20210827,CH102,毛玉ケアパウダー 180回分,1,1650,11
701119,20240627,M100512,20210827,CS104,減塩にぼし 500g,1,1280,11
701120,20250602,M100513,20250526,CS104,減塩にぼし 500g,1,1280,11
701121,20260202,M100513,20250526,CT108,毛玉ケアジェル 60g,1,980,11
701122,20241225,M100514,20241209,CT106,耳そうじシート 40枚,1,9800,11
701123,20250810,M100514,20241209,CT104,もこもこ泡シャンプー 300ml,1,9800,11
701123,20250810,M100514,20241209,CS101,かつおチップス 200g,1,12000,11
701124,20240922,M100515,20240911,CT106,耳そうじシート 40枚,1,9800,11
701124,20240922,M100515,20240911,CS104,減塩にぼし 500g,1,1280,11
701125,20241119,M100515,20240911,CS104,減塩にぼし 500g,1,1280,11
701126,20231230,M100516,20180501,CS104,減塩にぼし 500g,2,2560,11
701126,20231230,M100516,20180501,CS102,ささみチップス 200g,2,9960,11
701127,20240715,M100517,20240701,CT102,肉球バーム 10g,1,6800,11
701127,20240715,M100517,20240701,CT104,もこもこ泡シャンプー 300ml,3,29400,11
701128,20250302,M100517,20240701,CT101,肉球バーム 100g,1,1650,11
701128,20250302,M100517,20240701,CT103,被毛ケアローション 190ml,3,4950,11
701129,20241028,M100518,20241027,CT106,耳そうじシート 40枚,1,9800,11
701130,20240210,M100519,20240203,CS101,かつおチップス 200g,2,24000,11
701130,20240210,M100519,20240203,CT102,肉球バーム 10g,1,6800,11
701131,20240124,M100520,20240113,CT108,毛玉ケアジェル 60g,1,980,11
701131,20240124,M100520,20240113,CS101,かつおチップス 200g,1,12000,11
701132,20240511,M100521,20240420,CF103,陶器のごはん皿 S,1,1650,11
701132,20240511,M100521,20240420,CT104,もこもこ泡シャンプー 300ml,1,9800,11
701133,20241018,M100521,20240420,CS104,減塩にぼし 500g,1,1280,11
701133,20241018,M100521,20240420,CH102,毛玉ケアパウダー 180回分,1,1650,11
701133,20241018,M100521,20240420,CT102,肉球バーム 10g,1,6800,11
701134,20240819,M100522,20240730,CE105,年間メンバーパス,1,4980,11
701134,20240819,M100522,20240730,CH106,腸内フローラ乳酸菌 60粒,3,36000,11
701134,20240819,M100522,20240730,CT108,毛玉ケアジェル 60g,2,1960,11
701135,20241205,M100522,20240730,CS101,かつおチップス 200g,1,12000,11
701136,20250813,M100522,20240730,CT108,毛玉ケアジェル 60g,1,980,11
701137,20260325,M100523,20260320,CF101,総合栄養食 まぐろ 500g,2,24000,11
701137,20260325,M100523,20260320,CT103,被毛ケアローション 190ml,1,1650,11
701137,20260325,M100523,20260320,CT102,肉球バーム 10g,2,13600,11
701138,20260429,M100523,20260320,CH101,猫用マルチビタミン 180粒,2,1960,11
701139,20240204,M100524,20240126,CT103,被毛ケアローション 190ml,2,3300,11
701140,20240316,M100524,20240126,CE105,年間メンバーパス,1,4980,11
701141,20240415,M100524,20240126,CT101,肉球バーム 100g,3,4950,11
701142,20240523,M100524,20240126,CT104,もこもこ泡シャンプー 300ml,1,9800,11
701142,20240523,M100524,20240126,CT108,毛玉ケアジェル 60g,1,980,11
701142,20240523,M100524,20240126,CF102,総合栄養食 まぐろ 100g,1,980,11
701143,20250112,M100524,20240126,CT104,もこもこ泡シャンプー 300ml,2,19600,11
701143,20250112,M100524,20240126,CF104,給水器フィルター,2,2560,11
701144,20250319,M100524,20240126,CT103,被毛ケアローション 190ml,2,3300,09
701144,20250319,M100524,20240126,CE102,しつけ教室チケット S,1,6800,09
701144,20250319,M100524,20240126,CS104,減塩にぼし 500g,1,1280,09
701145,20260504,M100525,20260425,CE105,年間メンバーパス,2,9960,11
701145,20260504,M100525,20260425,CT106,耳そうじシート 40枚,1,9800,11
701146,20251201,M100526,20251123,CT101,肉球バーム 100g,1,1650,11
701147,20260420,M100527,20260410,CS104,減塩にぼし 500g,2,2560,11
701148,20240318,M100528,20240317,CS101,かつおチップス 200g,1,12000,14
701149,20240626,M100528,20240317,CT106,耳そうじシート 40枚,1,9800,11
701149,20240626,M100528,20240317,CT104,もこもこ泡シャンプー 300ml,1,9800,11
701150,20260511,M100529,20260507,CS104,減塩にぼし 500g,1,1280,11
701151,20260529,M100529,20260507,CH102,毛玉ケアパウダー 180回分,1,1650,11
701152,20241115,M100530,20241107,CE102,しつけ教室チケット S,1,6800,11
701153,20241209,M100530,20241107,CT102,肉球バーム 10g,1,6800,11
701153,20241209,M100530,20241107,CT106,耳そうじシート 40枚,1,9800,11
701154,20240101,M100531,20220915,CT106,耳そうじシート 40枚,1,9800,11
701155,20240130,M100531,20220915,CS101,かつおチップス 200g,1,12000,11
701156,20241220,M100532,20241203,CH104,オメガ3ソフトカプセル 120粒,1,980,11
701156,20241220,M100532,20241203,CT102,肉球バーム 10g,1,6800,11
701157,20251118,M100533,20251110,CS101,かつおチップス 200g,1,12000,11
701158,20260111,M100533,20251110,CS101,かつおチップス 200g,1,12000,11
701158,20260111,M100533,20251110,CS104,減塩にぼし 500g,1,1280,11
701158,20260111,M100533,20251110,CT104,もこもこ泡シャンプー 300ml,1,9800,11
701158,20260111,M100533,20251110,CT106,耳そうじシート 40枚,1,9800,11
701159,20260304,M100533,20251110,CT108,毛玉ケアジェル 60g,2,1960,11
701160,20260325,M100533,20251110,CT106,耳そうじシート 40枚,1,9800,11
701160,20260325,M100533,20251110,CT104,もこもこ泡シャンプー 300ml,1,9800,11
701161,20251025,M100534,20251012,CE105,年間メンバーパス,1,4980,11
701162,20260228,M100534,20251012,CT106,耳そうじシート 40枚,1,9800,11
701163,20250921,M100535,20250902,CT106,耳そうじシート 40枚,1,9800,11
701164,20260326,M100535,20250902,CF102,総合栄養食 まぐろ 100g,1,980,11
701165,20260503,M100535,20250902,CT104,もこもこ泡シャンプー 300ml,1,9800,11
701165,20260503,M100535,20250902,CT106,耳そうじシート 40枚,2,19600,11
701166,20260605,M100535,20250902,CS103,またたびスティック 30本,1,3800,11
701166,20260605,M100535,20250902,CT104,もこもこ泡シャンプー 300ml,1,9800,11
701166,20260605,M100535,20250902,CT106,耳そうじシート 40枚,1,9800,11
701167,20250429,M100536,20250412,CT104,もこもこ泡シャンプー 300ml,1,9800,11
701168,20250524,M100536,20250412,CT106,耳そうじシート 40枚,1,9800,11
701168,20250524,M100536,20250412,CT104,もこもこ泡シャンプー 300ml,1,9800,11
701169,20260123,M100537,20260117,CT106,耳そうじシート 40枚,1,9800,14
701169,20260123,M100537,20260117,CS104,減塩にぼし 500g,1,1280,14
701169,20260123,M100537,20260117,CE105,年間メンバーパス,1,4980,14
701170,20250913,M100538,20250910,CS103,またたびスティック 30本,1,3800,11
701171,20240618,M100539,20240527,CT106,耳そうじシート 40枚,1,9800,11
701171,20240618,M100539,20240527,CT103,被毛ケアローション 190ml,1,1650,11
701172,20240102,M100540,20231224,CT104,もこもこ泡シャンプー 300ml,1,9800,11
701172,20240102,M100540,20231224,CH106,腸内フローラ乳酸菌 60粒,1,12000,11
701173,20251111,M100541,20251031,CT104,もこもこ泡シャンプー 300ml,3,29400,11
701174,20251224,M100541,20251031,CT106,耳そうじシート 40枚,1,9800,11
701175,20260521,M100541,20251031,CT106,耳そうじシート 40枚,1,9800,11
701175,20260521,M100541,20251031,CS101,かつおチップス 200g,1,12000,11
701176,20240226,M100542,20240215,CT106,耳そうじシート 40枚,1,9800,11
701177,20240930,M100543,20240927,CT104,もこもこ泡シャンプー 300ml,2,19600,11
701177,20240930,M100543,20240927,CT103,被毛ケアローション 190ml,1,1650,11
701178,20231222,M100544,20170917,CS101,かつおチップス 200g,1,12000,14
701178,20231222,M100544,20170917,CT102,肉球バーム 10g,1,6800,14
701179,20240125,M100544,20170917,CT104,もこもこ泡シャンプー 300ml,2,19600,11
701179,20240125,M100544,20170917,CT106,耳そうじシート 40枚,1,9800,11
701180,20260530,M100545,20260518,CE102,しつけ教室チケット S,1,6800,11
701181,20250923,M100546,20250916,CT106,耳そうじシート 40枚,1,9800,11
701181,20250923,M100546,20250916,CS101,かつおチップス 200g,1,12000,11
701181,20250923,M100546,20250916,CF102,総合栄養食 まぐろ 100g,1,980,11
701182,20250802,M100547,20250724,CH101,猫用マルチビタミン 180粒,1,980,11
701182,20250802,M100547,20250724,CT102,肉球バーム 10g,1,6800,11
701183,20250922,M100547,20250724,CS104,減塩にぼし 500g,1,1280,11
701183,20250922,M100547,20250724,CT106,耳そうじシート 40枚,1,9800,11
701184,20251123,M100547,20250724,CT104,もこもこ泡シャンプー 300ml,2,19600,11
701185,20260113,M100547,20250724,CT103,被毛ケアローション 190ml,1,1650,11
701186,20260209,M100547,20250724,CT106,耳そうじシート 40枚,1,9800,11
701186,20260209,M100547,20250724,CT103,被毛ケアローション 190ml,1,1650,11
701186,20260209,M100547,20250724,CS104,減塩にぼし 500g,1,1280,11
701187,20240512,M100548,20240427,CT106,耳そうじシート 40枚,1,9800,11
701188,20240529,M100549,20240525,CE105,年間メンバーパス,1,4980,11
701188,20240529,M100549,20240525,CT108,毛玉ケアジェル 60g,1,980,11
701188,20240529,M100549,20240525,CT106,耳そうじシート 40枚,1,9800,11
701189,20240815,M100549,20240525,CT106,耳そうじシート 40枚,1,9800,11
701189,20240815,M100549,20240525,CT102,肉球バーム 10g,2,13600,11
701189,20240815,M100549,20240525,CH102,毛玉ケアパウダー 180回分,1,1650,11
701190,20260208,M100550,20260129,CE105,年間メンバーパス,1,4980,11
701191,20260521,M100550,20260129,CT102,肉球バーム 10g,1,6800,11
701192,20260617,M100550,20260129,CT106,耳そうじシート 40枚,1,9800,11
701192,20260617,M100550,20260129,CT102,肉球バーム 10g,1,6800,11
701192,20260617,M100550,20260129,CS104,減塩にぼし 500g,1,1280,11
701193,20240514,M100551,20240506,CT106,耳そうじシート 40枚,1,9800,11
701193,20240514,M100551,20240506,CT102,肉球バーム 10g,1,6800,11
701194,20240617,M100551,20240506,CT106,耳そうじシート 40枚,1,9800,11
701195,20240320,M100552,20240310,CT106,耳そうじシート 40枚,2,19600,11
701196,20240318,M100553,20240306,CT108,毛玉ケアジェル 60g,1,980,11
701196,20240318,M100553,20240306,CF103,陶器のごはん皿 S,1,1650,11
701197,20250115,M100554,20250112,CT106,耳そうじシート 40枚,1,9800,11
701197,20250115,M100554,20250112,CT104,もこもこ泡シャンプー 300ml,2,19600,11
701198,20250929,M100555,20250917,CE102,しつけ教室チケット S,2,13600,11
701198,20250929,M100555,20250917,CT106,耳そうじシート 40枚,1,9800,11
701199,20251030,M100555,20250917,CT106,耳そうじシート 40枚,3,29400,11
701200,20251128,M100555,20250917,CE105,年間メンバーパス,1,4980,11
701200,20251128,M100555,20250917,CH103,関節ケアコラーゲン 250g,1,980,11
701201,20240106,M100556,20160520,CT104,もこもこ泡シャンプー 300ml,1,9800,11
701201,20240106,M100556,20160520,CT106,耳そうじシート 40枚,1,9800,11
701202,20240306,M100556,20160520,CS104,減塩にぼし 500g,1,1280,11
701202,20240306,M100556,20160520,CF102,総合栄養食 まぐろ 100g,3,2940,11
701203,20240515,M100556,20160520,CH103,関節ケアコラーゲン 250g,1,980,11
701204,20240410,M100557,20240404,CS103,またたびスティック 30本,1,3800,11
701204,20240410,M100557,20240404,CT102,肉球バーム 10g,1,6800,11
701205,20240719,M100557,20240404,CT108,毛玉ケアジェル 60g,1,980,11
701205,20240719,M100557,20240404,CE102,しつけ教室チケット S,1,6800,11
701205,20240719,M100557,20240404,CF106,フードストッカー 1L,1,3800,11
701206,20260320,M100558,20260303,CE105,年間メンバーパス,1,4980,11
701206,20260320,M100558,20260303,CF106,フードストッカー 1L,1,3800,11
701207,20231228,M100559,20160905,CH102,毛玉ケアパウダー 180回分,1,1650,14
701207,20231228,M100559,20160905,CS104,減塩にぼし 500g,1,1280,14
701207,20231228,M100559,20160905,CH105,鉄分＋葉酸タブレット 90粒,1,1280,14
701208,20240111,M100560,20220430,CS101,かつおチップス 200g,1,12000,11
701208,20240111,M100560,20220430,CT106,耳そうじシート 40枚,1,9800,11
701208,20240111,M100560,20220430,CS103,またたびスティック 30本,1,3800,11
701209,20240205,M100560,20220430,CS104,減塩にぼし 500g,1,1280,11
701210,20240715,M100560,20220430,CF104,給水器フィルター,1,1280,11
701210,20240715,M100560,20220430,CT104,もこもこ泡シャンプー 300ml,1,9800,11
701210,20240715,M100560,20220430,CT102,肉球バーム 10g,1,6800,11
701211,20250225,M100560,20220430,CT106,耳そうじシート 40枚,1,9800,11
701211,20250225,M100560,20220430,CS101,かつおチップス 200g,1,12000,11
701212,20251225,M100561,20251217,CH102,毛玉ケアパウダー 180回分,1,1650,11
701213,20231229,M100562,20161009,CT106,耳そうじシート 40枚,1,9800,11
701213,20231229,M100562,20161009,CH102,毛玉ケアパウダー 180回分,1,1650,11
701213,20231229,M100562,20161009,CS101,かつおチップス 200g,1,12000,11
701214,20240411,M100563,20240323,CT104,もこもこ泡シャンプー 300ml,1,9800,11
701214,20240411,M100563,20240323,CF105,竹のフードスクープ,3,2940,11
701215,20240202,M100564,20240125,CT103,被毛ケアローション 190ml,1,1650,11
701216,20240322,M100564,20240125,CT106,耳そうじシート 40枚,1,9800,11
701217,20240426,M100564,20240125,CT108,毛玉ケアジェル 60g,1,980,11
701218,20260309,M100565,20260309,CT104,もこもこ泡シャンプー 300ml,1,9800,11
701219,20240624,M100566,20240612,CT104,もこもこ泡シャンプー 300ml,2,19600,11
701219,20240624,M100566,20240612,CE103,グルーミング講座,1,3800,11
701220,20240820,M100566,20240612,CT104,もこもこ泡シャンプー 300ml,1,9800,11
701220,20240820,M100566,20240612,CE103,グルーミング講座,1,3800,11
701221,20240105,M100567,20210214,CE102,しつけ教室チケット S,1,6800,11
701222,20240227,M100567,20210214,CE102,しつけ教室チケット S,1,6800,11
701223,20240703,M100567,20210214,CT104,もこもこ泡シャンプー 300ml,1,9800,11
701224,20240724,M100567,20210214,CS101,かつおチップス 200g,2,24000,11
701225,20241220,M100567,20210214,CH102,毛玉ケアパウダー 180回分,1,1650,11
701225,20241220,M100567,20210214,CE103,グルーミング講座,1,3800,11
701226,20250530,M100567,20210214,CT106,耳そうじシート 40枚,1,9800,11
701226,20250530,M100567,20210214,CT102,肉球バーム 10g,1,6800,11
701227,20250607,M100567,20210214,CS101,かつおチップス 200g,1,12000,11
701228,20250701,M100567,20210214,CT104,もこもこ泡シャンプー 300ml,2,19600,14
701228,20250701,M100567,20210214,CT108,毛玉ケアジェル 60g,2,1960,14
701228,20250701,M100567,20210214,CT106,耳そうじシート 40枚,2,19600,14
701229,20251014,M100568,20250919,CS101,かつおチップス 200g,1,12000,11
701230,20251224,M100568,20250919,CS101,かつおチップス 200g,1,12000,11
701230,20251224,M100568,20250919,CS104,減塩にぼし 500g,1,1280,11
701231,20250711,M100569,20250707,CT104,もこもこ泡シャンプー 300ml,1,9800,09
701232,20250902,M100569,20250707,CT106,耳そうじシート 40枚,2,19600,11
701232,20250902,M100569,20250707,CS101,かつおチップス 200g,1,12000,11
701233,20250929,M100569,20250707,CE102,しつけ教室チケット S,2,13600,11
701233,20250929,M100569,20250707,CT106,耳そうじシート 40枚,1,9800,11
701233,20250929,M100569,20250707,CE105,年間メンバーパス,1,4980,11
701233,20250929,M100569,20250707,CS101,かつおチップス 200g,1,12000,11
701234,20251029,M100569,20250707,CT104,もこもこ泡シャンプー 300ml,1,9800,11
701235,20260102,M100569,20250707,CT101,肉球バーム 100g,2,3300,11
701236,20260327,M100569,20250707,CT108,毛玉ケアジェル 60g,2,1960,11
701236,20260327,M100569,20250707,CT104,もこもこ泡シャンプー 300ml,1,9800,11
701236,20260327,M100569,20250707,CS101,かつおチップス 200g,2,24000,11
701237,20260420,M100569,20250707,CT108,毛玉ケアジェル 60g,2,1960,11
701238,20260503,M100569,20250707,CT101,肉球バーム 100g,1,1650,11
701239,20250424,M100570,20250331,CS101,かつおチップス 200g,1,12000,11
701239,20250424,M100570,20250331,CT102,肉球バーム 10g,1,6800,11
701240,20250521,M100570,20250331,CT102,肉球バーム 10g,2,13600,11
701241,20251227,M100571,20251214,CE103,グルーミング講座,2,7600,11
701242,20260401,M100571,20251214,CT104,もこもこ泡シャンプー 300ml,1,9800,11
701243,20260616,M100572,20260528,CS104,減塩にぼし 500g,2,2560,11
701243,20260616,M100572,20260528,CE102,しつけ教室チケット S,1,6800,11
701243,20260616,M100572,20260528,CT106,耳そうじシート 40枚,1,9800,11
701244,20250814,M100573,20250803,CF102,総合栄養食 まぐろ 100g,1,980,11
701245,20260303,M100573,20250803,CT108,毛玉ケアジェル 60g,1,980,11
701245,20260303,M100573,20250803,CT104,もこもこ泡シャンプー 300ml,1,9800,11
701246,20240102,M100574,20231230,CT103,被毛ケアローション 190ml,2,3300,11
701247,20240314,M100574,20231230,CE105,年間メンバーパス,1,4980,11
701248,20260410,M100575,20260409,CF102,総合栄養食 まぐろ 100g,2,1960,14
701249,20241121,M100576,20241114,CT102,肉球バーム 10g,1,6800,11
701250,20250104,M100577,20241222,CH102,毛玉ケアパウダー 180回分,2,3300,11
701251,20250128,M100577,20241222,CS104,減塩にぼし 500g,2,2560,11
701252,20240111,M100578,20231114,CF101,総合栄養食 まぐろ 500g,3,36000,11
701252,20240111,M100578,20231114,CT104,もこもこ泡シャンプー 300ml,1,9800,11
701253,20240324,M100578,20231114,CE105,年間メンバーパス,1,4980,11
701254,20240422,M100578,20231114,CT106,耳そうじシート 40枚,1,9800,11
701255,20251203,M100579,20251202,CS102,ささみチップス 200g,1,4980,11
701255,20251203,M100579,20251202,CE105,年間メンバーパス,1,4980,11
701256,20240114,M100580,20170507,CT108,毛玉ケアジェル 60g,1,980,11
701257,20240218,M100580,20170507,CE105,年間メンバーパス,1,4980,11
701257,20240218,M100580,20170507,CT102,肉球バーム 10g,1,6800,11
701258,20240409,M100580,20170507,CE102,しつけ教室チケット S,1,6800,11
701259,20260221,M100581,20260208,CT104,もこもこ泡シャンプー 300ml,1,9800,11
701260,20260413,M100581,20260208,CT106,耳そうじシート 40枚,2,19600,11
701260,20260413,M100581,20260208,CT104,もこもこ泡シャンプー 300ml,1,9800,11
701261,20260420,M100581,20260208,CS101,かつおチップス 200g,2,24000,11
701262,20260514,M100581,20260208,CT103,被毛ケアローション 190ml,1,1650,11
701263,20260603,M100581,20260208,CE105,年間メンバーパス,1,4980,11
701263,20260603,M100581,20260208,CT106,耳そうじシート 40枚,2,19600,11
701263,20260603,M100581,20260208,CS104,減塩にぼし 500g,3,3840,11
701264,20260218,M100582,20260125,CT102,肉球バーム 10g,1,6800,11
701265,20260421,M100582,20260125,CT103,被毛ケアローション 190ml,1,1650,11
701265,20260421,M100582,20260125,CE105,年間メンバーパス,1,4980,11
701265,20260421,M100582,20260125,CS101,かつおチップス 200g,1,12000,11
701266,20260516,M100582,20260125,CS104,減塩にぼし 500g,1,1280,11
701267,20260523,M100582,20260125,CS104,減塩にぼし 500g,1,1280,11
701268,20231223,M100583,20220719,CE105,年間メンバーパス,1,4980,11
701268,20231223,M100583,20220719,CT106,耳そうじシート 40枚,1,9800,11
701269,20231222,M100584,20190626,CT108,毛玉ケアジェル 60g,1,980,11
701270,20240103,M100585,20240102,CS101,かつおチップス 200g,1,12000,11
701270,20240103,M100585,20240102,CH102,毛玉ケアパウダー 180回分,1,1650,11
701271,20240821,M100585,20240102,CS104,減塩にぼし 500g,2,2560,11
701272,20241205,M100585,20240102,CT106,耳そうじシート 40枚,2,19600,11
701273,20250724,M100586,20250715,CS101,かつおチップス 200g,3,36000,11
701273,20250724,M100586,20250715,CT106,耳そうじシート 40枚,2,19600,11
701273,20250724,M100586,20250715,CT102,肉球バーム 10g,2,13600,11
701274,20250820,M100586,20250715,CT107,デンタルジェル 50ml,1,1650,11
701274,20250820,M100586,20250715,CT103,被毛ケアローション 190ml,3,4950,11
701274,20250820,M100586,20250715,CS101,かつおチップス 200g,1,12000,11
701275,20251025,M100586,20250715,CS104,減塩にぼし 500g,1,1280,11
701276,20240111,M100587,20171002,CT104,もこもこ泡シャンプー 300ml,1,9800,11
701276,20240111,M100587,20171002,CS102,ささみチップス 200g,1,4980,11
701276,20240111,M100587,20171002,CT103,被毛ケアローション 190ml,1,1650,11
701277,20250114,M100588,20241221,CT106,耳そうじシート 40枚,1,9800,11
701277,20250114,M100588,20241221,CT103,被毛ケアローション 190ml,1,1650,11
701278,20250828,M100588,20241221,CT106,耳そうじシート 40枚,1,9800,11
701278,20250828,M100588,20241221,CT102,肉球バーム 10g,1,6800,11
701278,20250828,M100588,20241221,CT103,被毛ケアローション 190ml,1,1650,11
701279,20250224,M100589,20250214,CT103,被毛ケアローション 190ml,1,1650,11
701280,20250419,M100589,20250214,CH103,関節ケアコラーゲン 250g,1,980,11
701280,20250419,M100589,20250214,CT104,もこもこ泡シャンプー 300ml,2,19600,11
701280,20250419,M100589,20250214,CF101,総合栄養食 まぐろ 500g,1,12000,11
701280,20250419,M100589,20250214,CT102,肉球バーム 10g,1,6800,11
701281,20240811,M100590,20240804,CT106,耳そうじシート 40枚,1,9800,11
701281,20240811,M100590,20240804,CS101,かつおチップス 200g,1,12000,11
701282,20241111,M100590,20240804,CS101,かつおチップス 200g,1,12000,11
701283,20250128,M100590,20240804,CS104,減塩にぼし 500g,2,2560,11
701284,20250215,M100591,20250122,CE105,年間メンバーパス,1,4980,11
701284,20250215,M100591,20250122,CF102,総合栄養食 まぐろ 100g,3,2940,11
701285,20250321,M100591,20250122,CT103,被毛ケアローション 190ml,1,1650,11
701286,20240114,M100592,20190825,CT104,もこもこ泡シャンプー 300ml,1,9800,11
701286,20240114,M100592,20190825,CH103,関節ケアコラーゲン 250g,2,1960,11
701286,20240114,M100592,20190825,CS101,かつおチップス 200g,1,12000,11
701286,20240114,M100592,20190825,CH102,毛玉ケアパウダー 180回分,1,1650,11
701287,20240516,M100592,20190825,CT106,耳そうじシート 40枚,1,9800,11
701287,20240516,M100592,20190825,CS104,減塩にぼし 500g,1,1280,11
701288,20240606,M100593,20240604,CS104,減塩にぼし 500g,1,1280,11
701289,20250107,M100594,20241222,CT104,もこもこ泡シャンプー 300ml,1,9800,11
701290,20251127,M100595,20251102,CS101,かつおチップス 200g,1,12000,11
701290,20251127,M100595,20251102,CT104,もこもこ泡シャンプー 300ml,1,9800,11
701290,20251127,M100595,20251102,CS102,ささみチップス 200g,1,4980,11
701291,20251214,M100595,20251102,CS101,かつおチップス 200g,1,12000,11
701292,20240120,M100596,20240107,CT106,耳そうじシート 40枚,1,9800,11
701293,20250124,M100597,20250116,CT103,被毛ケアローション 190ml,1,1650,11
701294,20250527,M100597,20250116,CS104,減塩にぼし 500g,1,1280,11
701295,20250926,M100597,20250116,CT106,耳そうじシート 40枚,1,9800,11
701295,20250926,M100597,20250116,CT102,肉球バーム 10g,1,6800,11
701296,20250315,M100598,20250306,CT106,耳そうじシート 40枚,1,9800,11
701297,20260218,M100599,20260124,CT108,毛玉ケアジェル 60g,1,980,11
701297,20260218,M100599,20260124,CS101,かつおチップス 200g,1,12000,11
701297,20260218,M100599,20260124,CT102,肉球バーム 10g,1,6800,11
701298,20250325,M100600,20250310,CT106,耳そうじシート 40枚,1,9800,11
701299,20260209,M100600,20250310,CT106,耳そうじシート 40枚,1,9800,11
701300,20260316,M100600,20250310,CH102,毛玉ケアパウダー 180回分,1,1650,11
701301,20241012,M100601,20240918,CS101,かつおチップス 200g,2,24000,11
701301,20241012,M100601,20240918,CS104,減塩にぼし 500g,1,1280,11
701301,20241012,M100601,20240918,CT102,肉球バーム 10g,1,6800,11
701302,20241130,M100601,20240918,CS103,またたびスティック 30本,1,3800,11
701302,20241130,M100601,20240918,CS104,減塩にぼし 500g,1,1280,11
701303,20250316,M100601,20240918,CT106,耳そうじシート 40枚,2,19600,11
701303,20250316,M100601,20240918,CT104,もこもこ泡シャンプー 300ml,1,9800,11
701304,20251019,M100602,20250927,CT102,肉球バーム 10g,1,6800,11
701305,20251104,M100602,20250927,CE105,年間メンバーパス,1,4980,11
701306,20260228,M100602,20250927,CE103,グルーミング講座,1,3800,11
701307,20240106,M100603,20160208,CS104,減塩にぼし 500g,1,1280,11
701308,20241005,M100604,20240911,CF101,総合栄養食 まぐろ 500g,2,24000,11
701309,20240113,M100605,20231227,CS104,減塩にぼし 500g,1,1280,11
701309,20240113,M100605,20231227,CE103,グルーミング講座,1,3800,11
701310,20240711,M100605,20231227,CE105,年間メンバーパス,1,4980,11
701311,20241030,M100605,20231227,CT106,耳そうじシート 40枚,2,19600,11
701312,20240105,M100606,20190923,CS101,かつおチップス 200g,1,12000,11
701313,20240307,M100606,20190923,CF101,総合栄養食 まぐろ 500g,1,12000,11
701313,20240307,M100606,20190923,CT108,毛玉ケアジェル 60g,1,980,11
701314,20240322,M100607,20240318,CT104,もこもこ泡シャンプー 300ml,3,29400,11
701314,20240322,M100607,20240318,CT102,肉球バーム 10g,1,6800,11
701314,20240322,M100607,20240318,CT108,毛玉ケアジェル 60g,1,980,11
701315,20240519,M100607,20240318,CT106,耳そうじシート 40枚,1,9800,11
701316,20251003,M100608,20250923,CH103,関節ケアコラーゲン 250g,1,980,11
701317,20250221,M100609,20250221,CS101,かつおチップス 200g,1,12000,11
701317,20250221,M100609,20250221,CT102,肉球バーム 10g,1,6800,11
701318,20250527,M100610,20250527,CS101,かつおチップス 200g,1,12000,11
701318,20250527,M100610,20250527,CT106,耳そうじシート 40枚,1,9800,11
701319,20250609,M100610,20250527,CT104,もこもこ泡シャンプー 300ml,1,9800,11
701319,20250609,M100610,20250527,CT108,毛玉ケアジェル 60g,1,980,11
701320,20251219,M100610,20250527,CT107,デンタルジェル 50ml,1,1650,11
701321,20240105,M100611,20160319,CS101,かつおチップス 200g,1,12000,11
701321,20240105,M100611,20160319,CE105,年間メンバーパス,1,4980,11
701322,20240221,M100611,20160319,CE102,しつけ教室チケット S,1,6800,11
701322,20240221,M100611,20160319,CT104,もこもこ泡シャンプー 300ml,1,9800,11
701322,20240221,M100611,20160319,CF102,総合栄養食 まぐろ 100g,1,980,11
701323,20231227,M100612,20230131,CT106,耳そうじシート 40枚,1,9800,11
701323,20231227,M100612,20230131,CT108,毛玉ケアジェル 60g,1,980,11
701324,20240204,M100612,20230131,CS104,減塩にぼし 500g,1,1280,11
701325,20240313,M100612,20230131,CF106,フードストッカー 1L,1,3800,11
701326,20241127,M100613,20241110,CT104,もこもこ泡シャンプー 300ml,1,9800,09
701326,20241127,M100613,20241110,CS103,またたびスティック 30本,1,3800,09
701326,20241127,M100613,20241110,CT106,耳そうじシート 40枚,1,9800,09
701327,20241230,M100613,20241110,CT107,デンタルジェル 50ml,1,1650,11
701328,20250408,M100613,20241110,CT103,被毛ケアローション 190ml,1,1650,11
701329,20251212,M100613,20241110,CF103,陶器のごはん皿 S,1,1650,11
701330,20240314,M100614,20240218,CT106,耳そうじシート 40枚,1,9800,11
701330,20240314,M100614,20240218,CF103,陶器のごはん皿 S,1,1650,11
701330,20240314,M100614,20240218,CH102,毛玉ケアパウダー 180回分,1,1650,11
701331,20240628,M100614,20240218,CS104,減塩にぼし 500g,2,2560,11
701331,20240628,M100614,20240218,CE105,年間メンバーパス,1,4980,11
701332,20240727,M100614,20240218,CS101,かつおチップス 200g,1,12000,11
701332,20240727,M100614,20240218,CH106,腸内フローラ乳酸菌 60粒,1,12000,11
701333,20240825,M100614,20240218,CT108,毛玉ケアジェル 60g,1,980,11
701333,20240825,M100614,20240218,CT106,耳そうじシート 40枚,2,19600,11
701334,20231227,M100615,20160407,CS104,減塩にぼし 500g,3,3840,11
701334,20231227,M100615,20160407,CT106,耳そうじシート 40枚,1,9800,11
701334,20231227,M100615,20160407,CT104,もこもこ泡シャンプー 300ml,2,19600,11
701335,20240113,M100615,20160407,CT104,もこもこ泡シャンプー 300ml,1,9800,11
701336,20240616,M100615,20160407,CT102,肉球バーム 10g,1,6800,11
701336,20240616,M100615,20160407,CE102,しつけ教室チケット S,1,6800,11
701337,20240806,M100615,20160407,CS104,減塩にぼし 500g,1,1280,11
701337,20240806,M100615,20160407,CF101,総合栄養食 まぐろ 500g,1,12000,11
701338,20250527,M100616,20250516,CE101,しつけ教室チケット A,2,5960,11
701338,20250527,M100616,20250516,CS104,減塩にぼし 500g,1,1280,11
701338,20250527,M100616,20250516,CF102,総合栄養食 まぐろ 100g,1,980,11
701339,20250618,M100616,20250516,CS104,減塩にぼし 500g,1,1280,11
701340,20250719,M100616,20250516,CS104,減塩にぼし 500g,1,1280,11
701340,20250719,M100616,20250516,CF101,総合栄養食 まぐろ 500g,1,12000,11
701341,20250831,M100616,20250516,CT104,もこもこ泡シャンプー 300ml,1,9800,11
701341,20250831,M100616,20250516,CF106,フードストッカー 1L,1,3800,11
701341,20250831,M100616,20250516,CS101,かつおチップス 200g,1,12000,11
701342,20240111,M100617,20210614,CT104,もこもこ泡シャンプー 300ml,2,19600,11
701343,20240401,M100618,20240323,CT103,被毛ケアローション 190ml,1,1650,11
701343,20240401,M100618,20240323,CH102,毛玉ケアパウダー 180回分,1,1650,11
701344,20240921,M100618,20240323,CS104,減塩にぼし 500g,1,1280,11
701345,20240929,M100618,20240323,CH106,腸内フローラ乳酸菌 60粒,1,12000,11
701346,20241003,M100619,20240916,CT106,耳そうじシート 40枚,1,9800,11
701346,20241003,M100619,20240916,CS104,減塩にぼし 500g,2,2560,11
701347,20250708,M100620,20250625,CE105,年間メンバーパス,1,4980,11
701348,20250914,M100620,20250625,CS101,かつおチップス 200g,1,12000,11
701348,20250914,M100620,20250625,CT105,ふわもこブラシ,2,5960,11
701348,20250914,M100620,20250625,CH105,鉄分＋葉酸タブレット 90粒,1,1280,11
701349,20241020,M100621,20241008,CF103,陶器のごはん皿 S,1,1650,11
701350,20240101,M100622,20160919,CT102,肉球バーム 10g,1,6800,11
701351,20250808,M100623,20250802,CT102,肉球バーム 10g,1,6800,11
701352,20240404,M100624,20240315,CS101,かつおチップス 200g,1,12000,11
701353,20240709,M100624,20240315,CE103,グルーミング講座,1,3800,11
701353,20240709,M100624,20240315,CS103,またたびスティック 30本,1,3800,11
701354,20241113,M100624,20240315,CS104,減塩にぼし 500g,1,1280,11
701355,20251207,M100625,20251207,CT106,耳そうじシート 40枚,1,9800,11
701356,20251216,M100625,20251207,CE103,グルーミング講座,1,3800,11
701357,20260204,M100625,20251207,CT106,耳そうじシート 40枚,1,9800,11
701357,20260204,M100625,20251207,CH102,毛玉ケアパウダー 180回分,2,3300,11
701358,20260423,M100625,20251207,CS103,またたびスティック 30本,1,3800,11
701359,20260504,M100625,20251207,CT106,耳そうじシート 40枚,1,9800,11
701360,20240111,M100626,20200101,CS104,減塩にぼし 500g,1,1280,11
701360,20240111,M100626,20200101,CS101,かつおチップス 200g,1,12000,11
701360,20240111,M100626,20200101,CF102,総合栄養食 まぐろ 100g,1,980,11
701361,20240206,M100626,20200101,CT106,耳そうじシート 40枚,1,9800,11
701361,20240206,M100626,20200101,CF103,陶器のごはん皿 S,1,1650,11
701361,20240206,M100626,20200101,CF101,総合栄養食 まぐろ 500g,1,12000,11
701361,20240206,M100626,20200101,CS101,かつおチップス 200g,1,12000,11
701362,20240402,M100626,20200101,CT106,耳そうじシート 40枚,2,19600,11
701363,20241207,M100627,20241117,CT106,耳そうじシート 40枚,1,9800,11
701364,20241217,M100628,20241216,CS101,かつおチップス 200g,2,24000,11
701364,20241217,M100628,20241216,CT104,もこもこ泡シャンプー 300ml,1,9800,11
701365,20250418,M100628,20241216,CE105,年間メンバーパス,1,4980,11
701366,20251208,M100628,20241216,CE102,しつけ教室チケット S,3,20400,11
701366,20251208,M100628,20241216,CH102,毛玉ケアパウダー 180回分,1,1650,11
701366,20251208,M100628,20241216,CT104,もこもこ泡シャンプー 300ml,1,9800,11
701367,20260127,M100628,20241216,CS101,かつおチップス 200g,1,12000,11
701367,20260127,M100628,20241216,CT104,もこもこ泡シャンプー 300ml,1,9800,11
701368,20260428,M100628,20241216,CF102,総合栄養食 まぐろ 100g,1,980,11
701369,20250821,M100629,20250802,CT102,肉球バーム 10g,1,6800,11
701370,20251203,M100629,20250802,CS104,減塩にぼし 500g,1,1280,11
701370,20251203,M100629,20250802,CT104,もこもこ泡シャンプー 300ml,2,19600,11
701370,20251203,M100629,20250802,CT106,耳そうじシート 40枚,1,9800,11
701371,20260513,M100629,20250802,CT106,耳そうじシート 40枚,3,29400,11
701371,20260513,M100629,20250802,CT102,肉球バーム 10g,1,6800,11
701372,20250308,M100630,20250222,CT108,毛玉ケアジェル 60g,1,980,11
701372,20250308,M100630,20250222,CS104,減塩にぼし 500g,1,1280,11
701373,20250323,M100630,20250222,CS101,かつおチップス 200g,1,12000,11
701374,20240506,M100631,20240423,CS103,またたびスティック 30本,1,3800,11
701375,20240804,M100631,20240423,CE105,年間メンバーパス,1,4980,09
701376,20250317,M100632,20250317,CT104,もこもこ泡シャンプー 300ml,1,9800,11
701376,20250317,M100632,20250317,CT106,耳そうじシート 40枚,1,9800,11
701377,20250309,M100633,20250225,CT108,毛玉ケアジェル 60g,1,980,11
701377,20250309,M100633,20250225,CF103,陶器のごはん皿 S,3,4950,11
701378,20250531,M100633,20250225,CS101,かつおチップス 200g,1,12000,11
701378,20250531,M100633,20250225,CS104,減塩にぼし 500g,1,1280,11
701378,20250531,M100633,20250225,CE105,年間メンバーパス,2,9960,11
701379,20241214,M100634,20241209,CE105,年間メンバーパス,1,4980,11
701380,20250422,M100634,20241209,CE102,しつけ教室チケット S,1,6800,11
701381,20251216,M100635,20251209,CT106,耳そうじシート 40枚,1,9800,11
701381,20251216,M100635,20251209,CT104,もこもこ泡シャンプー 300ml,2,19600,11
701382,20260113,M100635,20251209,CT106,耳そうじシート 40枚,1,9800,11
701383,20260401,M100635,20251209,CT104,もこもこ泡シャンプー 300ml,1,9800,11
701384,20240114,M100636,20170111,CT106,耳そうじシート 40枚,2,19600,09
701384,20240114,M100636,20170111,CT103,被毛ケアローション 190ml,1,1650,09
701385,20240226,M100636,20170111,CT106,耳そうじシート 40枚,1,9800,11
701385,20240226,M100636,20170111,CT102,肉球バーム 10g,2,13600,11
701386,20240316,M100636,20170111,CE105,年間メンバーパス,1,4980,11
701387,20240107,M100637,20240105,CE105,年間メンバーパス,1,4980,11
701387,20240107,M100637,20240105,CT104,もこもこ泡シャンプー 300ml,1,9800,11
701388,20250812,M100638,20250725,CT104,もこもこ泡シャンプー 300ml,2,19600,11
701389,20251206,M100638,20250725,CT102,肉球バーム 10g,1,6800,14
701390,20251214,M100638,20250725,CS101,かつおチップス 200g,1,12000,11
701390,20251214,M100638,20250725,CH103,関節ケアコラーゲン 250g,1,980,11
701391,20240605,M100639,20240522,CE105,年間メンバーパス,1,4980,14
701391,20240605,M100639,20240522,CT108,毛玉ケアジェル 60g,1,980,14
701391,20240605,M100639,20240522,CT104,もこもこ泡シャンプー 300ml,1,9800,14
701392,20240915,M100639,20240522,CT104,もこもこ泡シャンプー 300ml,2,19600,11
701393,20240927,M100639,20240522,CE105,年間メンバーパス,1,4980,11
701394,20241231,M100639,20240522,CT104,もこもこ泡シャンプー 300ml,1,9800,11
701395,20250414,M100639,20240522,CT102,肉球バーム 10g,1,6800,11
701396,20250628,M100639,20240522,CH102,毛玉ケアパウダー 180回分,2,3300,11
701397,20251205,M100640,20251128,CT106,耳そうじシート 40枚,1,9800,11
701397,20251205,M100640,20251128,CE105,年間メンバーパス,2,9960,11
701398,20260104,M100640,20251128,CT104,もこもこ泡シャンプー 300ml,1,9800,11
701399,20260313,M100640,20251128,CT104,もこもこ泡シャンプー 300ml,3,29400,11
701399,20260313,M100640,20251128,CS104,減塩にぼし 500g,1,1280,11
701400,20240626,M100641,20240612,CT104,もこもこ泡シャンプー 300ml,1,9800,11
701401,20240723,M100641,20240612,CT103,被毛ケアローション 190ml,1,1650,11
701401,20240723,M100641,20240612,CT106,耳そうじシート 40枚,1,9800,11
701401,20240723,M100641,20240612,CT104,もこもこ泡シャンプー 300ml,1,9800,11
701402,20240728,M100642,20240712,CT108,毛玉ケアジェル 60g,3,2940,11
701402,20240728,M100642,20240712,CS104,減塩にぼし 500g,1,1280,11
701403,20241106,M100642,20240712,CT102,肉球バーム 10g,1,6800,11
701404,20241208,M100642,20240712,CS101,かつおチップス 200g,1,12000,11
701404,20241208,M100642,20240712,CT106,耳そうじシート 40枚,1,9800,11
701405,20250330,M100642,20240712,CH103,関節ケアコラーゲン 250g,1,980,11
701406,20250227,M100643,20250227,CS101,かつおチップス 200g,1,12000,11
701407,20250313,M100643,20250227,CH104,オメガ3ソフトカプセル 120粒,1,980,11
701407,20250313,M100643,20250227,CT104,もこもこ泡シャンプー 300ml,1,9800,11
701407,20250313,M100643,20250227,CS101,かつおチップス 200g,1,12000,11
701407,20250313,M100643,20250227,CT106,耳そうじシート 40枚,1,9800,11
701408,20240320,M100644,20240311,CT104,もこもこ泡シャンプー 300ml,1,9800,11
701409,20250731,M100645,20250723,CE102,しつけ教室チケット S,1,6800,11
701409,20250731,M100645,20250723,CT106,耳そうじシート 40枚,1,9800,11
701410,20250827,M100645,20250723,CT106,耳そうじシート 40枚,3,29400,11
701411,20251109,M100645,20250723,CT108,毛玉ケアジェル 60g,1,980,11
701412,20260406,M100645,20250723,CE105,年間メンバーパス,2,9960,11
701412,20260406,M100645,20250723,CH105,鉄分＋葉酸タブレット 90粒,2,2560,11
701413,20260506,M100645,20250723,CS103,またたびスティック 30本,1,3800,11
701414,20260601,M100645,20250723,CT104,もこもこ泡シャンプー 300ml,1,9800,11
701414,20260601,M100645,20250723,CF106,フードストッカー 1L,1,3800,11
701415,20250907,M100646,20250823,CT106,耳そうじシート 40枚,2,19600,11
701415,20250907,M100646,20250823,CT104,もこもこ泡シャンプー 300ml,2,19600,11
701416,20250825,M100647,20250823,CS101,かつおチップス 200g,1,12000,11
701417,20250923,M100647,20250823,CT104,もこもこ泡シャンプー 300ml,1,9800,11
701418,20251210,M100647,20250823,CH102,毛玉ケアパウダー 180回分,2,3300,11
701419,20251226,M100647,20250823,CT108,毛玉ケアジェル 60g,1,980,11
701419,20251226,M100647,20250823,CT106,耳そうじシート 40枚,2,19600,11
701420,20241011,M100648,20241002,CT102,肉球バーム 10g,1,6800,11
701421,20260531,M100649,20260524,CT104,もこもこ泡シャンプー 300ml,3,29400,11
701421,20260531,M100649,20260524,CF101,総合栄養食 まぐろ 500g,1,12000,11
701422,20260108,M100650,20260108,CS101,かつおチップス 200g,1,12000,11
701423,20260119,M100650,20260108,CS104,減塩にぼし 500g,3,3840,11
701424,20260125,M100651,20260111,CT104,もこもこ泡シャンプー 300ml,1,9800,11
701425,20260206,M100651,20260111,CE105,年間メンバーパス,1,4980,11
701425,20260206,M100651,20260111,CT106,耳そうじシート 40枚,1,9800,11
701426,20240515,M100652,20240424,CT103,被毛ケアローション 190ml,1,1650,11
701426,20240515,M100652,20240424,CE105,年間メンバーパス,1,4980,11
701427,20240709,M100652,20240424,CT108,毛玉ケアジェル 60g,2,1960,11
701428,20240226,M100653,20240214,CT106,耳そうじシート 40枚,1,9800,11
701428,20240226,M100653,20240214,CT103,被毛ケアローション 190ml,1,1650,11
701429,20251104,M100654,20251024,CS101,かつおチップス 200g,1,12000,09
701429,20251104,M100654,20251024,CT104,もこもこ泡シャンプー 300ml,2,19600,09
701429,20251104,M100654,20251024,CH105,鉄分＋葉酸タブレット 90粒,1,1280,09
701430,20260131,M100654,20251024,CT106,耳そうじシート 40枚,1,9800,11
701431,20260219,M100654,20251024,CT106,耳そうじシート 40枚,2,19600,11
701431,20260219,M100654,20251024,CS101,かつおチップス 200g,1,12000,11
701432,20260528,M100654,20251024,CH102,毛玉ケアパウダー 180回分,2,3300,11
701433,20240910,M100655,20240821,CT106,耳そうじシート 40枚,1,9800,11
701434,20240706,M100656,20240613,CT106,耳そうじシート 40枚,1,9800,11
701435,20231222,M100657,20230528,CS101,かつおチップス 200g,1,12000,11
701436,20241120,M100658,20241118,CF102,総合栄養食 まぐろ 100g,1,980,11
701437,20251028,M100658,20241118,CH102,毛玉ケアパウダー 180回分,1,1650,11
701438,20250708,M100659,20250623,CE105,年間メンバーパス,2,9960,11
701439,20250509,M100660,20250422,CT103,被毛ケアローション 190ml,1,1650,11
701439,20250509,M100660,20250422,CT104,もこもこ泡シャンプー 300ml,1,9800,11
701440,20250618,M100660,20250422,CS104,減塩にぼし 500g,1,1280,11
701440,20250618,M100660,20250422,CS101,かつおチップス 200g,1,12000,11
701440,20250618,M100660,20250422,CE105,年間メンバーパス,1,4980,11
701441,20250804,M100661,20250801,CE105,年間メンバーパス,1,4980,11
701442,20260101,M100661,20250801,CT106,耳そうじシート 40枚,1,9800,11
701442,20260101,M100661,20250801,CT108,毛玉ケアジェル 60g,2,1960,11
701443,20260402,M100661,20250801,CT104,もこもこ泡シャンプー 300ml,2,19600,11
701443,20260402,M100661,20250801,CT106,耳そうじシート 40枚,1,9800,11
701443,20260402,M100661,20250801,CT108,毛玉ケアジェル 60g,1,980,11
701444,20260411,M100661,20250801,CT102,肉球バーム 10g,1,6800,11
701445,20260403,M100662,20260312,CT106,耳そうじシート 40枚,1,9800,11
701445,20260403,M100662,20260312,CS102,ささみチップス 200g,1,4980,11
701446,20240106,M100663,20200511,CH102,毛玉ケアパウダー 180回分,1,1650,09
701447,20240319,M100663,20200511,CT102,肉球バーム 10g,1,6800,11
701447,20240319,M100663,20200511,CT106,耳そうじシート 40枚,1,9800,11
701448,20240317,M100664,20240225,CT104,もこもこ泡シャンプー 300ml,1,9800,11
701448,20240317,M100664,20240225,CS104,減塩にぼし 500g,1,1280,11
701449,20240907,M100664,20240225,CT106,耳そうじシート 40枚,1,9800,11
701450,20240922,M100664,20240225,CS102,ささみチップス 200g,2,9960,11
701450,20240922,M100664,20240225,CT107,デンタルジェル 50ml,1,1650,11
701450,20240922,M100664,20240225,CS101,かつおチップス 200g,1,12000,11
701450,20240922,M100664,20240225,CE105,年間メンバーパス,1,4980,11
701451,20241123,M100664,20240225,CT104,もこもこ泡シャンプー 300ml,1,9800,11
701451,20241123,M100664,20240225,CH103,関節ケアコラーゲン 250g,1,980,11
701451,20241123,M100664,20240225,CS104,減塩にぼし 500g,1,1280,11
701452,20240528,M100665,20240518,CS104,減塩にぼし 500g,2,2560,11
701452,20240528,M100665,20240518,CT106,耳そうじシート 40枚,1,9800,11
701453,20241219,M100666,20241217,CF104,給水器フィルター,1,1280,11
701454,20251201,M100667,20251129,CT106,耳そうじシート 40枚,3,29400,11
701455,20260115,M100667,20251129,CE103,グルーミング講座,1,3800,11
701456,20250730,M100668,20250705,CS101,かつおチップス 200g,3,36000,11
701456,20250730,M100668,20250705,CT104,もこもこ泡シャンプー 300ml,2,19600,11
701457,20260210,M100669,20260120,CT103,被毛ケアローション 190ml,1,1650,11
701457,20260210,M100669,20260120,CS103,またたびスティック 30本,1,3800,11
701458,20260127,M100670,20260105,CF101,総合栄養食 まぐろ 500g,1,12000,11
701459,20260205,M100670,20260105,CT108,毛玉ケアジェル 60g,1,980,11
701460,20260504,M100670,20260105,CT106,耳そうじシート 40枚,2,19600,11
701461,20260528,M100670,20260105,CS104,減塩にぼし 500g,1,1280,11
701462,20260612,M100670,20260105,CS104,減塩にぼし 500g,1,1280,11
701462,20260612,M100670,20260105,CT106,耳そうじシート 40枚,1,9800,11
701462,20260612,M100670,20260105,CT108,毛玉ケアジェル 60g,1,980,11
701463,20250807,M100671,20250717,CT106,耳そうじシート 40枚,1,9800,11
701463,20250807,M100671,20250717,CH102,毛玉ケアパウダー 180回分,3,4950,11
701464,20250914,M100671,20250717,CT106,耳そうじシート 40枚,1,9800,11
701465,20241120,M100672,20241116,CE105,年間メンバーパス,3,14940,11
701465,20241120,M100672,20241116,CT102,肉球バーム 10g,1,6800,11
701466,20250123,M100672,20241116,CT108,毛玉ケアジェル 60g,1,980,11
701467,20250421,M100672,20241116,CE102,しつけ教室チケット S,1,6800,14
701468,20250722,M100672,20241116,CT106,耳そうじシート 40枚,1,9800,11
701469,20250408,M100673,20250316,CT106,耳そうじシート 40枚,1,9800,11
701470,20250310,M100674,20250213,CT102,肉球バーム 10g,3,20400,11
701471,20260214,M100675,20260120,CS104,減塩にぼし 500g,1,1280,11
701471,20260214,M100675,20260120,CT106,耳そうじシート 40枚,2,19600,11
701472,20251226,M100676,20251225,CT102,肉球バーム 10g,1,6800,11
701472,20251226,M100676,20251225,CT103,被毛ケアローション 190ml,1,1650,11
701472,20251226,M100676,20251225,CS101,かつおチップス 200g,1,12000,11
701473,20231226,M100677,20220610,CS101,かつおチップス 200g,3,36000,11
701474,20240215,M100678,20240128,CT103,被毛ケアローション 190ml,1,1650,11
701474,20240215,M100678,20240128,CH102,毛玉ケアパウダー 180回分,1,1650,11
701474,20240215,M100678,20240128,CT106,耳そうじシート 40枚,2,19600,11
701475,20240420,M100678,20240128,CS103,またたびスティック 30本,1,3800,11
701476,20250909,M100679,20250817,CT104,もこもこ泡シャンプー 300ml,1,9800,11
701477,20251024,M100679,20250817,CT102,肉球バーム 10g,2,13600,11
701478,20240111,M100680,20200215,CT106,耳そうじシート 40枚,1,9800,11
701478,20240111,M100680,20200215,CT102,肉球バーム 10g,3,20400,11
701479,20250529,M100681,20250522,CS102,ささみチップス 200g,1,4980,11
701479,20250529,M100681,20250522,CS101,かつおチップス 200g,1,12000,11
701480,20260128,M100681,20250522,CT104,もこもこ泡シャンプー 300ml,1,9800,11
701481,20260212,M100681,20250522,CT103,被毛ケアローション 190ml,1,1650,11
701482,20260402,M100681,20250522,CT106,耳そうじシート 40枚,1,9800,11
701482,20260402,M100681,20250522,CT101,肉球バーム 100g,1,1650,11
701482,20260402,M100681,20250522,CT102,肉球バーム 10g,2,13600,11
701483,20251020,M100682,20251013,CT108,毛玉ケアジェル 60g,2,1960,11
701483,20251020,M100682,20251013,CS101,かつおチップス 200g,1,12000,11
701484,20251106,M100682,20251013,CT102,肉球バーム 10g,1,6800,11
701485,20240827,M100683,20240822,CS101,かつおチップス 200g,1,12000,11
701486,20240306,M100684,20240304,CT103,被毛ケアローション 190ml,1,1650,11
701486,20240306,M100684,20240304,CT108,毛玉ケアジェル 60g,2,1960,11
701487,20240409,M100684,20240304,CT104,もこもこ泡シャンプー 300ml,1,9800,11
701488,20240516,M100684,20240304,CT106,耳そうじシート 40枚,2,19600,11
701488,20240516,M100684,20240304,CT108,毛玉ケアジェル 60g,1,980,11
701489,20240722,M100684,20240304,CS101,かつおチップス 200g,1,12000,11
701489,20240722,M100684,20240304,CS104,減塩にぼし 500g,1,1280,11
701489,20240722,M100684,20240304,CT106,耳そうじシート 40枚,1,9800,11
701490,20240729,M100684,20240304,CT102,肉球バーム 10g,1,6800,11
701490,20240729,M100684,20240304,CT106,耳そうじシート 40枚,1,9800,11
701490,20240729,M100684,20240304,CS101,かつおチップス 200g,1,12000,11
701490,20240729,M100684,20240304,CT108,毛玉ケアジェル 60g,1,980,11
701491,20240827,M100684,20240304,CT106,耳そうじシート 40枚,2,19600,11
701492,20241016,M100685,20241005,CS102,ささみチップス 200g,1,4980,11
701493,20241110,M100685,20241005,CF101,総合栄養食 まぐろ 500g,2,24000,11
701494,20250220,M100685,20241005,CE105,年間メンバーパス,1,4980,11
701494,20250220,M100685,20241005,CS101,かつおチップス 200g,1,12000,11
701494,20250220,M100685,20241005,CT104,もこもこ泡シャンプー 300ml,1,9800,11
701495,20250424,M100685,20241005,CS104,減塩にぼし 500g,1,1280,11
701496,20250615,M100685,20241005,CT106,耳そうじシート 40枚,1,9800,11
701497,20250915,M100685,20241005,CT104,もこもこ泡シャンプー 300ml,1,9800,11
701497,20250915,M100685,20241005,CT102,肉球バーム 10g,2,13600,11
701498,20260524,M100686,20260508,CH102,毛玉ケアパウダー 180回分,1,1650,11
701499,20250322,M100687,20250301,CH105,鉄分＋葉酸タブレット 90粒,1,1280,11
701499,20250322,M100687,20250301,CT108,毛玉ケアジェル 60g,1,980,11
701499,20250322,M100687,20250301,CS101,かつおチップス 200g,1,12000,11
701500,20240110,M100688,20170211,CH102,毛玉ケアパウダー 180回分,1,1650,11
701501,20240213,M100688,20170211,CT106,耳そうじシート 40枚,1,9800,11
701502,20240319,M100688,20170211,CF102,総合栄養食 まぐろ 100g,1,980,11
701503,20240618,M100688,20170211,CF106,フードストッカー 1L,2,7600,11
701503,20240618,M100688,20170211,CS101,かつおチップス 200g,1,12000,11
701503,20240618,M100688,20170211,CH102,毛玉ケアパウダー 180回分,1,1650,11
701504,20241002,M100688,20170211,CT106,耳そうじシート 40枚,1,9800,11
701504,20241002,M100688,20170211,CT102,肉球バーム 10g,1,6800,11
701504,20241002,M100688,20170211,CT104,もこもこ泡シャンプー 300ml,1,9800,11
701505,20250526,M100689,20250514,CT106,耳そうじシート 40枚,1,9800,11
701505,20250526,M100689,20250514,CT103,被毛ケアローション 190ml,1,1650,11
701505,20250526,M100689,20250514,CF102,総合栄養食 まぐろ 100g,2,1960,11
701506,20260224,M100689,20250514,CT104,もこもこ泡シャンプー 300ml,1,9800,11
701506,20260224,M100689,20250514,CT106,耳そうじシート 40枚,2,19600,11
701507,20260518,M100689,20250514,CS104,減塩にぼし 500g,3,3840,11
701508,20240304,M100690,20240210,CT103,被毛ケアローション 190ml,1,1650,11
701508,20240304,M100690,20240210,CT104,もこもこ泡シャンプー 300ml,1,9800,11
701509,20240512,M100690,20240210,CT104,もこもこ泡シャンプー 300ml,3,29400,11
701510,20241013,M100690,20240210,CT102,肉球バーム 10g,1,6800,14
701511,20241110,M100690,20240210,CT104,もこもこ泡シャンプー 300ml,1,9800,11
701512,20240111,M100691,20230617,CS104,減塩にぼし 500g,1,1280,11
701513,20240116,M100692,20240103,CS104,減塩にぼし 500g,1,1280,14
701514,20240316,M100692,20240103,CT104,もこもこ泡シャンプー 300ml,1,9800,11
701514,20240316,M100692,20240103,CT102,肉球バーム 10g,1,6800,11
701514,20240316,M100692,20240103,CS104,減塩にぼし 500g,1,1280,11
701515,20240429,M100692,20240103,CS104,減塩にぼし 500g,1,1280,11
701516,20240108,M100693,20170915,CE105,年間メンバーパス,1,4980,11
701517,20250120,M100694,20250118,CS103,またたびスティック 30本,1,3800,11
701517,20250120,M100694,20250118,CS104,減塩にぼし 500g,1,1280,11
701517,20250120,M100694,20250118,CT102,肉球バーム 10g,1,6800,11
701518,20250430,M100695,20250405,CE102,しつけ教室チケット S,1,6800,14
701518,20250430,M100695,20250405,CH104,オメガ3ソフトカプセル 120粒,1,980,14
701519,20251126,M100695,20250405,CT104,もこもこ泡シャンプー 300ml,1,9800,11
701519,20251126,M100695,20250405,CS104,減塩にぼし 500g,1,1280,11
701519,20251126,M100695,20250405,CT102,肉球バーム 10g,1,6800,11
701520,20240521,M100696,20240521,CT106,耳そうじシート 40枚,1,9800,11
701520,20240521,M100696,20240521,CT104,もこもこ泡シャンプー 300ml,2,19600,11
701520,20240521,M100696,20240521,CS104,減塩にぼし 500g,1,1280,11
701521,20240612,M100696,20240521,CS102,ささみチップス 200g,1,4980,09
701522,20241122,M100697,20241102,CE105,年間メンバーパス,1,4980,11
701522,20241122,M100697,20241102,CT106,耳そうじシート 40枚,1,9800,11
701523,20250627,M100698,20250606,CT104,もこもこ泡シャンプー 300ml,1,9800,11
701524,20250729,M100698,20250606,CT104,もこもこ泡シャンプー 300ml,1,9800,11
701525,20240108,M100699,20161212,CT104,もこもこ泡シャンプー 300ml,1,9800,11
701525,20240108,M100699,20161212,CT106,耳そうじシート 40枚,1,9800,11
701526,20240215,M100699,20161212,CS104,減塩にぼし 500g,1,1280,11
701527,20240303,M100699,20161212,CT106,耳そうじシート 40枚,1,9800,11
701527,20240303,M100699,20161212,CT102,肉球バーム 10g,1,6800,11
701528,20240424,M100699,20161212,CF101,総合栄養食 まぐろ 500g,1,12000,11
701529,20241029,M100700,20241008,CT108,毛玉ケアジェル 60g,3,2940,11
701529,20241029,M100700,20241008,CS101,かつおチップス 200g,1,12000,11
701530,20241109,M100700,20241008,CT108,毛玉ケアジェル 60g,1,980,11
701530,20241109,M100700,20241008,CT106,耳そうじシート 40枚,1,9800,11
701530,20241109,M100700,20241008,CS104,減塩にぼし 500g,1,1280,11
701531,20250214,M100700,20241008,CT104,もこもこ泡シャンプー 300ml,1,9800,11
701531,20250214,M100700,20241008,CS101,かつおチップス 200g,1,12000,11
701532,20240611,M100701,20240604,CT104,もこもこ泡シャンプー 300ml,1,9800,11
701533,20241006,M100701,20240604,CT106,耳そうじシート 40枚,1,9800,11
701534,20241210,M100702,20241119,CT102,肉球バーム 10g,2,13600,11
701534,20241210,M100702,20241119,CT106,耳そうじシート 40枚,1,9800,11
701534,20241210,M100702,20241119,CT104,もこもこ泡シャンプー 300ml,2,19600,11
701535,20250407,M100702,20241119,CE105,年間メンバーパス,1,4980,11
701535,20250407,M100702,20241119,CT106,耳そうじシート 40枚,1,9800,11
701536,20251021,M100702,20241119,CF104,給水器フィルター,2,2560,11
701537,20250224,M100703,20250224,CF104,給水器フィルター,1,1280,11
701538,20240907,M100704,20240826,CS105,ミルク仕立ておやつ 300g,1,980,11
701539,20250915,M100705,20250821,CT102,肉球バーム 10g,1,6800,11
701539,20250915,M100705,20250821,CT104,もこもこ泡シャンプー 300ml,1,9800,11
701540,20251003,M100705,20250821,CT102,肉球バーム 10g,2,13600,11
701541,20240930,M100706,20240906,CT106,耳そうじシート 40枚,1,9800,14
701542,20241010,M100706,20240906,CT108,毛玉ケアジェル 60g,2,1960,11
701542,20241010,M100706,20240906,CE105,年間メンバーパス,1,4980,11
701543,20241228,M100706,20240906,CT104,もこもこ泡シャンプー 300ml,1,9800,11
701544,20250120,M100706,20240906,CT102,肉球バーム 10g,1,6800,11
701545,20250403,M100706,20240906,CT102,肉球バーム 10g,1,6800,11
701545,20250403,M100706,20240906,CS104,減塩にぼし 500g,2,2560,11
701546,20241018,M100707,20241017,CT106,耳そうじシート 40枚,1,9800,11
701547,20250101,M100707,20241017,CT106,耳そうじシート 40枚,1,9800,11
701547,20250101,M100707,20241017,CT103,被毛ケアローション 190ml,1,1650,11
701548,20260306,M100708,20260304,CT106,耳そうじシート 40枚,1,9800,11
701549,20231226,M100709,20220411,CT106,耳そうじシート 40枚,1,9800,11
701549,20231226,M100709,20220411,CH105,鉄分＋葉酸タブレット 90粒,1,1280,11
701550,20250612,M100710,20250523,CH103,関節ケアコラーゲン 250g,1,980,11
701551,20260223,M100710,20250523,CS101,かつおチップス 200g,2,24000,09
701551,20260223,M100710,20250523,CS104,減塩にぼし 500g,1,1280,09
701551,20260223,M100710,20250523,CT103,被毛ケアローション 190ml,3,4950,09
701552,20250507,M100711,20250420,CE105,年間メンバーパス,1,4980,11
701552,20250507,M100711,20250420,CH103,関節ケアコラーゲン 250g,1,980,11
701552,20250507,M100711,20250420,CT103,被毛ケアローション 190ml,1,1650,11
701553,20251108,M100711,20250420,CS104,減塩にぼし 500g,1,1280,11
701554,20240707,M100712,20240614,CS104,減塩にぼし 500g,1,1280,11
701555,20250803,M100713,20250710,CT106,耳そうじシート 40枚,1,9800,14
701555,20250803,M100713,20250710,CE105,年間メンバーパス,1,4980,14
701555,20250803,M100713,20250710,CT103,被毛ケアローション 190ml,2,3300,14
701555,20250803,M100713,20250710,CT104,もこもこ泡シャンプー 300ml,1,9800,14
701556,20250722,M100714,20250706,CE105,年間メンバーパス,1,4980,11
701556,20250722,M100714,20250706,CS104,減塩にぼし 500g,1,1280,11
701557,20240211,M100715,20240209,CE105,年間メンバーパス,1,4980,11
701557,20240211,M100715,20240209,CS105,ミルク仕立ておやつ 300g,1,980,11
701557,20240211,M100715,20240209,CS101,かつおチップス 200g,1,12000,11
701557,20240211,M100715,20240209,CF104,給水器フィルター,1,1280,11
701558,20260522,M100716,20260513,CS101,かつおチップス 200g,1,12000,11
701559,20240113,M100717,20200203,CT103,被毛ケアローション 190ml,2,3300,11
701560,20250427,M100718,20250427,CT106,耳そうじシート 40枚,1,9800,11
701560,20250427,M100718,20250427,CS101,かつおチップス 200g,1,12000,11
701560,20250427,M100718,20250427,CS104,減塩にぼし 500g,2,2560,11
701561,20250713,M100718,20250427,CS103,またたびスティック 30本,1,3800,11
701561,20250713,M100718,20250427,CT103,被毛ケアローション 190ml,1,1650,11
701562,20240402,M100719,20240321,CS101,かつおチップス 200g,2,24000,09
701562,20240402,M100719,20240321,CT106,耳そうじシート 40枚,1,9800,09
701562,20240402,M100719,20240321,CT108,毛玉ケアジェル 60g,1,980,09
701563,20240103,M100720,20220404,CT104,もこもこ泡シャンプー 300ml,2,19600,11
701563,20240103,M100720,20220404,CT108,毛玉ケアジェル 60g,1,980,11
701563,20240103,M100720,20220404,CF101,総合栄養食 まぐろ 500g,3,36000,11
701564,20240202,M100721,20240117,CT106,耳そうじシート 40枚,1,9800,11
701565,20240812,M100721,20240117,CT106,耳そうじシート 40枚,1,9800,11
701566,20240907,M100721,20240117,CT108,毛玉ケアジェル 60g,1,980,11
701566,20240907,M100721,20240117,CT106,耳そうじシート 40枚,1,9800,11
701566,20240907,M100721,20240117,CT104,もこもこ泡シャンプー 300ml,1,9800,11
701567,20250119,M100721,20240117,CS101,かつおチップス 200g,1,12000,11
701567,20250119,M100721,20240117,CT106,耳そうじシート 40枚,2,19600,11
701568,20250309,M100721,20240117,CT108,毛玉ケアジェル 60g,1,980,11
701568,20250309,M100721,20240117,CT106,耳そうじシート 40枚,3,29400,11
701569,20250717,M100721,20240117,CT104,もこもこ泡シャンプー 300ml,2,19600,11
701570,20251202,M100722,20251122,CS101,かつおチップス 200g,1,12000,11
701571,20260121,M100722,20251122,CT106,耳そうじシート 40枚,1,9800,11
701572,20240724,M100723,20240712,CT106,耳そうじシート 40枚,2,19600,11
701572,20240724,M100723,20240712,CH102,毛玉ケアパウダー 180回分,1,1650,11
701573,20240817,M100723,20240712,CH103,関節ケアコラーゲン 250g,2,1960,11
701574,20240504,M100724,20240415,CE105,年間メンバーパス,1,4980,11
701574,20240504,M100724,20240415,CS104,減塩にぼし 500g,1,1280,11
701574,20240504,M100724,20240415,CT102,肉球バーム 10g,1,6800,11
701575,20231230,M100725,20170818,CT106,耳そうじシート 40枚,1,9800,11
701576,20240418,M100725,20170818,CH106,腸内フローラ乳酸菌 60粒,2,24000,09
701576,20240418,M100725,20170818,CS104,減塩にぼし 500g,1,1280,09
701576,20240418,M100725,20170818,CT104,もこもこ泡シャンプー 300ml,1,9800,09
701577,20240917,M100725,20170818,CS101,かつおチップス 200g,1,12000,11
701577,20240917,M100725,20170818,CH104,オメガ3ソフトカプセル 120粒,1,980,11
701578,20260401,M100726,20260310,CT106,耳そうじシート 40枚,2,19600,11
701578,20260401,M100726,20260310,CT102,肉球バーム 10g,1,6800,11
701578,20260401,M100726,20260310,CT104,もこもこ泡シャンプー 300ml,1,9800,11
701579,20241214,M100727,20241213,CT103,被毛ケアローション 190ml,1,1650,11
701579,20241214,M100727,20241213,CS101,かつおチップス 200g,1,12000,11
701579,20241214,M100727,20241213,CE105,年間メンバーパス,1,4980,11
701580,20231227,M100728,20170628,CT108,毛玉ケアジェル 60g,1,980,11
701581,20240222,M100728,20170628,CT102,肉球バーム 10g,1,6800,11
701582,20240413,M100728,20170628,CT106,耳そうじシート 40枚,3,29400,11
701582,20240413,M100728,20170628,CF101,総合栄養食 まぐろ 500g,2,24000,11
701582,20240413,M100728,20170628,CT104,もこもこ泡シャンプー 300ml,1,9800,11
701583,20231222,M100729,20170128,CE101,しつけ教室チケット A,1,2980,11
701583,20231222,M100729,20170128,CT108,毛玉ケアジェル 60g,1,980,11
701584,20240708,M100729,20170128,CT103,被毛ケアローション 190ml,1,1650,11
701585,20240911,M100729,20170128,CS101,かつおチップス 200g,2,24000,11
701585,20240911,M100729,20170128,CT104,もこもこ泡シャンプー 300ml,1,9800,11
701586,20241105,M100730,20241015,CT102,肉球バーム 10g,1,6800,11
701586,20241105,M100730,20241015,CT107,デンタルジェル 50ml,1,1650,11
701586,20241105,M100730,20241015,CS104,減塩にぼし 500g,3,3840,11
701587,20241107,M100731,20241029,CT102,肉球バーム 10g,1,6800,11
701588,20241129,M100731,20241029,CF102,総合栄養食 まぐろ 100g,1,980,11
701588,20241129,M100731,20241029,CT104,もこもこ泡シャンプー 300ml,1,9800,11
701589,20250531,M100732,20250519,CH102,毛玉ケアパウダー 180回分,2,3300,11
701590,20250612,M100732,20250519,CT106,耳そうじシート 40枚,1,9800,11
701590,20250612,M100732,20250519,CS101,かつおチップス 200g,2,24000,11
701591,20240113,M100733,20231214,CS101,かつおチップス 200g,1,12000,14
701592,20240406,M100733,20231214,CS104,減塩にぼし 500g,1,1280,11
701593,20241016,M100733,20231214,CE105,年間メンバーパス,1,4980,11
701593,20241016,M100733,20231214,CT108,毛玉ケアジェル 60g,1,980,11
701594,20260219,M100734,20260207,CT103,被毛ケアローション 190ml,1,1650,11
701595,20260504,M100734,20260207,CT106,耳そうじシート 40枚,2,19600,11
701596,20260523,M100734,20260207,CT108,毛玉ケアジェル 60g,2,1960,11
701596,20260523,M100734,20260207,CT106,耳そうじシート 40枚,1,9800,11
701597,20240909,M100735,20240828,CT104,もこもこ泡シャンプー 300ml,1,9800,11
701598,20241006,M100735,20240828,CH102,毛玉ケアパウダー 180回分,1,1650,11
701599,20241022,M100735,20240828,CS101,かつおチップス 200g,2,24000,11
701599,20241022,M100735,20240828,CT106,耳そうじシート 40枚,1,9800,11
701599,20241022,M100735,20240828,CS103,またたびスティック 30本,1,3800,11
701600,20241105,M100735,20240828,CT104,もこもこ泡シャンプー 300ml,1,9800,11
701601,20251111,M100736,20251111,CT106,耳そうじシート 40枚,1,9800,11
701601,20251111,M100736,20251111,CE105,年間メンバーパス,1,4980,11
701602,20250708,M100737,20250630,CF102,総合栄養食 まぐろ 100g,2,1960,11
701603,20251113,M100737,20250630,CT102,肉球バーム 10g,1,6800,11
701604,20240103,M100738,20210123,CT106,耳そうじシート 40枚,1,9800,11
701604,20240103,M100738,20210123,CS101,かつおチップス 200g,1,12000,11
701605,20260107,M100739,20251218,CE105,年間メンバーパス,1,4980,14
701606,20240108,M100740,20170905,CT102,肉球バーム 10g,1,6800,09
701607,20250527,M100741,20250504,CT106,耳そうじシート 40枚,1,9800,11
701608,20250629,M100741,20250504,CT104,もこもこ泡シャンプー 300ml,1,9800,11
701608,20250629,M100741,20250504,CT106,耳そうじシート 40枚,2,19600,11
701608,20250629,M100741,20250504,CH106,腸内フローラ乳酸菌 60粒,1,12000,11
701608,20250629,M100741,20250504,CT101,肉球バーム 100g,1,1650,11
701609,20250807,M100741,20250504,CT104,もこもこ泡シャンプー 300ml,3,29400,11
701610,20250908,M100741,20250504,CS104,減塩にぼし 500g,1,1280,11
701611,20250714,M100742,20250619,CS104,減塩にぼし 500g,2,2560,11
701612,20240224,M100743,20240217,CE105,年間メンバーパス,1,4980,11
701613,20240415,M100743,20240217,CF106,フードストッカー 1L,1,3800,11
701613,20240415,M100743,20240217,CT102,肉球バーム 10g,2,13600,11
701613,20240415,M100743,20240217,CH105,鉄分＋葉酸タブレット 90粒,1,1280,11
701614,20240607,M100743,20240217,CT104,もこもこ泡シャンプー 300ml,1,9800,11
701614,20240607,M100743,20240217,CS102,ささみチップス 200g,1,4980,11
701615,20240616,M100743,20240217,CH106,腸内フローラ乳酸菌 60粒,1,12000,11
701616,20250509,M100744,20250426,CS101,かつおチップス 200g,1,12000,11
701617,20251021,M100744,20250426,CT106,耳そうじシート 40枚,1,9800,11
701618,20250529,M100745,20250507,CF102,総合栄養食 まぐろ 100g,2,1960,11
701619,20250717,M100745,20250507,CE105,年間メンバーパス,1,4980,11
701619,20250717,M100745,20250507,CF102,総合栄養食 まぐろ 100g,1,980,11
701620,20251215,M100745,20250507,CS101,かつおチップス 200g,1,12000,11
701621,20250608,M100746,20250602,CS101,かつおチップス 200g,1,12000,11
701621,20250608,M100746,20250602,CE102,しつけ教室チケット S,2,13600,11
701622,20250707,M100746,20250602,CS101,かつおチップス 200g,1,12000,11
701622,20250707,M100746,20250602,CS103,またたびスティック 30本,1,3800,11
701623,20240926,M100747,20240901,CT106,耳そうじシート 40枚,1,9800,11
701623,20240926,M100747,20240901,CT104,もこもこ泡シャンプー 300ml,2,19600,11
701624,20240105,M100748,20181119,CT106,耳そうじシート 40枚,1,9800,11
701625,20250324,M100749,20250322,CS101,かつおチップス 200g,1,12000,11
701626,20260219,M100750,20260206,CS104,減塩にぼし 500g,1,1280,11
701627,20260325,M100750,20260206,CT106,耳そうじシート 40枚,1,9800,11
701628,20250921,M100751,20250829,CS103,またたびスティック 30本,1,3800,11
701628,20250921,M100751,20250829,CT102,肉球バーム 10g,1,6800,11
701629,20240314,M100752,20240310,CS104,減塩にぼし 500g,2,2560,11
701629,20240314,M100752,20240310,CT106,耳そうじシート 40枚,3,29400,11
701629,20240314,M100752,20240310,CS101,かつおチップス 200g,1,12000,11
701630,20250106,M100753,20241229,CT104,もこもこ泡シャンプー 300ml,1,9800,11
701630,20250106,M100753,20241229,CH102,毛玉ケアパウダー 180回分,1,1650,11
701631,20250315,M100753,20241229,CE105,年間メンバーパス,1,4980,11
701631,20250315,M100753,20241229,CT104,もこもこ泡シャンプー 300ml,1,9800,11
701632,20251026,M100754,20251002,CT102,肉球バーム 10g,1,6800,11
701632,20251026,M100754,20251002,CT104,もこもこ泡シャンプー 300ml,1,9800,11
701633,20231225,M100755,20200916,CS104,減塩にぼし 500g,2,2560,11
701633,20231225,M100755,20200916,CT104,もこもこ泡シャンプー 300ml,1,9800,11
701634,20250211,M100756,20250129,CT102,肉球バーム 10g,1,6800,11
701634,20250211,M100756,20250129,CT104,もこもこ泡シャンプー 300ml,1,9800,11
701635,20251118,M100757,20251108,CT106,耳そうじシート 40枚,1,9800,11
701635,20251118,M100757,20251108,CS103,またたびスティック 30本,1,3800,11
701636,20251225,M100757,20251108,CT102,肉球バーム 10g,1,6800,11
701637,20240616,M100758,20240526,CT104,もこもこ泡シャンプー 300ml,1,9800,11
701638,20240524,M100759,20240504,CT106,耳そうじシート 40枚,2,19600,11
701638,20240524,M100759,20240504,CT103,被毛ケアローション 190ml,1,1650,11
701639,20251231,M100760,20251220,CT106,耳そうじシート 40枚,2,19600,14
701640,20240508,M100761,20240426,CT108,毛玉ケアジェル 60g,1,980,14
701641,20240429,M100762,20240406,CS104,減塩にぼし 500g,1,1280,11
701641,20240429,M100762,20240406,CT104,もこもこ泡シャンプー 300ml,1,9800,11
701641,20240429,M100762,20240406,CH104,オメガ3ソフトカプセル 120粒,1,980,11
701642,20240803,M100762,20240406,CS104,減塩にぼし 500g,2,2560,11
701643,20250210,M100762,20240406,CT106,耳そうじシート 40枚,1,9800,11
701643,20250210,M100762,20240406,CS101,かつおチップス 200g,1,12000,11
701643,20250210,M100762,20240406,CE105,年間メンバーパス,1,4980,11
701643,20250210,M100762,20240406,CS104,減塩にぼし 500g,2,2560,11
701644,20241029,M100763,20241010,CT106,耳そうじシート 40枚,1,9800,11
701644,20241029,M100763,20241010,CS101,かつおチップス 200g,1,12000,11
701645,20241123,M100763,20241010,CT103,被毛ケアローション 190ml,1,1650,11
701645,20241123,M100763,20241010,CS101,かつおチップス 200g,1,12000,11
701646,20250811,M100764,20250804,CT106,耳そうじシート 40枚,1,9800,11
701647,20260207,M100765,20260131,CE105,年間メンバーパス,2,9960,11
701648,20260326,M100765,20260131,CS101,かつおチップス 200g,3,36000,11
701649,20251211,M100766,20251202,CT108,毛玉ケアジェル 60g,1,980,11
701650,20240306,M100767,20240303,CT106,耳そうじシート 40枚,1,9800,11
701650,20240306,M100767,20240303,CE102,しつけ教室チケット S,1,6800,11
701650,20240306,M100767,20240303,CH102,毛玉ケアパウダー 180回分,1,1650,11
701650,20240306,M100767,20240303,CT104,もこもこ泡シャンプー 300ml,1,9800,11
701651,20241003,M100767,20240303,CT106,耳そうじシート 40枚,1,9800,11
701652,20250122,M100767,20240303,CT104,もこもこ泡シャンプー 300ml,1,9800,11
701653,20250325,M100767,20240303,CS103,またたびスティック 30本,1,3800,11
701653,20250325,M100767,20240303,CT106,耳そうじシート 40枚,1,9800,11
701654,20240720,M100768,20240716,CT104,もこもこ泡シャンプー 300ml,1,9800,11
701655,20250410,M100769,20250331,CT102,肉球バーム 10g,1,6800,11
701656,20250516,M100769,20250331,CT102,肉球バーム 10g,1,6800,11
701656,20250516,M100769,20250331,CE105,年間メンバーパス,1,4980,11
701656,20250516,M100769,20250331,CT103,被毛ケアローション 190ml,3,4950,11
701656,20250516,M100769,20250331,CS104,減塩にぼし 500g,1,1280,11
701657,20260304,M100769,20250331,CT106,耳そうじシート 40枚,2,19600,11
701658,20240112,M100770,20200303,CT104,もこもこ泡シャンプー 300ml,2,19600,11
701658,20240112,M100770,20200303,CS101,かつおチップス 200g,1,12000,11
701659,20240223,M100770,20200303,CT108,毛玉ケアジェル 60g,1,980,14
701659,20240223,M100770,20200303,CS104,減塩にぼし 500g,1,1280,14
701659,20240223,M100770,20200303,CT106,耳そうじシート 40枚,1,9800,14
701660,20260331,M100771,20260327,CS101,かつおチップス 200g,1,12000,11
701661,20250412,M100772,20250409,CE102,しつけ教室チケット S,1,6800,11
701662,20250502,M100772,20250409,CS104,減塩にぼし 500g,1,1280,11
701663,20231226,M100773,20230403,CS101,かつおチップス 200g,1,12000,11
701664,20240111,M100773,20230403,CT103,被毛ケアローション 190ml,1,1650,11
701664,20240111,M100773,20230403,CS101,かつおチップス 200g,1,12000,11
701665,20250805,M100774,20250717,CT106,耳そうじシート 40枚,3,29400,11
701666,20250509,M100775,20250416,CF102,総合栄養食 まぐろ 100g,1,980,11
701666,20250509,M100775,20250416,CT104,もこもこ泡シャンプー 300ml,1,9800,11
701667,20250623,M100775,20250416,CS104,減塩にぼし 500g,1,1280,11
701668,20250923,M100776,20250919,CF104,給水器フィルター,1,1280,11
701669,20260310,M100776,20250919,CS103,またたびスティック 30本,1,3800,11
701669,20260310,M100776,20250919,CH101,猫用マルチビタミン 180粒,1,980,11
701669,20260310,M100776,20250919,CT104,もこもこ泡シャンプー 300ml,1,9800,11
701670,20250529,M100777,20250527,CH104,オメガ3ソフトカプセル 120粒,1,980,11
701670,20250529,M100777,20250527,CT104,もこもこ泡シャンプー 300ml,1,9800,11
701670,20250529,M100777,20250527,CT102,肉球バーム 10g,1,6800,11
701671,20240107,M100778,20231231,CS101,かつおチップス 200g,1,12000,11
701671,20240107,M100778,20231231,CE105,年間メンバーパス,1,4980,11
701671,20240107,M100778,20231231,CT102,肉球バーム 10g,1,6800,11
701672,20240207,M100778,20231231,CT103,被毛ケアローション 190ml,1,1650,11
701672,20240207,M100778,20231231,CS103,またたびスティック 30本,1,3800,11
701672,20240207,M100778,20231231,CT104,もこもこ泡シャンプー 300ml,1,9800,11
701673,20241203,M100779,20241122,CF102,総合栄養食 まぐろ 100g,1,980,11
701673,20241203,M100779,20241122,CT103,被毛ケアローション 190ml,1,1650,11
701673,20241203,M100779,20241122,CT102,肉球バーム 10g,1,6800,11
701674,20231230,M100780,20160720,CS101,かつおチップス 200g,1,12000,11
701675,20240122,M100780,20160720,CT104,もこもこ泡シャンプー 300ml,1,9800,11
701676,20240309,M100780,20160720,CT108,毛玉ケアジェル 60g,1,980,11
701676,20240309,M100780,20160720,CH106,腸内フローラ乳酸菌 60粒,2,24000,11
701677,20250105,M100781,20241225,CS103,またたびスティック 30本,2,7600,11
701678,20240410,M100782,20240330,CE105,年間メンバーパス,1,4980,11
701679,20241006,M100782,20240330,CT106,耳そうじシート 40枚,1,9800,11
701680,20250114,M100782,20240330,CT106,耳そうじシート 40枚,1,9800,11
701681,20250203,M100782,20240330,CS104,減塩にぼし 500g,1,1280,11
701681,20250203,M100782,20240330,CS101,かつおチップス 200g,1,12000,11
701682,20250524,M100783,20250503,CT104,もこもこ泡シャンプー 300ml,1,9800,11
701683,20250707,M100783,20250503,CT106,耳そうじシート 40枚,1,9800,11
701683,20250707,M100783,20250503,CF104,給水器フィルター,1,1280,11
701684,20250825,M100783,20250503,CS101,かつおチップス 200g,3,36000,11
701685,20260106,M100784,20251231,CS101,かつおチップス 200g,1,12000,11
701686,20240324,M100785,20240318,CS104,減塩にぼし 500g,1,1280,11
701686,20240324,M100785,20240318,CT106,耳そうじシート 40枚,1,9800,11
701686,20240324,M100785,20240318,CS101,かつおチップス 200g,1,12000,11
701687,20240910,M100785,20240318,CE105,年間メンバーパス,1,4980,11
701687,20240910,M100785,20240318,CT106,耳そうじシート 40枚,1,9800,11
701688,20241015,M100785,20240318,CT106,耳そうじシート 40枚,1,9800,11
701689,20251203,M100786,20251108,CT104,もこもこ泡シャンプー 300ml,1,9800,11
701690,20240701,M100787,20240613,CT103,被毛ケアローション 190ml,1,1650,11
701691,20240901,M100787,20240613,CT104,もこもこ泡シャンプー 300ml,1,9800,14
701692,20241013,M100787,20240613,CH102,毛玉ケアパウダー 180回分,1,1650,11
701693,20250312,M100787,20240613,CT108,毛玉ケアジェル 60g,1,980,11
701694,20250323,M100787,20240613,CS103,またたびスティック 30本,1,3800,11
701695,20250404,M100787,20240613,CE105,年間メンバーパス,1,4980,11
701696,20250527,M100787,20240613,CT104,もこもこ泡シャンプー 300ml,1,9800,11
701697,20250918,M100787,20240613,CT106,耳そうじシート 40枚,1,9800,11
701698,20250806,M100788,20250714,CS101,かつおチップス 200g,3,36000,11
701698,20250806,M100788,20250714,CS105,ミルク仕立ておやつ 300g,1,980,11
701699,20231226,M100789,20180607,CS101,かつおチップス 200g,1,12000,11
701700,20240112,M100789,20180607,CS104,減塩にぼし 500g,1,1280,11
701701,20240620,M100790,20240610,CT102,肉球バーム 10g,1,6800,11
701701,20240620,M100790,20240610,CE105,年間メンバーパス,1,4980,11
701701,20240620,M100790,20240610,CS104,減塩にぼし 500g,1,1280,11
701702,20250717,M100791,20250712,CS101,かつおチップス 200g,1,12000,11
701703,20250801,M100791,20250712,CT106,耳そうじシート 40枚,1,9800,11
701703,20250801,M100791,20250712,CH102,毛玉ケアパウダー 180回分,1,1650,11
701704,20250831,M100791,20250712,CT106,耳そうじシート 40枚,1,9800,11
701705,20251230,M100791,20250712,CT103,被毛ケアローション 190ml,1,1650,11
701706,20260615,M100791,20250712,CT106,耳そうじシート 40枚,1,9800,11
701706,20260615,M100791,20250712,CS104,減塩にぼし 500g,2,2560,11
701707,20260327,M100792,20260315,CF106,フードストッカー 1L,1,3800,11
701708,20240106,M100793,20190222,CS101,かつおチップス 200g,1,12000,11
701708,20240106,M100793,20190222,CT105,ふわもこブラシ,1,2980,11
701709,20240322,M100793,20190222,CT108,毛玉ケアジェル 60g,1,980,11
701709,20240322,M100793,20190222,CT104,もこもこ泡シャンプー 300ml,2,19600,11
701710,20240406,M100793,20190222,CT106,耳そうじシート 40枚,2,19600,11
701711,20240613,M100794,20240524,CT106,耳そうじシート 40枚,1,9800,11
701712,20250302,M100795,20250220,CT102,肉球バーム 10g,1,6800,14
701712,20250302,M100795,20250220,CT106,耳そうじシート 40枚,1,9800,14
701712,20250302,M100795,20250220,CE105,年間メンバーパス,1,4980,14
701713,20250403,M100796,20250331,CT104,もこもこ泡シャンプー 300ml,1,9800,11
701714,20250627,M100796,20250331,CT107,デンタルジェル 50ml,1,1650,11
701715,20250929,M100796,20250331,CT103,被毛ケアローション 190ml,1,1650,11
701716,20240417,M100797,20240417,CT108,毛玉ケアジェル 60g,1,980,11
701717,20250103,M100797,20240417,CT106,耳そうじシート 40枚,2,19600,11
701717,20250103,M100797,20240417,CE101,しつけ教室チケット A,1,2980,11
701718,20250121,M100797,20240417,CT104,もこもこ泡シャンプー 300ml,1,9800,11
701719,20250307,M100797,20240417,CT106,耳そうじシート 40枚,2,19600,11
701719,20250307,M100797,20240417,CT108,毛玉ケアジェル 60g,1,980,11
701719,20250307,M100797,20240417,CS104,減塩にぼし 500g,2,2560,11
701720,20250315,M100797,20240417,CT104,もこもこ泡シャンプー 300ml,2,19600,11
701720,20250315,M100797,20240417,CT106,耳そうじシート 40枚,1,9800,11
701721,20240208,M100798,20240205,CF102,総合栄養食 まぐろ 100g,1,980,11
701721,20240208,M100798,20240205,CE102,しつけ教室チケット S,1,6800,11
701722,20240505,M100798,20240205,CT106,耳そうじシート 40枚,1,9800,11
701723,20240929,M100799,20240915,CH102,毛玉ケアパウダー 180回分,1,1650,11
701723,20240929,M100799,20240915,CF102,総合栄養食 まぐろ 100g,1,980,11
701724,20241011,M100799,20240915,CT102,肉球バーム 10g,1,6800,11
701724,20241011,M100799,20240915,CS104,減塩にぼし 500g,2,2560,11
701724,20241011,M100799,20240915,CT104,もこもこ泡シャンプー 300ml,1,9800,11
701725,20250907,M100800,20250817,CE105,年間メンバーパス,3,14940,11
701726,20250218,M100801,20250215,CT102,肉球バーム 10g,1,6800,11
701727,20240906,M100802,20240830,CS104,減塩にぼし 500g,2,2560,11
701728,20241012,M100802,20240830,CT104,もこもこ泡シャンプー 300ml,1,9800,11
701729,20250523,M100803,20250501,CT106,耳そうじシート 40枚,1,9800,11
701729,20250523,M100803,20250501,CS104,減塩にぼし 500g,2,2560,11
701729,20250523,M100803,20250501,CS101,かつおチップス 200g,1,12000,11
701729,20250523,M100803,20250501,CT104,もこもこ泡シャンプー 300ml,3,29400,11
701730,20250610,M100803,20250501,CS104,減塩にぼし 500g,1,1280,11
701731,20240221,M100804,20240213,CT104,もこもこ泡シャンプー 300ml,2,19600,14
701731,20240221,M100804,20240213,CS104,減塩にぼし 500g,1,1280,14
701731,20240221,M100804,20240213,CT106,耳そうじシート 40枚,1,9800,14
701732,20240101,M100805,20180919,CT106,耳そうじシート 40枚,1,9800,11
701733,20240308,M100805,20180919,CF101,総合栄養食 まぐろ 500g,2,24000,11
701733,20240308,M100805,20180919,CT106,耳そうじシート 40枚,2,19600,11
701734,20251016,M100806,20250927,CS104,減塩にぼし 500g,1,1280,11
701735,20260323,M100807,20260313,CT102,肉球バーム 10g,1,6800,11
701736,20260514,M100807,20260313,CS104,減塩にぼし 500g,1,1280,11
701736,20260514,M100807,20260313,CE102,しつけ教室チケット S,3,20400,11
701737,20260524,M100807,20260313,CT102,肉球バーム 10g,1,6800,11
701738,20260616,M100807,20260313,CT106,耳そうじシート 40枚,2,19600,11
701738,20260616,M100807,20260313,CS104,減塩にぼし 500g,1,1280,11
701738,20260616,M100807,20260313,CS103,またたびスティック 30本,2,7600,11
701739,20260407,M100808,20260404,CS102,ささみチップス 200g,1,4980,11
701739,20260407,M100808,20260404,CS101,かつおチップス 200g,1,12000,11
701739,20260407,M100808,20260404,CT102,肉球バーム 10g,2,13600,11
701740,20240905,M100809,20240829,CS104,減塩にぼし 500g,1,1280,11
701740,20240905,M100809,20240829,CF102,総合栄養食 まぐろ 100g,3,2940,11
701741,20240114,M100810,20211022,CF102,総合栄養食 まぐろ 100g,3,2940,11
701741,20240114,M100810,20211022,CT104,もこもこ泡シャンプー 300ml,1,9800,11
701742,20240127,M100810,20211022,CS104,減塩にぼし 500g,1,1280,11
701742,20240127,M100810,20211022,CF101,総合栄養食 まぐろ 500g,1,12000,11
701742,20240127,M100810,20211022,CT102,肉球バーム 10g,2,13600,11
701743,20240523,M100810,20211022,CE105,年間メンバーパス,1,4980,11
701743,20240523,M100810,20211022,CT108,毛玉ケアジェル 60g,1,980,11
701744,20240607,M100810,20211022,CT104,もこもこ泡シャンプー 300ml,1,9800,11
701745,20251117,M100811,20251025,CS101,かつおチップス 200g,1,12000,11
701745,20251117,M100811,20251025,CT106,耳そうじシート 40枚,1,9800,11
701745,20251117,M100811,20251025,CS104,減塩にぼし 500g,1,1280,11
701746,20251224,M100811,20251025,CS103,またたびスティック 30本,1,3800,11
701747,20231223,M100812,20220129,CT108,毛玉ケアジェル 60g,1,980,11
701748,20240211,M100812,20220129,CF101,総合栄養食 まぐろ 500g,2,24000,11
701749,20240718,M100812,20220129,CH104,オメガ3ソフトカプセル 120粒,1,980,11
701749,20240718,M100812,20220129,CT106,耳そうじシート 40枚,1,9800,11
701749,20240718,M100812,20220129,CE105,年間メンバーパス,1,4980,11
701750,20240709,M100813,20240709,CE105,年間メンバーパス,1,4980,11
701750,20240709,M100813,20240709,CS101,かつおチップス 200g,1,12000,11
701751,20260606,M100814,20260513,CE105,年間メンバーパス,1,4980,11
701751,20260606,M100814,20260513,CH102,毛玉ケアパウダー 180回分,2,3300,11
701752,20241222,M100815,20241219,CT104,もこもこ泡シャンプー 300ml,1,9800,11
701753,20250131,M100815,20241219,CT104,もこもこ泡シャンプー 300ml,2,19600,11
701753,20250131,M100815,20241219,CT106,耳そうじシート 40枚,1,9800,11
701754,20250729,M100816,20250723,CT108,毛玉ケアジェル 60g,1,980,11
701754,20250729,M100816,20250723,CT104,もこもこ泡シャンプー 300ml,1,9800,11
701754,20250729,M100816,20250723,CT102,肉球バーム 10g,1,6800,11
701755,20250824,M100816,20250723,CT104,もこもこ泡シャンプー 300ml,1,9800,11
701755,20250824,M100816,20250723,CT106,耳そうじシート 40枚,1,9800,11
701756,20260102,M100816,20250723,CS103,またたびスティック 30本,1,3800,11
701756,20260102,M100816,20250723,CT104,もこもこ泡シャンプー 300ml,1,9800,11
701756,20260102,M100816,20250723,CT106,耳そうじシート 40枚,2,19600,11
701757,20260425,M100816,20250723,CS103,またたびスティック 30本,1,3800,11
701758,20260320,M100817,20260310,CT106,耳そうじシート 40枚,1,9800,11
701759,20260408,M100817,20260310,CT106,耳そうじシート 40枚,1,9800,11
701760,20250807,M100818,20250803,CE105,年間メンバーパス,3,14940,11
701761,20240112,M100819,20190225,CS101,かつおチップス 200g,1,12000,11
701762,20260513,M100820,20260504,CT104,もこもこ泡シャンプー 300ml,1,9800,11
701762,20260513,M100820,20260504,CT108,毛玉ケアジェル 60g,2,1960,11
701763,20260521,M100820,20260504,CH105,鉄分＋葉酸タブレット 90粒,1,1280,09
701764,20250423,M100821,20250418,CT104,もこもこ泡シャンプー 300ml,1,9800,11
701765,20250921,M100822,20250908,CF102,総合栄養食 まぐろ 100g,1,980,11
701766,20251018,M100822,20250908,CF102,総合栄養食 まぐろ 100g,1,980,11
701767,20251010,M100823,20251001,CS101,かつおチップス 200g,1,12000,11
701767,20251010,M100823,20251001,CH103,関節ケアコラーゲン 250g,1,980,11
701768,20250910,M100824,20250910,CS101,かつおチップス 200g,1,12000,11
701769,20241213,M100825,20241205,CS104,減塩にぼし 500g,1,1280,11
701770,20250106,M100825,20241205,CE105,年間メンバーパス,2,9960,11
701771,20250703,M100826,20250621,CF101,総合栄養食 まぐろ 500g,2,24000,11
701771,20250703,M100826,20250621,CS104,減塩にぼし 500g,1,1280,11
701772,20251011,M100826,20250621,CT106,耳そうじシート 40枚,1,9800,11
701772,20251011,M100826,20250621,CT105,ふわもこブラシ,3,8940,11
701773,20260430,M100827,20260407,CT104,もこもこ泡シャンプー 300ml,1,9800,11
701773,20260430,M100827,20260407,CS101,かつおチップス 200g,1,12000,11
701774,20260617,M100827,20260407,CS101,かつおチップス 200g,1,12000,11
701774,20260617,M100827,20260407,CT102,肉球バーム 10g,2,13600,11
701774,20260617,M100827,20260407,CS104,減塩にぼし 500g,1,1280,11
701775,20240625,M100828,20240609,CS103,またたびスティック 30本,1,3800,11
701775,20240625,M100828,20240609,CT104,もこもこ泡シャンプー 300ml,1,9800,11
701775,20240625,M100828,20240609,CS104,減塩にぼし 500g,1,1280,11
701776,20240712,M100828,20240609,CT106,耳そうじシート 40枚,2,19600,14
701777,20240909,M100828,20240609,CT104,もこもこ泡シャンプー 300ml,1,9800,11
701778,20240927,M100828,20240609,CT104,もこもこ泡シャンプー 300ml,1,9800,11
701778,20240927,M100828,20240609,CS103,またたびスティック 30本,1,3800,11
701779,20241209,M100828,20240609,CT108,毛玉ケアジェル 60g,2,1960,11
701779,20241209,M100828,20240609,CT106,耳そうじシート 40枚,1,9800,11
701779,20241209,M100828,20240609,CE102,しつけ教室チケット S,1,6800,11
701779,20241209,M100828,20240609,CT104,もこもこ泡シャンプー 300ml,2,19600,11
701780,20250425,M100828,20240609,CT108,毛玉ケアジェル 60g,1,980,11
701781,20250924,M100828,20240609,CT102,肉球バーム 10g,1,6800,09
701781,20250924,M100828,20240609,CS101,かつおチップス 200g,1,12000,09
701781,20250924,M100828,20240609,CT108,毛玉ケアジェル 60g,1,980,09
701782,20251019,M100828,20240609,CT104,もこもこ泡シャンプー 300ml,2,19600,11
701783,20260223,M100829,20260220,CT104,もこもこ泡シャンプー 300ml,1,9800,11
701784,20231222,M100830,20190129,CT106,耳そうじシート 40枚,2,19600,11
701785,20240129,M100830,20190129,CS102,ささみチップス 200g,1,4980,11
701786,20260304,M100831,20260208,CT102,肉球バーム 10g,1,6800,11
701787,20240522,M100832,20240501,CF104,給水器フィルター,1,1280,11
701788,20240608,M100832,20240501,CT102,肉球バーム 10g,1,6800,11
701789,20240908,M100832,20240501,CE105,年間メンバーパス,1,4980,11
701790,20241018,M100832,20240501,CH103,関節ケアコラーゲン 250g,1,980,11
701790,20241018,M100832,20240501,CS101,かつおチップス 200g,1,12000,11
701790,20241018,M100832,20240501,CT108,毛玉ケアジェル 60g,1,980,11
701790,20241018,M100832,20240501,CT104,もこもこ泡シャンプー 300ml,1,9800,11
701791,20250425,M100832,20240501,CT108,毛玉ケアジェル 60g,1,980,11
701792,20250613,M100832,20240501,CS104,減塩にぼし 500g,3,3840,11
701793,20251008,M100833,20251004,CS101,かつおチップス 200g,1,12000,11
701794,20250217,M100834,20250207,CS104,減塩にぼし 500g,1,1280,11
701795,20240114,M100835,20200505,CT106,耳そうじシート 40枚,2,19600,11
701795,20240114,M100835,20200505,CH102,毛玉ケアパウダー 180回分,1,1650,11
701796,20240617,M100835,20200505,CT106,耳そうじシート 40枚,1,9800,11
701797,20260104,M100836,20251224,CT104,もこもこ泡シャンプー 300ml,1,9800,11
701798,20260329,M100836,20251224,CE105,年間メンバーパス,1,4980,11
701798,20260329,M100836,20251224,CT101,肉球バーム 100g,2,3300,11
701799,20260521,M100836,20251224,CS102,ささみチップス 200g,3,14940,11
701799,20260521,M100836,20251224,CT104,もこもこ泡シャンプー 300ml,1,9800,11
701799,20260521,M100836,20251224,CT102,肉球バーム 10g,1,6800,11
701800,20260604,M100836,20251224,CT103,被毛ケアローション 190ml,1,1650,11
701801,20241218,M100837,20241217,CT108,毛玉ケアジェル 60g,1,980,11
701801,20241218,M100837,20241217,CT103,被毛ケアローション 190ml,1,1650,11
701802,20250420,M100837,20241217,CT106,耳そうじシート 40枚,1,9800,11
701803,20250624,M100837,20241217,CS101,かつおチップス 200g,1,12000,11
701803,20250624,M100837,20241217,CT104,もこもこ泡シャンプー 300ml,2,19600,11
701803,20250624,M100837,20241217,CS104,減塩にぼし 500g,1,1280,11
701804,20260322,M100838,20260314,CT103,被毛ケアローション 190ml,1,1650,11
701804,20260322,M100838,20260314,CT106,耳そうじシート 40枚,1,9800,11
701804,20260322,M100838,20260314,CT104,もこもこ泡シャンプー 300ml,1,9800,11
701804,20260322,M100838,20260314,CS102,ささみチップス 200g,1,4980,11
701805,20260512,M100838,20260314,CF101,総合栄養食 まぐろ 500g,1,12000,11
701806,20231229,M100839,20181010,CE105,年間メンバーパス,3,14940,11
701807,20250414,M100840,20250405,CT102,肉球バーム 10g,1,6800,11
701807,20250414,M100840,20250405,CS101,かつおチップス 200g,1,12000,11
701808,20250425,M100840,20250405,CT106,耳そうじシート 40枚,1,9800,11
701809,20250219,M100841,20250205,CE105,年間メンバーパス,2,9960,11
701809,20250219,M100841,20250205,CT104,もこもこ泡シャンプー 300ml,1,9800,11
701809,20250219,M100841,20250205,CS104,減塩にぼし 500g,1,1280,11
701810,20250527,M100841,20250205,CS104,減塩にぼし 500g,1,1280,11
701811,20251214,M100842,20251123,CT108,毛玉ケアジェル 60g,1,980,11
701812,20260120,M100842,20251123,CS101,かつおチップス 200g,1,12000,11
701812,20260120,M100842,20251123,CT106,耳そうじシート 40枚,1,9800,11
701813,20260302,M100842,20251123,CE102,しつけ教室チケット S,2,13600,11
701813,20260302,M100842,20251123,CT108,毛玉ケアジェル 60g,3,2940,11
701814,20250217,M100843,20250209,CF105,竹のフードスクープ,1,980,11
701815,20250226,M100843,20250209,CF103,陶器のごはん皿 S,1,1650,11
701816,20250314,M100843,20250209,CE105,年間メンバーパス,1,4980,11
701817,20250630,M100844,20250619,CT108,毛玉ケアジェル 60g,1,980,11
701818,20250810,M100844,20250619,CT104,もこもこ泡シャンプー 300ml,3,29400,11
701819,20240604,M100845,20240520,CH102,毛玉ケアパウダー 180回分,2,3300,11
701820,20241029,M100845,20240520,CS101,かつおチップス 200g,1,12000,11
701820,20241029,M100845,20240520,CE105,年間メンバーパス,3,14940,11
701821,20241206,M100845,20240520,CT102,肉球バーム 10g,2,13600,11
701822,20251210,M100846,20251208,CT106,耳そうじシート 40枚,1,9800,11
701822,20251210,M100846,20251208,CT102,肉球バーム 10g,1,6800,11
701823,20260224,M100846,20251208,CT102,肉球バーム 10g,1,6800,11
701824,20250203,M100847,20250114,CH102,毛玉ケアパウダー 180回分,1,1650,11
701825,20250303,M100847,20250114,CT104,もこもこ泡シャンプー 300ml,1,9800,11
701825,20250303,M100847,20250114,CT106,耳そうじシート 40枚,1,9800,11
701826,20250525,M100847,20250114,CT106,耳そうじシート 40枚,1,9800,11
701826,20250525,M100847,20250114,CT104,もこもこ泡シャンプー 300ml,3,29400,11
701827,20250727,M100847,20250114,CT106,耳そうじシート 40枚,1,9800,11
701828,20240830,M100848,20240822,CS101,かつおチップス 200g,1,12000,11
701828,20240830,M100848,20240822,CS104,減塩にぼし 500g,1,1280,11
701829,20241011,M100848,20240822,CT106,耳そうじシート 40枚,1,9800,11
701829,20241011,M100848,20240822,CS101,かつおチップス 200g,1,12000,11
701830,20241019,M100848,20240822,CF104,給水器フィルター,1,1280,11
701831,20241109,M100848,20240822,CH102,毛玉ケアパウダー 180回分,2,3300,14
701832,20240527,M100849,20240509,CE105,年間メンバーパス,1,4980,11
701833,20241123,M100849,20240509,CH106,腸内フローラ乳酸菌 60粒,1,12000,11
701833,20241123,M100849,20240509,CS101,かつおチップス 200g,1,12000,11
701834,20250206,M100849,20240509,CT106,耳そうじシート 40枚,1,9800,11
701835,20251122,M100849,20240509,CT104,もこもこ泡シャンプー 300ml,1,9800,11
701835,20251122,M100849,20240509,CH102,毛玉ケアパウダー 180回分,1,1650,11
701835,20251122,M100849,20240509,CT106,耳そうじシート 40枚,1,9800,11
701836,20251129,M100849,20240509,CS102,ささみチップス 200g,1,4980,09
701836,20251129,M100849,20240509,CT104,もこもこ泡シャンプー 300ml,1,9800,09
701837,20250120,M100850,20250111,CT108,毛玉ケアジェル 60g,1,980,09
701837,20250120,M100850,20250111,CF102,総合栄養食 まぐろ 100g,1,980,09
701838,20231230,M100851,20220607,CF102,総合栄養食 まぐろ 100g,1,980,11
701838,20231230,M100851,20220607,CS104,減塩にぼし 500g,1,1280,11
701838,20231230,M100851,20220607,CS103,またたびスティック 30本,2,7600,11
701839,20250330,M100852,20250308,CT104,もこもこ泡シャンプー 300ml,1,9800,11
701839,20250330,M100852,20250308,CS104,減塩にぼし 500g,1,1280,11
701839,20250330,M100852,20250308,CH106,腸内フローラ乳酸菌 60粒,1,12000,11
701840,20240531,M100853,20240516,CS101,かつおチップス 200g,1,12000,11
701841,20240620,M100853,20240516,CS101,かつおチップス 200g,1,12000,11
701842,20240827,M100853,20240516,CS104,減塩にぼし 500g,1,1280,11
701843,20240927,M100853,20240516,CS101,かつおチップス 200g,1,12000,11
701844,20241105,M100853,20240516,CT104,もこもこ泡シャンプー 300ml,1,9800,11
701844,20241105,M100853,20240516,CT106,耳そうじシート 40枚,1,9800,11
701844,20241105,M100853,20240516,CT102,肉球バーム 10g,1,6800,11
701844,20241105,M100853,20240516,CT108,毛玉ケアジェル 60g,2,1960,11
701845,20250316,M100854,20250316,CT104,もこもこ泡シャンプー 300ml,2,19600,11
701846,20251230,M100855,20251214,CT106,耳そうじシート 40枚,3,29400,11
701847,20260119,M100855,20251214,CF102,総合栄養食 まぐろ 100g,1,980,11
701848,20260327,M100855,20251214,CT108,毛玉ケアジェル 60g,1,980,11
701848,20260327,M100855,20251214,CT103,被毛ケアローション 190ml,1,1650,11
701848,20260327,M100855,20251214,CS101,かつおチップス 200g,1,12000,11
701849,20260417,M100855,20251214,CT104,もこもこ泡シャンプー 300ml,1,9800,11
701849,20260417,M100855,20251214,CT106,耳そうじシート 40枚,1,9800,11
701850,20250707,M100856,20250626,CT104,もこもこ泡シャンプー 300ml,1,9800,11
701851,20260401,M100857,20260317,CS101,かつおチップス 200g,1,12000,11
701852,20240620,M100858,20240607,CE105,年間メンバーパス,1,4980,09
701853,20240316,M100859,20240310,CS104,減塩にぼし 500g,2,2560,11
701853,20240316,M100859,20240310,CT108,毛玉ケアジェル 60g,3,2940,11
701854,20250313,M100860,20250305,CT106,耳そうじシート 40枚,1,9800,11
701855,20250807,M100860,20250305,CT108,毛玉ケアジェル 60g,1,980,11
701856,20250117,M100861,20250108,CH104,オメガ3ソフトカプセル 120粒,2,1960,11
701856,20250117,M100861,20250108,CH105,鉄分＋葉酸タブレット 90粒,1,1280,11
701857,20250210,M100861,20250108,CT108,毛玉ケアジェル 60g,1,980,14
701857,20250210,M100861,20250108,CS104,減塩にぼし 500g,2,2560,14
701857,20250210,M100861,20250108,CE105,年間メンバーパス,1,4980,14
701857,20250210,M100861,20250108,CT106,耳そうじシート 40枚,1,9800,14
701858,20250528,M100861,20250108,CT106,耳そうじシート 40枚,1,9800,11
701858,20250528,M100861,20250108,CT107,デンタルジェル 50ml,1,1650,11
701859,20260331,M100862,20260322,CT106,耳そうじシート 40枚,3,29400,11
701860,20260129,M100863,20260104,CT108,毛玉ケアジェル 60g,1,980,11
701861,20240622,M100864,20240605,CF104,給水器フィルター,1,1280,11
701861,20240622,M100864,20240605,CS101,かつおチップス 200g,2,24000,11
701861,20240622,M100864,20240605,CE105,年間メンバーパス,1,4980,11
701862,20250430,M100865,20250428,CS101,かつおチップス 200g,2,24000,11
701862,20250430,M100865,20250428,CS104,減塩にぼし 500g,1,1280,11
701863,20231230,M100866,20211010,CT104,もこもこ泡シャンプー 300ml,1,9800,11
701864,20240116,M100866,20211010,CE105,年間メンバーパス,1,4980,11
701864,20240116,M100866,20211010,CS104,減塩にぼし 500g,2,2560,11
701865,20240331,M100866,20211010,CT106,耳そうじシート 40枚,2,19600,11
701865,20240331,M100866,20211010,CT103,被毛ケアローション 190ml,1,1650,11
701866,20240520,M100866,20211010,CS104,減塩にぼし 500g,1,1280,11
701867,20240701,M100866,20211010,CT108,毛玉ケアジェル 60g,1,980,11
701868,20250206,M100866,20211010,CT104,もこもこ泡シャンプー 300ml,1,9800,11
701869,20250607,M100866,20211010,CS101,かつおチップス 200g,1,12000,11
701869,20250607,M100866,20211010,CT108,毛玉ケアジェル 60g,1,980,11
701870,20250723,M100866,20211010,CT104,もこもこ泡シャンプー 300ml,1,9800,11
701871,20241102,M100867,20241021,CE105,年間メンバーパス,1,4980,11
701872,20250116,M100867,20241021,CT102,肉球バーム 10g,2,13600,11
701872,20250116,M100867,20241021,CT106,耳そうじシート 40枚,1,9800,11
701872,20250116,M100867,20241021,CS101,かつおチップス 200g,2,24000,11
701873,20250317,M100867,20241021,CS101,かつおチップス 200g,1,12000,14
701873,20250317,M100867,20241021,CT108,毛玉ケアジェル 60g,1,980,14
701874,20250525,M100867,20241021,CT103,被毛ケアローション 190ml,1,1650,11
701874,20250525,M100867,20241021,CS101,かつおチップス 200g,1,12000,11
701875,20260529,M100868,20260522,CT106,耳そうじシート 40枚,3,29400,11
701875,20260529,M100868,20260522,CT102,肉球バーム 10g,2,13600,11
701876,20260105,M100869,20251231,CT106,耳そうじシート 40枚,1,9800,11
701877,20250111,M100870,20250107,CE102,しつけ教室チケット S,1,6800,11
701878,20250124,M100870,20250107,CT106,耳そうじシート 40枚,2,19600,14
701879,20250224,M100870,20250107,CT102,肉球バーム 10g,1,6800,11
701879,20250224,M100870,20250107,CT104,もこもこ泡シャンプー 300ml,1,9800,11
701880,20250708,M100870,20250107,CT103,被毛ケアローション 190ml,2,3300,11
701881,20231221,M100871,20171205,CF103,陶器のごはん皿 S,2,3300,11
701881,20231221,M100871,20171205,CT104,もこもこ泡シャンプー 300ml,2,19600,11
701882,20240719,M100872,20240706,CT106,耳そうじシート 40枚,1,9800,11
701883,20241211,M100872,20240706,CT102,肉球バーム 10g,1,6800,11
701883,20241211,M100872,20240706,CT104,もこもこ泡シャンプー 300ml,1,9800,11
701883,20241211,M100872,20240706,CT106,耳そうじシート 40枚,1,9800,11
701884,20240109,M100873,20191026,CS103,またたびスティック 30本,1,3800,11
701885,20250910,M100874,20250901,CT102,肉球バーム 10g,1,6800,11
701885,20250910,M100874,20250901,CS101,かつおチップス 200g,1,12000,11
701886,20241026,M100875,20241005,CS104,減塩にぼし 500g,1,1280,11
701887,20240802,M100876,20240717,CS101,かつおチップス 200g,2,24000,11
701888,20231228,M100877,20210831,CT102,肉球バーム 10g,1,6800,11
701888,20231228,M100877,20210831,CS102,ささみチップス 200g,1,4980,11
701888,20231228,M100877,20210831,CT103,被毛ケアローション 190ml,1,1650,11
701889,20260109,M100878,20251222,CT108,毛玉ケアジェル 60g,1,980,11
701890,20240109,M100879,20220425,CT106,耳そうじシート 40枚,2,19600,11
701891,20240122,M100879,20220425,CH102,毛玉ケアパウダー 180回分,2,3300,11
701892,20240312,M100879,20220425,CT106,耳そうじシート 40枚,1,9800,11
701893,20240513,M100879,20220425,CT102,肉球バーム 10g,1,6800,14
701894,20240725,M100879,20220425,CT106,耳そうじシート 40枚,1,9800,11
701895,20240811,M100879,20220425,CS101,かつおチップス 200g,1,12000,11
701896,20241108,M100879,20220425,CH103,関節ケアコラーゲン 250g,2,1960,11
701897,20250126,M100879,20220425,CE105,年間メンバーパス,2,9960,11
701898,20260306,M100880,20260222,CH102,毛玉ケアパウダー 180回分,1,1650,11
701899,20260324,M100880,20260222,CE104,オンライン相談パス,1,2200,11
701899,20260324,M100880,20260222,CT102,肉球バーム 10g,1,6800,11
701899,20260324,M100880,20260222,CT106,耳そうじシート 40枚,1,9800,11
701900,20260516,M100880,20260222,CT106,耳そうじシート 40枚,3,29400,11
701901,20240121,M100881,20231227,CH102,毛玉ケアパウダー 180回分,3,4950,11
701902,20240329,M100881,20231227,CS104,減塩にぼし 500g,1,1280,11
701903,20260404,M100882,20260319,CT106,耳そうじシート 40枚,1,9800,11
701903,20260404,M100882,20260319,CT104,もこもこ泡シャンプー 300ml,1,9800,11
701904,20260515,M100882,20260319,CT103,被毛ケアローション 190ml,1,1650,09
701904,20260515,M100882,20260319,CT106,耳そうじシート 40枚,1,9800,09
701904,20260515,M100882,20260319,CF102,総合栄養食 まぐろ 100g,3,2940,09
701905,20240711,M100883,20240628,CT104,もこもこ泡シャンプー 300ml,1,9800,11
701906,20240909,M100883,20240628,CT103,被毛ケアローション 190ml,1,1650,11
701906,20240909,M100883,20240628,CH105,鉄分＋葉酸タブレット 90粒,1,1280,11
701907,20240723,M100884,20240710,CT106,耳そうじシート 40枚,1,9800,11
701908,20240623,M100885,20240602,CT104,もこもこ泡シャンプー 300ml,1,9800,11
701908,20240623,M100885,20240602,CE105,年間メンバーパス,1,4980,11
701908,20240623,M100885,20240602,CS104,減塩にぼし 500g,1,1280,11
701908,20240623,M100885,20240602,CE102,しつけ教室チケット S,1,6800,11
701909,20240804,M100885,20240602,CS101,かつおチップス 200g,2,24000,11
701910,20240110,M100886,20221216,CT106,耳そうじシート 40枚,1,9800,11
701911,20240521,M100886,20221216,CT106,耳そうじシート 40枚,1,9800,11
701912,20240620,M100887,20240531,CS104,減塩にぼし 500g,1,1280,11
701913,20240711,M100887,20240531,CS103,またたびスティック 30本,2,7600,11
701913,20240711,M100887,20240531,CT108,毛玉ケアジェル 60g,1,980,11
701914,20250802,M100888,20250727,CE105,年間メンバーパス,1,4980,11
701915,20251007,M100888,20250727,CT102,肉球バーム 10g,1,6800,11
701916,20260515,M100888,20250727,CT106,耳そうじシート 40枚,1,9800,11
701917,20260408,M100889,20260331,CT102,肉球バーム 10g,1,6800,11
701918,20260602,M100889,20260331,CT103,被毛ケアローション 190ml,1,1650,11
701918,20260602,M100889,20260331,CS101,かつおチップス 200g,1,12000,11
701919,20260310,M100890,20260216,CT102,肉球バーム 10g,1,6800,11
701920,20260331,M100890,20260216,CF101,総合栄養食 まぐろ 500g,1,12000,11
701921,20240103,M100891,20190807,CT104,もこもこ泡シャンプー 300ml,1,9800,11
701922,20240213,M100891,20190807,CS101,かつおチップス 200g,1,12000,11
701923,20240512,M100891,20190807,CS104,減塩にぼし 500g,2,2560,11
701924,20251026,M100892,20251020,CS101,かつおチップス 200g,2,24000,11
701925,20260324,M100892,20251020,CT108,毛玉ケアジェル 60g,1,980,11
701925,20260324,M100892,20251020,CT103,被毛ケアローション 190ml,1,1650,11
701925,20260324,M100892,20251020,CT106,耳そうじシート 40枚,1,9800,11
701925,20260324,M100892,20251020,CT102,肉球バーム 10g,1,6800,11
701926,20231222,M100893,20210512,CT107,デンタルジェル 50ml,1,1650,11
701927,20240223,M100893,20210512,CT104,もこもこ泡シャンプー 300ml,1,9800,11
701927,20240223,M100893,20210512,CS101,かつおチップス 200g,1,12000,11
701927,20240223,M100893,20210512,CE103,グルーミング講座,1,3800,11
701928,20250608,M100894,20250524,CF103,陶器のごはん皿 S,1,1650,11
701928,20250608,M100894,20250524,CT106,耳そうじシート 40枚,1,9800,11
701928,20250608,M100894,20250524,CS104,減塩にぼし 500g,1,1280,11
701929,20250712,M100894,20250524,CF101,総合栄養食 まぐろ 500g,1,12000,11
701930,20250719,M100894,20250524,CF102,総合栄養食 まぐろ 100g,1,980,11
701931,20260311,M100894,20250524,CT104,もこもこ泡シャンプー 300ml,1,9800,11
701932,20260516,M100894,20250524,CT108,毛玉ケアジェル 60g,1,980,11
701932,20260516,M100894,20250524,CT106,耳そうじシート 40枚,1,9800,11
701932,20260516,M100894,20250524,CS104,減塩にぼし 500g,1,1280,11
701933,20250225,M100895,20250218,CF102,総合栄養食 まぐろ 100g,1,980,14
701934,20250612,M100895,20250218,CF106,フードストッカー 1L,1,3800,11
701935,20260114,M100895,20250218,CT106,耳そうじシート 40枚,1,9800,11
701935,20260114,M100895,20250218,CT104,もこもこ泡シャンプー 300ml,3,29400,11
701936,20260223,M100896,20260218,CF102,総合栄養食 まぐろ 100g,1,980,11
701937,20260502,M100897,20260419,CS101,かつおチップス 200g,1,12000,11
701937,20260502,M100897,20260419,CT104,もこもこ泡シャンプー 300ml,1,9800,11
701938,20260604,M100897,20260419,CT104,もこもこ泡シャンプー 300ml,1,9800,11
701938,20260604,M100897,20260419,CT108,毛玉ケアジェル 60g,1,980,11
701939,20250415,M100898,20250402,CS103,またたびスティック 30本,1,3800,11
701940,20250818,M100898,20250402,CE105,年間メンバーパス,1,4980,11
701940,20250818,M100898,20250402,CT102,肉球バーム 10g,1,6800,11
701941,20240423,M100899,20240422,CE102,しつけ教室チケット S,1,6800,14
701941,20240423,M100899,20240422,CH104,オメガ3ソフトカプセル 120粒,1,980,14
701941,20240423,M100899,20240422,CS102,ささみチップス 200g,1,4980,14
701942,20240920,M100900,20240918,CH105,鉄分＋葉酸タブレット 90粒,1,1280,11
701943,20241207,M100900,20240918,CT104,もこもこ泡シャンプー 300ml,1,9800,11
701943,20241207,M100900,20240918,CS101,かつおチップス 200g,2,24000,11
701944,20250414,M100901,20250330,CS101,かつおチップス 200g,1,12000,11
701944,20250414,M100901,20250330,CT104,もこもこ泡シャンプー 300ml,1,9800,11
701945,20250727,M100901,20250330,CT106,耳そうじシート 40枚,1,9800,11
701946,20250818,M100901,20250330,CS104,減塩にぼし 500g,1,1280,11
701946,20250818,M100901,20250330,CH102,毛玉ケアパウダー 180回分,1,1650,11
701947,20231225,M100902,20191221,CE105,年間メンバーパス,1,4980,11
701948,20240101,M100902,20191221,CS103,またたびスティック 30本,1,3800,11
701949,20240426,M100902,20191221,CS101,かつおチップス 200g,1,12000,11
701950,20240515,M100902,20191221,CE105,年間メンバーパス,2,9960,11
701951,20240906,M100902,20191221,CE105,年間メンバーパス,1,4980,11
701952,20241216,M100902,20191221,CE105,年間メンバーパス,1,4980,11
701952,20241216,M100902,20191221,CT104,もこもこ泡シャンプー 300ml,1,9800,11
701953,20250223,M100902,20191221,CE103,グルーミング講座,1,3800,11
701954,20250505,M100902,20191221,CS101,かつおチップス 200g,1,12000,11
701955,20250118,M100903,20241225,CS104,減塩にぼし 500g,1,1280,11
701955,20250118,M100903,20241225,CT103,被毛ケアローション 190ml,3,4950,11
701955,20250118,M100903,20241225,CE104,オンライン相談パス,2,4400,11
701956,20251201,M100904,20251125,CE102,しつけ教室チケット S,2,13600,11
701956,20251201,M100904,20251125,CS101,かつおチップス 200g,3,36000,11
701956,20251201,M100904,20251125,CT103,被毛ケアローション 190ml,2,3300,11
701956,20251201,M100904,20251125,CE105,年間メンバーパス,1,4980,11
701957,20251220,M100904,20251125,CT106,耳そうじシート 40枚,1,9800,11
701958,20251230,M100904,20251125,CS102,ささみチップス 200g,3,14940,11
701958,20251230,M100904,20251125,CS103,またたびスティック 30本,1,3800,11
701959,20231226,M100905,20190615,CS101,かつおチップス 200g,1,12000,11
701960,20240412,M100905,20190615,CS101,かつおチップス 200g,1,12000,11
701960,20240412,M100905,20190615,CE105,年間メンバーパス,1,4980,11
701961,20240424,M100905,20190615,CS101,かつおチップス 200g,1,12000,11
701961,20240424,M100905,20190615,CT102,肉球バーム 10g,1,6800,11
701961,20240424,M100905,20190615,CS102,ささみチップス 200g,1,4980,11
701961,20240424,M100905,20190615,CH102,毛玉ケアパウダー 180回分,1,1650,11
701962,20240523,M100905,20190615,CT102,肉球バーム 10g,1,6800,11
701962,20240523,M100905,20190615,CT104,もこもこ泡シャンプー 300ml,1,9800,11
701963,20250503,M100906,20250410,CE104,オンライン相談パス,1,2200,11
701963,20250503,M100906,20250410,CS101,かつおチップス 200g,1,12000,11
701964,20260615,M100906,20250410,CT106,耳そうじシート 40枚,1,9800,11
701965,20240512,M100907,20240426,CS104,減塩にぼし 500g,1,1280,11
701966,20240813,M100907,20240426,CT102,肉球バーム 10g,1,6800,11
701967,20250213,M100907,20240426,CH102,毛玉ケアパウダー 180回分,1,1650,11
701968,20250606,M100907,20240426,CT106,耳そうじシート 40枚,1,9800,09
701969,20251019,M100907,20240426,CT106,耳そうじシート 40枚,2,19600,11
701969,20251019,M100907,20240426,CT104,もこもこ泡シャンプー 300ml,1,9800,11
701969,20251019,M100907,20240426,CS104,減塩にぼし 500g,1,1280,11
701970,20240607,M100908,20240520,CS101,かつおチップス 200g,1,12000,11
701970,20240607,M100908,20240520,CF101,総合栄養食 まぐろ 500g,1,12000,11
701970,20240607,M100908,20240520,CF103,陶器のごはん皿 S,1,1650,11
701970,20240607,M100908,20240520,CT106,耳そうじシート 40枚,1,9800,11
701971,20240625,M100908,20240520,CS104,減塩にぼし 500g,1,1280,11
701972,20240816,M100908,20240520,CT106,耳そうじシート 40枚,1,9800,11
701972,20240816,M100908,20240520,CT102,肉球バーム 10g,1,6800,11
701973,20260119,M100909,20260110,CS101,かつおチップス 200g,3,36000,11
701974,20250613,M100910,20250609,CH102,毛玉ケアパウダー 180回分,1,1650,09
701975,20250813,M100910,20250609,CT106,耳そうじシート 40枚,2,19600,11
701976,20251022,M100910,20250609,CT108,毛玉ケアジェル 60g,3,2940,11
701976,20251022,M100910,20250609,CE105,年間メンバーパス,1,4980,11
701977,20260320,M100910,20250609,CS104,減塩にぼし 500g,1,1280,11
701978,20240101,M100911,20190511,CT108,毛玉ケアジェル 60g,1,980,11
701979,20240725,M100911,20190511,CT104,もこもこ泡シャンプー 300ml,1,9800,11
701979,20240725,M100911,20190511,CT106,耳そうじシート 40枚,1,9800,11
701980,20251016,M100912,20251012,CT104,もこもこ泡シャンプー 300ml,1,9800,11
701980,20251016,M100912,20251012,CS101,かつおチップス 200g,1,12000,11
701981,20250427,M100913,20250414,CH102,毛玉ケアパウダー 180回分,1,1650,11
701982,20250929,M100913,20250414,CH106,腸内フローラ乳酸菌 60粒,2,24000,11
701982,20250929,M100913,20250414,CT106,耳そうじシート 40枚,1,9800,11
701982,20250929,M100913,20250414,CE103,グルーミング講座,1,3800,11
701983,20240112,M100914,20181117,CH102,毛玉ケアパウダー 180回分,1,1650,11
701984,20250226,M100915,20250220,CH106,腸内フローラ乳酸菌 60粒,1,12000,11
701985,20250328,M100915,20250220,CE105,年間メンバーパス,1,4980,11
701986,20250706,M100915,20250220,CE105,年間メンバーパス,2,9960,11
701987,20250914,M100915,20250220,CT104,もこもこ泡シャンプー 300ml,2,19600,11
701987,20250914,M100915,20250220,CE105,年間メンバーパス,1,4980,11
701988,20241122,M100916,20241111,CT106,耳そうじシート 40枚,1,9800,11
701989,20241211,M100916,20241111,CS101,かつおチップス 200g,1,12000,11
701989,20241211,M100916,20241111,CT103,被毛ケアローション 190ml,2,3300,11
701989,20241211,M100916,20241111,CF105,竹のフードスクープ,1,980,11
701990,20260305,M100917,20260218,CT103,被毛ケアローション 190ml,1,1650,11
701990,20260305,M100917,20260218,CS101,かつおチップス 200g,1,12000,11
701990,20260305,M100917,20260218,CT102,肉球バーム 10g,1,6800,11
701991,20260319,M100917,20260218,CS104,減塩にぼし 500g,1,1280,11
701992,20260406,M100917,20260218,CT104,もこもこ泡シャンプー 300ml,2,19600,11
701993,20250612,M100918,20250522,CT102,肉球バーム 10g,3,20400,11
701993,20250612,M100918,20250522,CH105,鉄分＋葉酸タブレット 90粒,1,1280,11
701993,20250612,M100918,20250522,CT108,毛玉ケアジェル 60g,1,980,11
701994,20251101,M100918,20250522,CS104,減塩にぼし 500g,2,2560,11
701995,20250909,M100919,20250904,CT106,耳そうじシート 40枚,2,19600,11
701995,20250909,M100919,20250904,CS101,かつおチップス 200g,2,24000,11
701996,20251220,M100919,20250904,CS104,減塩にぼし 500g,1,1280,11
701996,20251220,M100919,20250904,CT108,毛玉ケアジェル 60g,3,2940,11
701997,20260210,M100919,20250904,CH102,毛玉ケアパウダー 180回分,1,1650,11
701998,20260612,M100919,20250904,CH101,猫用マルチビタミン 180粒,1,980,14
701999,20250521,M100920,20250428,CT106,耳そうじシート 40枚,1,9800,11
702000,20241203,M100921,20241108,CT104,もこもこ泡シャンプー 300ml,1,9800,11
702001,20250826,M100921,20241108,CT106,耳そうじシート 40枚,2,19600,11
702002,20240603,M100922,20240529,CH102,毛玉ケアパウダー 180回分,1,1650,11
702003,20240104,M100923,20160809,CT108,毛玉ケアジェル 60g,2,1960,11
702003,20240104,M100923,20160809,CS104,減塩にぼし 500g,2,2560,11
702004,20241219,M100924,20241205,CT104,もこもこ泡シャンプー 300ml,3,29400,11
702004,20241219,M100924,20241205,CS101,かつおチップス 200g,1,12000,11
702005,20250117,M100924,20241205,CS104,減塩にぼし 500g,1,1280,11
702006,20231227,M100925,20230124,CS101,かつおチップス 200g,3,36000,11
702006,20231227,M100925,20230124,CT108,毛玉ケアジェル 60g,1,980,11
702006,20231227,M100925,20230124,CT102,肉球バーム 10g,1,6800,11
702006,20231227,M100925,20230124,CT104,もこもこ泡シャンプー 300ml,1,9800,11
702007,20250730,M100926,20250722,CT106,耳そうじシート 40枚,1,9800,11
702008,20250919,M100926,20250722,CS103,またたびスティック 30本,1,3800,11
702009,20251220,M100926,20250722,CS101,かつおチップス 200g,1,12000,11
702010,20260116,M100926,20250722,CT106,耳そうじシート 40枚,1,9800,11
702011,20241019,M100927,20241006,CT106,耳そうじシート 40枚,1,9800,11
702012,20241121,M100927,20241006,CT106,耳そうじシート 40枚,1,9800,11
702013,20250315,M100927,20241006,CT106,耳そうじシート 40枚,1,9800,09
702014,20250502,M100927,20241006,CH102,毛玉ケアパウダー 180回分,2,3300,11
702015,20240228,M100928,20240228,CE104,オンライン相談パス,1,2200,11
702015,20240228,M100928,20240228,CT105,ふわもこブラシ,3,8940,11
702016,20240316,M100928,20240228,CE102,しつけ教室チケット S,1,6800,11
702016,20240316,M100928,20240228,CT104,もこもこ泡シャンプー 300ml,1,9800,11
702017,20240502,M100928,20240228,CT108,毛玉ケアジェル 60g,1,980,11
702018,20240626,M100929,20240615,CS104,減塩にぼし 500g,2,2560,11
702019,20241106,M100929,20240615,CS101,かつおチップス 200g,1,12000,11
702019,20241106,M100929,20240615,CT106,耳そうじシート 40枚,3,29400,11
702020,20240115,M100930,20231106,CT106,耳そうじシート 40枚,1,9800,11
702020,20240115,M100930,20231106,CT104,もこもこ泡シャンプー 300ml,1,9800,11
702021,20240220,M100930,20231106,CT106,耳そうじシート 40枚,1,9800,11
702022,20240330,M100930,20231106,CS104,減塩にぼし 500g,1,1280,11
702023,20260425,M100931,20260331,CS101,かつおチップス 200g,1,12000,11
702023,20260425,M100931,20260331,CT102,肉球バーム 10g,1,6800,11
702024,20260531,M100931,20260331,CT104,もこもこ泡シャンプー 300ml,2,19600,11
702025,20241112,M100932,20241105,CE105,年間メンバーパス,1,4980,11
702026,20251007,M100932,20241105,CH105,鉄分＋葉酸タブレット 90粒,3,3840,11
702027,20231229,M100933,20210522,CE102,しつけ教室チケット S,2,13600,11
702028,20240922,M100934,20240908,CT106,耳そうじシート 40枚,1,9800,11
702029,20250221,M100935,20250212,CS104,減塩にぼし 500g,1,1280,11
702029,20250221,M100935,20250212,CE105,年間メンバーパス,1,4980,11
702029,20250221,M100935,20250212,CE104,オンライン相談パス,1,2200,11
702030,20250308,M100935,20250212,CS102,ささみチップス 200g,2,9960,11
702031,20260106,M100936,20251219,CE105,年間メンバーパス,1,4980,11
702032,20260203,M100936,20251219,CH102,毛玉ケアパウダー 180回分,1,1650,11
702032,20260203,M100936,20251219,CS101,かつおチップス 200g,1,12000,11
702032,20260203,M100936,20251219,CT104,もこもこ泡シャンプー 300ml,1,9800,11
702033,20260214,M100936,20251219,CF102,総合栄養食 まぐろ 100g,3,2940,11
702034,20250304,M100937,20250220,CS104,減塩にぼし 500g,1,1280,11
702035,20250924,M100937,20250220,CS101,かつおチップス 200g,2,24000,11
702036,20260312,M100937,20250220,CS104,減塩にぼし 500g,1,1280,11
702037,20240629,M100938,20240624,CS101,かつおチップス 200g,1,12000,11
702038,20240710,M100938,20240624,CT102,肉球バーム 10g,1,6800,11
702039,20241014,M100938,20240624,CT106,耳そうじシート 40枚,1,9800,11
702039,20241014,M100938,20240624,CS104,減塩にぼし 500g,1,1280,11
702039,20241014,M100938,20240624,CF105,竹のフードスクープ,1,980,11
702040,20260313,M100939,20260227,CS104,減塩にぼし 500g,1,1280,11
702040,20260313,M100939,20260227,CF101,総合栄養食 まぐろ 500g,2,24000,11
702041,20260404,M100939,20260227,CH102,毛玉ケアパウダー 180回分,2,3300,11
702041,20260404,M100939,20260227,CS103,またたびスティック 30本,1,3800,11
702042,20260427,M100940,20260415,CT106,耳そうじシート 40枚,1,9800,11
702043,20240302,M100941,20240220,CT102,肉球バーム 10g,1,6800,11
702044,20240823,M100941,20240220,CS104,減塩にぼし 500g,1,1280,11
702044,20240823,M100941,20240220,CT106,耳そうじシート 40枚,1,9800,11
702044,20240823,M100941,20240220,CT104,もこもこ泡シャンプー 300ml,1,9800,11
702045,20240928,M100941,20240220,CT104,もこもこ泡シャンプー 300ml,1,9800,11
702045,20240928,M100941,20240220,CE105,年間メンバーパス,1,4980,11
702045,20240928,M100941,20240220,CS101,かつおチップス 200g,1,12000,11
702045,20240928,M100941,20240220,CT106,耳そうじシート 40枚,1,9800,11
702046,20240520,M100942,20240516,CS101,かつおチップス 200g,1,12000,11
702046,20240520,M100942,20240516,CT104,もこもこ泡シャンプー 300ml,1,9800,11
702046,20240520,M100942,20240516,CH102,毛玉ケアパウダー 180回分,2,3300,11
702047,20260316,M100943,20260315,CS104,減塩にぼし 500g,1,1280,11
702048,20240618,M100944,20240610,CS101,かつおチップス 200g,1,12000,11
702049,20240728,M100944,20240610,CH102,毛玉ケアパウダー 180回分,1,1650,11
702049,20240728,M100944,20240610,CT104,もこもこ泡シャンプー 300ml,2,19600,11
702050,20241005,M100945,20240918,CT106,耳そうじシート 40枚,2,19600,14
702051,20251218,M100946,20251210,CS104,減塩にぼし 500g,1,1280,11
702051,20251218,M100946,20251210,CT103,被毛ケアローション 190ml,1,1650,11
702052,20260414,M100946,20251210,CT106,耳そうじシート 40枚,1,9800,11
702052,20260414,M100946,20251210,CH105,鉄分＋葉酸タブレット 90粒,1,1280,11
702052,20260414,M100946,20251210,CS101,かつおチップス 200g,2,24000,11
702053,20260513,M100946,20251210,CT103,被毛ケアローション 190ml,1,1650,11
702054,20260524,M100946,20251210,CT103,被毛ケアローション 190ml,1,1650,11
702055,20240323,M100947,20240321,CE102,しつけ教室チケット S,1,6800,11
702055,20240323,M100947,20240321,CT104,もこもこ泡シャンプー 300ml,1,9800,11
702055,20240323,M100947,20240321,CT106,耳そうじシート 40枚,1,9800,11
702055,20240323,M100947,20240321,CS104,減塩にぼし 500g,1,1280,11
702056,20240331,M100947,20240321,CT104,もこもこ泡シャンプー 300ml,1,9800,11
702056,20240331,M100947,20240321,CE105,年間メンバーパス,1,4980,11
702056,20240331,M100947,20240321,CS104,減塩にぼし 500g,1,1280,11
702057,20240811,M100948,20240808,CT108,毛玉ケアジェル 60g,3,2940,11
702058,20241112,M100949,20241107,CE102,しつけ教室チケット S,1,6800,11
702059,20241130,M100949,20241107,CS104,減塩にぼし 500g,1,1280,11
702060,20250127,M100950,20250114,CE103,グルーミング講座,2,7600,11
702060,20250127,M100950,20250114,CS104,減塩にぼし 500g,2,2560,11
702060,20250127,M100950,20250114,CS103,またたびスティック 30本,1,3800,11
702061,20231230,M100951,20190126,CT106,耳そうじシート 40枚,2,19600,11
702062,20240312,M100951,20190126,CT106,耳そうじシート 40枚,2,19600,11
702062,20240312,M100951,20190126,CS104,減塩にぼし 500g,1,1280,11
702063,20241130,M100951,20190126,CT104,もこもこ泡シャンプー 300ml,1,9800,11
702063,20241130,M100951,20190126,CS101,かつおチップス 200g,2,24000,11
702064,20250125,M100951,20190126,CT104,もこもこ泡シャンプー 300ml,1,9800,11
702064,20250125,M100951,20190126,CT102,肉球バーム 10g,2,13600,11
702064,20250125,M100951,20190126,CH103,関節ケアコラーゲン 250g,1,980,11
702065,20250217,M100951,20190126,CS101,かつおチップス 200g,1,12000,11
702066,20240107,M100952,20190524,CS104,減塩にぼし 500g,1,1280,11
702066,20240107,M100952,20190524,CT104,もこもこ泡シャンプー 300ml,1,9800,11
702066,20240107,M100952,20190524,CH102,毛玉ケアパウダー 180回分,1,1650,11
702067,20240118,M100953,20231225,CT108,毛玉ケアジェル 60g,1,980,09
702067,20240118,M100953,20231225,CH101,猫用マルチビタミン 180粒,1,980,09
702067,20240118,M100953,20231225,CS104,減塩にぼし 500g,1,1280,09
702068,20240426,M100954,20240418,CS104,減塩にぼし 500g,1,1280,11
702069,20260603,M100955,20260511,CE105,年間メンバーパス,2,9960,11
702069,20260603,M100955,20260511,CT107,デンタルジェル 50ml,1,1650,11
702069,20260603,M100955,20260511,CT102,肉球バーム 10g,2,13600,11
702070,20250430,M100956,20250419,CT106,耳そうじシート 40枚,1,9800,11
702071,20240607,M100957,20240520,CS101,かつおチップス 200g,1,12000,11
702072,20240620,M100957,20240520,CT104,もこもこ泡シャンプー 300ml,1,9800,11
702073,20241003,M100957,20240520,CE105,年間メンバーパス,1,4980,11
702073,20241003,M100957,20240520,CE102,しつけ教室チケット S,2,13600,11
702073,20241003,M100957,20240520,CH102,毛玉ケアパウダー 180回分,1,1650,11
702074,20250719,M100958,20250705,CH102,毛玉ケアパウダー 180回分,1,1650,11
702075,20250907,M100958,20250705,CT106,耳そうじシート 40枚,2,19600,11
702076,20260108,M100958,20250705,CT102,肉球バーム 10g,1,6800,11
702076,20260108,M100958,20250705,CE103,グルーミング講座,1,3800,11
702076,20260108,M100958,20250705,CT106,耳そうじシート 40枚,1,9800,11
702077,20260531,M100959,20260515,CT104,もこもこ泡シャンプー 300ml,1,9800,11
702078,20240108,M100960,20220322,CT106,耳そうじシート 40枚,1,9800,11
702078,20240108,M100960,20220322,CS101,かつおチップス 200g,2,24000,11
702079,20240719,M100961,20240628,CH101,猫用マルチビタミン 180粒,1,980,11
702080,20241213,M100961,20240628,CT106,耳そうじシート 40枚,1,9800,11
702081,20240115,M100962,20210517,CT103,被毛ケアローション 190ml,1,1650,11
702081,20240115,M100962,20210517,CT102,肉球バーム 10g,1,6800,11
702082,20240403,M100962,20210517,CS101,かつおチップス 200g,1,12000,11
702082,20240403,M100962,20210517,CF102,総合栄養食 まぐろ 100g,1,980,11
702082,20240403,M100962,20210517,CH102,毛玉ケアパウダー 180回分,2,3300,11
702082,20240403,M100962,20210517,CT106,耳そうじシート 40枚,1,9800,11
702083,20240104,M100963,20220807,CS101,かつおチップス 200g,1,12000,11
702083,20240104,M100963,20220807,CT106,耳そうじシート 40枚,1,9800,11
702084,20240225,M100963,20220807,CT106,耳そうじシート 40枚,1,9800,11
702085,20231226,M100964,20190225,CT106,耳そうじシート 40枚,1,9800,11
702086,20240106,M100964,20190225,CS103,またたびスティック 30本,1,3800,11
702087,20240923,M100964,20190225,CS104,減塩にぼし 500g,1,1280,11
702087,20240923,M100964,20190225,CT102,肉球バーム 10g,1,6800,11
702087,20240923,M100964,20190225,CT106,耳そうじシート 40枚,2,19600,11
702087,20240923,M100964,20190225,CS103,またたびスティック 30本,1,3800,11
702088,20241018,M100964,20190225,CT104,もこもこ泡シャンプー 300ml,1,9800,11
702088,20241018,M100964,20190225,CF101,総合栄養食 まぐろ 500g,1,12000,11
702088,20241018,M100964,20190225,CS104,減塩にぼし 500g,1,1280,11
702089,20240119,M100965,20240113,CS104,減塩にぼし 500g,2,2560,11
702090,20250410,M100966,20250403,CH102,毛玉ケアパウダー 180回分,2,3300,11
702091,20250512,M100966,20250403,CF106,フードストッカー 1L,1,3800,11
702092,20250702,M100966,20250403,CE105,年間メンバーパス,1,4980,11
702093,20250723,M100966,20250403,CS101,かつおチップス 200g,1,12000,14
702093,20250723,M100966,20250403,CT106,耳そうじシート 40枚,1,9800,14
702093,20250723,M100966,20250403,CT102,肉球バーム 10g,1,6800,14
702094,20250915,M100966,20250403,CH102,毛玉ケアパウダー 180回分,1,1650,11
702094,20250915,M100966,20250403,CH103,関節ケアコラーゲン 250g,1,980,11
702095,20260314,M100967,20260222,CT103,被毛ケアローション 190ml,2,3300,11
702095,20260314,M100967,20260222,CT106,耳そうじシート 40枚,1,9800,11
702095,20260314,M100967,20260222,CS101,かつおチップス 200g,1,12000,11
702096,20240516,M100968,20240423,CT104,もこもこ泡シャンプー 300ml,1,9800,11
702096,20240516,M100968,20240423,CT106,耳そうじシート 40枚,1,9800,11
702097,20250522,M100969,20250502,CT106,耳そうじシート 40枚,1,9800,11
702097,20250522,M100969,20250502,CS104,減塩にぼし 500g,2,2560,11
702098,20260118,M100970,20260118,CT106,耳そうじシート 40枚,1,9800,11
702099,20250715,M100971,20250702,CF102,総合栄養食 まぐろ 100g,1,980,11
702100,20260523,M100971,20250702,CS102,ささみチップス 200g,1,4980,11
702101,20260315,M100972,20260222,CT106,耳そうじシート 40枚,1,9800,11
702102,20250410,M100973,20250320,CT107,デンタルジェル 50ml,1,1650,11
702102,20250410,M100973,20250320,CT104,もこもこ泡シャンプー 300ml,1,9800,11
702102,20250410,M100973,20250320,CF103,陶器のごはん皿 S,1,1650,11
702103,20250504,M100973,20250320,CF102,総合栄養食 まぐろ 100g,1,980,11
702103,20250504,M100973,20250320,CT104,もこもこ泡シャンプー 300ml,2,19600,11
702104,20231221,M100974,20200730,CS101,かつおチップス 200g,3,36000,09
702104,20231221,M100974,20200730,CF101,総合栄養食 まぐろ 500g,1,12000,09
702105,20241024,M100974,20200730,CT106,耳そうじシート 40枚,1,9800,11
702106,20241103,M100974,20200730,CT103,被毛ケアローション 190ml,1,1650,11
702107,20241207,M100974,20200730,CT103,被毛ケアローション 190ml,1,1650,09
702108,20251127,M100975,20251106,CT104,もこもこ泡シャンプー 300ml,1,9800,11
702109,20240810,M100976,20240723,CS101,かつおチップス 200g,1,12000,11
702109,20240810,M100976,20240723,CT106,耳そうじシート 40枚,1,9800,11
702110,20260407,M100977,20260315,CT104,もこもこ泡シャンプー 300ml,1,9800,11
702111,20260211,M100978,20260127,CT104,もこもこ泡シャンプー 300ml,1,9800,11
702112,20260616,M100978,20260127,CT106,耳そうじシート 40枚,1,9800,11
702112,20260616,M100978,20260127,CT102,肉球バーム 10g,1,6800,11
702112,20260616,M100978,20260127,CE102,しつけ教室チケット S,1,6800,11
702113,20240902,M100979,20240812,CT104,もこもこ泡シャンプー 300ml,1,9800,09
702113,20240902,M100979,20240812,CT106,耳そうじシート 40枚,1,9800,09
702114,20241205,M100979,20240812,CT104,もこもこ泡シャンプー 300ml,1,9800,11
702115,20241216,M100979,20240812,CT102,肉球バーム 10g,1,6800,11
702116,20250215,M100979,20240812,CT104,もこもこ泡シャンプー 300ml,2,19600,11
702116,20250215,M100979,20240812,CH102,毛玉ケアパウダー 180回分,1,1650,11
702117,20250203,M100980,20250128,CS101,かつおチップス 200g,2,24000,11
702118,20250524,M100980,20250128,CT102,肉球バーム 10g,1,6800,11
702119,20250709,M100980,20250128,CE103,グルーミング講座,1,3800,11
702120,20250810,M100980,20250128,CT103,被毛ケアローション 190ml,1,1650,14
702121,20260408,M100980,20250128,CT102,肉球バーム 10g,1,6800,11
702122,20241226,M100981,20241214,CS101,かつおチップス 200g,1,12000,11
702122,20241226,M100981,20241214,CH105,鉄分＋葉酸タブレット 90粒,3,3840,11
702123,20250204,M100981,20241214,CT104,もこもこ泡シャンプー 300ml,1,9800,11
702124,20240901,M100982,20240813,CH105,鉄分＋葉酸タブレット 90粒,1,1280,11
702125,20241126,M100983,20241109,CT102,肉球バーム 10g,1,6800,11
702125,20241126,M100983,20241109,CT106,耳そうじシート 40枚,1,9800,11
702125,20241126,M100983,20241109,CT104,もこもこ泡シャンプー 300ml,1,9800,11
702126,20250920,M100984,20250831,CS104,減塩にぼし 500g,1,1280,14
702127,20240531,M100985,20240531,CH104,オメガ3ソフトカプセル 120粒,1,980,11
702127,20240531,M100985,20240531,CS104,減塩にぼし 500g,1,1280,11
702127,20240531,M100985,20240531,CT108,毛玉ケアジェル 60g,1,980,11
702128,20240615,M100985,20240531,CT104,もこもこ泡シャンプー 300ml,1,9800,11
702129,20240827,M100985,20240531,CT106,耳そうじシート 40枚,1,9800,11
702129,20240827,M100985,20240531,CT104,もこもこ泡シャンプー 300ml,1,9800,11
702129,20240827,M100985,20240531,CT108,毛玉ケアジェル 60g,1,980,11
702130,20240903,M100985,20240531,CT108,毛玉ケアジェル 60g,1,980,11
702130,20240903,M100985,20240531,CS103,またたびスティック 30本,1,3800,11
702130,20240903,M100985,20240531,CE105,年間メンバーパス,1,4980,11
702131,20250126,M100985,20240531,CS104,減塩にぼし 500g,1,1280,11
702132,20260316,M100986,20260222,CT104,もこもこ泡シャンプー 300ml,1,9800,11
702133,20260615,M100986,20260222,CF103,陶器のごはん皿 S,1,1650,11
702134,20240122,M100987,20231230,CH101,猫用マルチビタミン 180粒,2,1960,11
702134,20240122,M100987,20231230,CH102,毛玉ケアパウダー 180回分,1,1650,11
702134,20240122,M100987,20231230,CT106,耳そうじシート 40枚,2,19600,11
702135,20260421,M100988,20260330,CE105,年間メンバーパス,1,4980,11
702135,20260421,M100988,20260330,CS101,かつおチップス 200g,1,12000,11
702136,20250511,M100989,20250420,CT104,もこもこ泡シャンプー 300ml,1,9800,14
702137,20251015,M100990,20251008,CE101,しつけ教室チケット A,2,5960,11
702137,20251015,M100990,20251008,CT104,もこもこ泡シャンプー 300ml,2,19600,11
702138,20260212,M100990,20251008,CT108,毛玉ケアジェル 60g,1,980,11
702138,20260212,M100990,20251008,CT104,もこもこ泡シャンプー 300ml,1,9800,11
702139,20260302,M100990,20251008,CS104,減塩にぼし 500g,1,1280,11
702140,20260329,M100990,20251008,CS104,減塩にぼし 500g,1,1280,11
702140,20260329,M100990,20251008,CE103,グルーミング講座,1,3800,11
702141,20260517,M100990,20251008,CT103,被毛ケアローション 190ml,1,1650,11
702141,20260517,M100990,20251008,CS101,かつおチップス 200g,2,24000,11
702142,20250204,M100991,20250123,CH102,毛玉ケアパウダー 180回分,1,1650,11
702143,20240114,M100992,20230915,CT104,もこもこ泡シャンプー 300ml,1,9800,11
702143,20240114,M100992,20230915,CT106,耳そうじシート 40枚,2,19600,11
702143,20240114,M100992,20230915,CS101,かつおチップス 200g,1,12000,11
702144,20240211,M100992,20230915,CT108,毛玉ケアジェル 60g,1,980,11
702144,20240211,M100992,20230915,CT102,肉球バーム 10g,1,6800,11
702145,20240319,M100992,20230915,CT106,耳そうじシート 40枚,3,29400,11
702145,20240319,M100992,20230915,CT102,肉球バーム 10g,1,6800,11
702146,20240511,M100992,20230915,CE105,年間メンバーパス,2,9960,11
702146,20240511,M100992,20230915,CS101,かつおチップス 200g,1,12000,11
702146,20240511,M100992,20230915,CT102,肉球バーム 10g,1,6800,11
702147,20240626,M100992,20230915,CS101,かつおチップス 200g,1,12000,11
702148,20241007,M100992,20230915,CE102,しつけ教室チケット S,1,6800,11
702148,20241007,M100992,20230915,CS101,かつおチップス 200g,1,12000,11
702149,20250808,M100993,20250727,CT102,肉球バーム 10g,3,20400,11
702149,20250808,M100993,20250727,CT108,毛玉ケアジェル 60g,1,980,11
702150,20241026,M100994,20241011,CT106,耳そうじシート 40枚,1,9800,11
702151,20250311,M100994,20241011,CS103,またたびスティック 30本,1,3800,11
702152,20250325,M100994,20241011,CS101,かつおチップス 200g,1,12000,11
702152,20250325,M100994,20241011,CE103,グルーミング講座,1,3800,11
702152,20250325,M100994,20241011,CT104,もこもこ泡シャンプー 300ml,1,9800,11
702153,20250814,M100994,20241011,CT106,耳そうじシート 40枚,1,9800,11
702154,20240107,M100995,20180810,CS103,またたびスティック 30本,1,3800,11
702154,20240107,M100995,20180810,CT102,肉球バーム 10g,1,6800,11
702155,20240129,M100995,20180810,CS104,減塩にぼし 500g,2,2560,11
702156,20241110,M100996,20241028,CF105,竹のフードスクープ,1,980,11
702156,20241110,M100996,20241028,CT104,もこもこ泡シャンプー 300ml,1,9800,11
702157,20241124,M100996,20241028,CT104,もこもこ泡シャンプー 300ml,1,9800,11
702158,20241030,M100997,20241021,CT102,肉球バーム 10g,2,13600,11
702159,20250401,M100998,20250312,CS101,かつおチップス 200g,1,12000,11
702159,20250401,M100998,20250312,CH102,毛玉ケアパウダー 180回分,1,1650,11
702159,20250401,M100998,20250312,CT102,肉球バーム 10g,1,6800,11
702159,20250401,M100998,20250312,CT104,もこもこ泡シャンプー 300ml,1,9800,11
702160,20251221,M100999,20251202,CS101,かつおチップス 200g,1,12000,11
702161,20240928,M101000,20240905,CS101,かつおチップス 200g,2,24000,11
702162,20260122,M101001,20260109,CT106,耳そうじシート 40枚,1,9800,11
702163,20240830,M101002,20240814,CT103,被毛ケアローション 190ml,1,1650,11
702164,20250704,M101002,20240814,CS101,かつおチップス 200g,1,12000,11
702164,20250704,M101002,20240814,CT108,毛玉ケアジェル 60g,1,980,11
702165,20250729,M101002,20240814,CT106,耳そうじシート 40枚,1,9800,14
702166,20250806,M101002,20240814,CF102,総合栄養食 まぐろ 100g,2,1960,11
702167,20260513,M101003,20260426,CS102,ささみチップス 200g,1,4980,11
702167,20260513,M101003,20260426,CT108,毛玉ケアジェル 60g,1,980,11
702168,20240604,M101004,20240516,CT104,もこもこ泡シャンプー 300ml,1,9800,11
702168,20240604,M101004,20240516,CE103,グルーミング講座,1,3800,11
702169,20260411,M101005,20260405,CT106,耳そうじシート 40枚,1,9800,11
702169,20260411,M101005,20260405,CT103,被毛ケアローション 190ml,1,1650,11
702170,20231229,M101006,20200512,CE102,しつけ教室チケット S,2,13600,11
702170,20231229,M101006,20200512,CE105,年間メンバーパス,1,4980,11
702170,20231229,M101006,20200512,CT103,被毛ケアローション 190ml,1,1650,11
702171,20240204,M101006,20200512,CE105,年間メンバーパス,1,4980,11
702171,20240204,M101006,20200512,CS101,かつおチップス 200g,1,12000,11
702172,20240508,M101006,20200512,CT108,毛玉ケアジェル 60g,1,980,11
702173,20240824,M101006,20200512,CH101,猫用マルチビタミン 180粒,1,980,11
702173,20240824,M101006,20200512,CT104,もこもこ泡シャンプー 300ml,1,9800,11
702174,20250314,M101006,20200512,CT106,耳そうじシート 40枚,2,19600,11
702174,20250314,M101006,20200512,CS103,またたびスティック 30本,1,3800,11
702175,20240320,M101007,20240226,CT103,被毛ケアローション 190ml,1,1650,11
702176,20240328,M101007,20240226,CS101,かつおチップス 200g,1,12000,11
702176,20240328,M101007,20240226,CT106,耳そうじシート 40枚,1,9800,11
702177,20260409,M101008,20260406,CT108,毛玉ケアジェル 60g,1,980,11
702178,20260602,M101008,20260406,CT104,もこもこ泡シャンプー 300ml,1,9800,11
702178,20260602,M101008,20260406,CT102,肉球バーム 10g,1,6800,11
702179,20240110,M101009,20210522,CT103,被毛ケアローション 190ml,1,1650,11
702179,20240110,M101009,20210522,CT106,耳そうじシート 40枚,1,9800,11
702180,20250110,M101010,20241223,CS104,減塩にぼし 500g,1,1280,11
702181,20250324,M101010,20241223,CS104,減塩にぼし 500g,1,1280,11
702182,20250613,M101010,20241223,CT102,肉球バーム 10g,1,6800,11
702182,20250613,M101010,20241223,CF103,陶器のごはん皿 S,1,1650,11
702182,20250613,M101010,20241223,CT106,耳そうじシート 40枚,1,9800,11
702183,20240526,M101011,20240525,CT104,もこもこ泡シャンプー 300ml,1,9800,11
702183,20240526,M101011,20240525,CE105,年間メンバーパス,1,4980,11
702183,20240526,M101011,20240525,CE102,しつけ教室チケット S,1,6800,11
702184,20251205,M101012,20251116,CE105,年間メンバーパス,1,4980,11
702185,20260322,M101012,20251116,CT104,もこもこ泡シャンプー 300ml,2,19600,11
702186,20251023,M101013,20251023,CE103,グルーミング講座,1,3800,11
702186,20251023,M101013,20251023,CF106,フードストッカー 1L,1,3800,11
702187,20240126,M101014,20240120,CF103,陶器のごはん皿 S,1,1650,11
702187,20240126,M101014,20240120,CS101,かつおチップス 200g,1,12000,11
702188,20240325,M101014,20240120,CT102,肉球バーム 10g,1,6800,11
702189,20240212,M101015,20240129,CS103,またたびスティック 30本,2,7600,11
702190,20250717,M101016,20250703,CT102,肉球バーム 10g,1,6800,11
702190,20250717,M101016,20250703,CH105,鉄分＋葉酸タブレット 90粒,1,1280,11
702191,20240105,M101017,20220928,CS104,減塩にぼし 500g,1,1280,11
702192,20240401,M101017,20220928,CF102,総合栄養食 まぐろ 100g,3,2940,14
702193,20240817,M101017,20220928,CE102,しつけ教室チケット S,1,6800,11
702193,20240817,M101017,20220928,CS104,減塩にぼし 500g,1,1280,11
702194,20240921,M101017,20220928,CS101,かつおチップス 200g,1,12000,11
702195,20250809,M101018,20250726,CT104,もこもこ泡シャンプー 300ml,1,9800,11
702196,20260324,M101019,20260318,CS101,かつおチップス 200g,1,12000,11
702196,20260324,M101019,20260318,CF105,竹のフードスクープ,1,980,11
702196,20260324,M101019,20260318,CE105,年間メンバーパス,1,4980,11
702197,20260416,M101019,20260318,CT102,肉球バーム 10g,1,6800,11
702198,20240425,M101020,20240405,CT104,もこもこ泡シャンプー 300ml,1,9800,11
702199,20240628,M101020,20240405,CE105,年間メンバーパス,1,4980,11
702199,20240628,M101020,20240405,CT104,もこもこ泡シャンプー 300ml,1,9800,11
702200,20240807,M101020,20240405,CT104,もこもこ泡シャンプー 300ml,1,9800,11
702200,20240807,M101020,20240405,CE105,年間メンバーパス,3,14940,11
702201,20250417,M101020,20240405,CE102,しつけ教室チケット S,1,6800,11
702201,20250417,M101020,20240405,CS101,かつおチップス 200g,1,12000,11
702202,20250514,M101020,20240405,CT108,毛玉ケアジェル 60g,1,980,11
702203,20251010,M101020,20240405,CS104,減塩にぼし 500g,1,1280,11
702203,20251010,M101020,20240405,CT106,耳そうじシート 40枚,2,19600,11
702204,20240813,M101021,20240719,CT102,肉球バーム 10g,2,13600,11
702205,20240105,M101022,20200420,CT104,もこもこ泡シャンプー 300ml,2,19600,11
702206,20250209,M101023,20250131,CT108,毛玉ケアジェル 60g,2,1960,11
702206,20250209,M101023,20250131,CS101,かつおチップス 200g,1,12000,11
702206,20250209,M101023,20250131,CT103,被毛ケアローション 190ml,2,3300,11
702207,20250413,M101023,20250131,CT104,もこもこ泡シャンプー 300ml,1,9800,11
702208,20250316,M101024,20250316,CT103,被毛ケアローション 190ml,1,1650,11
702208,20250316,M101024,20250316,CE105,年間メンバーパス,1,4980,11
702209,20240720,M101025,20240717,CS101,かつおチップス 200g,1,12000,09
702209,20240720,M101025,20240717,CS104,減塩にぼし 500g,1,1280,09
702210,20250625,M101026,20250604,CT108,毛玉ケアジェル 60g,3,2940,11
702210,20250625,M101026,20250604,CS101,かつおチップス 200g,1,12000,11
702211,20250923,M101026,20250604,CT104,もこもこ泡シャンプー 300ml,1,9800,11
702212,20260119,M101026,20250604,CT104,もこもこ泡シャンプー 300ml,1,9800,11
702213,20240111,M101027,20210603,CT104,もこもこ泡シャンプー 300ml,1,9800,11
702214,20240703,M101028,20240629,CT106,耳そうじシート 40枚,1,9800,11
702214,20240703,M101028,20240629,CT108,毛玉ケアジェル 60g,1,980,11
702215,20240103,M101029,20240102,CS102,ささみチップス 200g,1,4980,11
702215,20240103,M101029,20240102,CT106,耳そうじシート 40枚,1,9800,11
702216,20240911,M101029,20240102,CT103,被毛ケアローション 190ml,1,1650,09
702216,20240911,M101029,20240102,CS101,かつおチップス 200g,1,12000,09
702217,20241021,M101029,20240102,CE102,しつけ教室チケット S,1,6800,11
702217,20241021,M101029,20240102,CE105,年間メンバーパス,1,4980,11
702218,20250523,M101029,20240102,CS103,またたびスティック 30本,2,7600,11
702219,20250613,M101029,20240102,CS104,減塩にぼし 500g,2,2560,11
702220,20250628,M101029,20240102,CS101,かつおチップス 200g,1,12000,14
702221,20240411,M101030,20240328,CT104,もこもこ泡シャンプー 300ml,1,9800,11
702222,20241219,M101031,20241208,CT108,毛玉ケアジェル 60g,2,1960,11
702223,20260602,M101032,20260520,CT106,耳そうじシート 40枚,1,9800,11
702224,20231227,M101033,20201018,CT104,もこもこ泡シャンプー 300ml,1,9800,11
702225,20240120,M101033,20201018,CE105,年間メンバーパス,1,4980,11
702226,20240215,M101033,20201018,CT103,被毛ケアローション 190ml,1,1650,11
702227,20240227,M101033,20201018,CT104,もこもこ泡シャンプー 300ml,1,9800,11
702227,20240227,M101033,20201018,CT103,被毛ケアローション 190ml,1,1650,11
702227,20240227,M101033,20201018,CF102,総合栄養食 まぐろ 100g,1,980,11
702228,20240329,M101033,20201018,CE105,年間メンバーパス,1,4980,11
702229,20240417,M101033,20201018,CT108,毛玉ケアジェル 60g,1,980,11
702229,20240417,M101033,20201018,CH103,関節ケアコラーゲン 250g,1,980,11
702229,20240417,M101033,20201018,CF103,陶器のごはん皿 S,1,1650,11
702230,20240921,M101033,20201018,CT103,被毛ケアローション 190ml,1,1650,11
702230,20240921,M101033,20201018,CS104,減塩にぼし 500g,1,1280,11
702231,20241117,M101033,20201018,CS103,またたびスティック 30本,1,3800,11
702231,20241117,M101033,20201018,CT106,耳そうじシート 40枚,1,9800,11
702232,20250331,M101034,20250315,CF103,陶器のごはん皿 S,1,1650,11
702233,20250804,M101034,20250315,CT104,もこもこ泡シャンプー 300ml,1,9800,11
702234,20240224,M101035,20240203,CT104,もこもこ泡シャンプー 300ml,1,9800,11
702234,20240224,M101035,20240203,CT106,耳そうじシート 40枚,1,9800,11
702235,20250927,M101036,20250927,CS101,かつおチップス 200g,1,12000,11
702235,20250927,M101036,20250927,CF101,総合栄養食 まぐろ 500g,1,12000,11
702235,20250927,M101036,20250927,CT108,毛玉ケアジェル 60g,1,980,11
702236,20260123,M101037,20260119,CT106,耳そうじシート 40枚,2,19600,11
702236,20260123,M101037,20260119,CS104,減塩にぼし 500g,1,1280,11
702236,20260123,M101037,20260119,CT102,肉球バーム 10g,1,6800,11
702237,20241217,M101038,20241215,CT108,毛玉ケアジェル 60g,1,980,11
702238,20250131,M101038,20241215,CS101,かつおチップス 200g,2,24000,11
702239,20250216,M101038,20241215,CS102,ささみチップス 200g,1,4980,11
702240,20240223,M101039,20240216,CS104,減塩にぼし 500g,1,1280,11
702241,20240427,M101039,20240216,CS102,ささみチップス 200g,1,4980,11
702241,20240427,M101039,20240216,CE105,年間メンバーパス,1,4980,11
702242,20240616,M101039,20240216,CT106,耳そうじシート 40枚,1,9800,11
702243,20241026,M101039,20240216,CT104,もこもこ泡シャンプー 300ml,1,9800,11
702243,20241026,M101039,20240216,CH101,猫用マルチビタミン 180粒,1,980,11
702244,20250224,M101039,20240216,CT106,耳そうじシート 40枚,1,9800,11
702244,20250224,M101039,20240216,CS103,またたびスティック 30本,1,3800,11
702244,20250224,M101039,20240216,CS101,かつおチップス 200g,1,12000,11
702245,20250318,M101039,20240216,CT108,毛玉ケアジェル 60g,2,1960,11
702246,20251231,M101040,20251226,CS104,減塩にぼし 500g,1,1280,11
702246,20251231,M101040,20251226,CF104,給水器フィルター,1,1280,11
702246,20251231,M101040,20251226,CT102,肉球バーム 10g,1,6800,11
702247,20250715,M101041,20250704,CT108,毛玉ケアジェル 60g,1,980,11
702247,20250715,M101041,20250704,CS103,またたびスティック 30本,1,3800,11
702247,20250715,M101041,20250704,CE102,しつけ教室チケット S,1,6800,11
702248,20260314,M101041,20250704,CS101,かつおチップス 200g,1,12000,11
702249,20260619,M101041,20250704,CE102,しつけ教室チケット S,2,13600,11
702250,20240707,M101042,20240628,CT106,耳そうじシート 40枚,2,19600,11
702250,20240707,M101042,20240628,CT102,肉球バーム 10g,1,6800,11
702251,20240929,M101042,20240628,CS101,かつおチップス 200g,1,12000,11
702252,20250620,M101043,20250620,CH103,関節ケアコラーゲン 250g,1,980,11
702253,20260410,M101044,20260403,CT102,肉球バーム 10g,1,6800,11
702253,20260410,M101044,20260403,CS104,減塩にぼし 500g,1,1280,11
702254,20260606,M101044,20260403,CF101,総合栄養食 まぐろ 500g,1,12000,09
702255,20250916,M101045,20250903,CS104,減塩にぼし 500g,1,1280,11
702256,20240127,M101046,20240102,CF101,総合栄養食 まぐろ 500g,1,12000,11
702257,20240206,M101046,20240102,CS101,かつおチップス 200g,1,12000,11
702258,20250104,M101047,20241219,CE105,年間メンバーパス,1,4980,11
702259,20250926,M101048,20250904,CT104,もこもこ泡シャンプー 300ml,1,9800,11
702260,20260217,M101048,20250904,CT104,もこもこ泡シャンプー 300ml,3,29400,11
702260,20260217,M101048,20250904,CE102,しつけ教室チケット S,1,6800,11
702260,20260217,M101048,20250904,CT108,毛玉ケアジェル 60g,1,980,11
702261,20260402,M101048,20250904,CT104,もこもこ泡シャンプー 300ml,1,9800,11
702261,20260402,M101048,20250904,CS104,減塩にぼし 500g,1,1280,11
702261,20260402,M101048,20250904,CE105,年間メンバーパス,2,9960,11
702262,20250624,M101049,20250618,CS104,減塩にぼし 500g,1,1280,11
702262,20250624,M101049,20250618,CF102,総合栄養食 まぐろ 100g,1,980,11
702263,20240620,M101050,20240606,CT104,もこもこ泡シャンプー 300ml,3,29400,11
702264,20250912,M101051,20250820,CT103,被毛ケアローション 190ml,1,1650,11
702264,20250912,M101051,20250820,CS104,減塩にぼし 500g,1,1280,11
702265,20251003,M101051,20250820,CT102,肉球バーム 10g,1,6800,11
702266,20251030,M101051,20250820,CF102,総合栄養食 まぐろ 100g,1,980,11
702267,20251011,M101052,20250923,CH104,オメガ3ソフトカプセル 120粒,1,980,09
702267,20251011,M101052,20250923,CT106,耳そうじシート 40枚,1,9800,09
702267,20251011,M101052,20250923,CE105,年間メンバーパス,1,4980,09
702268,20231222,M101053,20170613,CT106,耳そうじシート 40枚,2,19600,11
702269,20240506,M101054,20240427,CH102,毛玉ケアパウダー 180回分,1,1650,11
702270,20250203,M101055,20250130,CF102,総合栄養食 まぐろ 100g,2,1960,11
702270,20250203,M101055,20250130,CS104,減塩にぼし 500g,1,1280,11
702270,20250203,M101055,20250130,CT106,耳そうじシート 40枚,2,19600,11
702271,20250318,M101055,20250130,CE105,年間メンバーパス,1,4980,11
702272,20260110,M101056,20251231,CT102,肉球バーム 10g,1,6800,11
702272,20260110,M101056,20251231,CS101,かつおチップス 200g,1,12000,11
702273,20260327,M101056,20251231,CT106,耳そうじシート 40枚,1,9800,11
702274,20260329,M101057,20260321,CS104,減塩にぼし 500g,1,1280,11
702274,20260329,M101057,20260321,CH102,毛玉ケアパウダー 180回分,1,1650,11
702275,20260116,M101058,20260108,CT102,肉球バーム 10g,1,6800,11
702275,20260116,M101058,20260108,CS104,減塩にぼし 500g,1,1280,11
702276,20260323,M101058,20260108,CE102,しつけ教室チケット S,1,6800,11
702277,20250723,M101059,20250702,CS101,かつおチップス 200g,1,12000,11
702278,20250911,M101059,20250702,CT103,被毛ケアローション 190ml,1,1650,11
702279,20240214,M101060,20240203,CT102,肉球バーム 10g,1,6800,11
702279,20240214,M101060,20240203,CE105,年間メンバーパス,1,4980,11
702279,20240214,M101060,20240203,CT106,耳そうじシート 40枚,1,9800,11
702279,20240214,M101060,20240203,CT101,肉球バーム 100g,1,1650,11
702280,20240508,M101060,20240203,CS101,かつおチップス 200g,1,12000,11
702281,20240520,M101060,20240203,CS101,かつおチップス 200g,1,12000,11
702281,20240520,M101060,20240203,CT108,毛玉ケアジェル 60g,1,980,11
702281,20240520,M101060,20240203,CT106,耳そうじシート 40枚,1,9800,11
702281,20240520,M101060,20240203,CT102,肉球バーム 10g,2,13600,11
702282,20240824,M101060,20240203,CT104,もこもこ泡シャンプー 300ml,1,9800,11
702282,20240824,M101060,20240203,CS103,またたびスティック 30本,1,3800,11
702282,20240824,M101060,20240203,CT102,肉球バーム 10g,1,6800,11
702283,20251003,M101061,20250916,CS104,減塩にぼし 500g,1,1280,11
702284,20251219,M101061,20250916,CS101,かつおチップス 200g,1,12000,11
702285,20260206,M101061,20250916,CH104,オメガ3ソフトカプセル 120粒,1,980,11
702285,20260206,M101061,20250916,CT103,被毛ケアローション 190ml,1,1650,11
702286,20231230,M101062,20161109,CT104,もこもこ泡シャンプー 300ml,1,9800,11
702287,20240317,M101062,20161109,CT106,耳そうじシート 40枚,1,9800,09
702287,20240317,M101062,20161109,CT104,もこもこ泡シャンプー 300ml,2,19600,09
702288,20240129,M101063,20240117,CS104,減塩にぼし 500g,1,1280,11
702288,20240129,M101063,20240117,CT103,被毛ケアローション 190ml,1,1650,11
702289,20241117,M101064,20241116,CT106,耳そうじシート 40枚,2,19600,11
702290,20240326,M101065,20240316,CS101,かつおチップス 200g,1,12000,11
702290,20240326,M101065,20240316,CE105,年間メンバーパス,1,4980,11
702290,20240326,M101065,20240316,CF101,総合栄養食 まぐろ 500g,1,12000,11
702291,20240830,M101065,20240316,CS104,減塩にぼし 500g,1,1280,11
702292,20251226,M101066,20251224,CE103,グルーミング講座,1,3800,11
702292,20251226,M101066,20251224,CT102,肉球バーム 10g,1,6800,11
702292,20251226,M101066,20251224,CS104,減塩にぼし 500g,1,1280,11
702293,20260328,M101067,20260308,CT104,もこもこ泡シャンプー 300ml,1,9800,11
702294,20260512,M101067,20260308,CT108,毛玉ケアジェル 60g,2,1960,11
702294,20260512,M101067,20260308,CT102,肉球バーム 10g,1,6800,11
702294,20260512,M101067,20260308,CT103,被毛ケアローション 190ml,1,1650,11
702295,20240110,M101068,20231222,CT103,被毛ケアローション 190ml,2,3300,11
702295,20240110,M101068,20231222,CT104,もこもこ泡シャンプー 300ml,1,9800,11
702295,20240110,M101068,20231222,CT106,耳そうじシート 40枚,1,9800,11
702296,20260105,M101069,20251217,CS104,減塩にぼし 500g,1,1280,09
702296,20260105,M101069,20251217,CS101,かつおチップス 200g,1,12000,09
702297,20260301,M101069,20251217,CS101,かつおチップス 200g,1,12000,11
702298,20231224,M101070,20210403,CT106,耳そうじシート 40枚,1,9800,11
702299,20240129,M101070,20210403,CT102,肉球バーム 10g,1,6800,11
702300,20240212,M101070,20210403,CS103,またたびスティック 30本,1,3800,11
702300,20240212,M101070,20210403,CT104,もこもこ泡シャンプー 300ml,1,9800,11
702301,20240324,M101070,20210403,CT103,被毛ケアローション 190ml,1,1650,11
702301,20240324,M101070,20210403,CT104,もこもこ泡シャンプー 300ml,1,9800,11
702301,20240324,M101070,20210403,CE102,しつけ教室チケット S,1,6800,11
702301,20240324,M101070,20210403,CS101,かつおチップス 200g,1,12000,11
702302,20250924,M101071,20250909,CE105,年間メンバーパス,1,4980,11
702302,20250924,M101071,20250909,CT103,被毛ケアローション 190ml,1,1650,11
702303,20251029,M101071,20250909,CT104,もこもこ泡シャンプー 300ml,1,9800,11
702304,20260127,M101072,20260124,CT106,耳そうじシート 40枚,1,9800,11
702305,20250415,M101073,20250414,CT104,もこもこ泡シャンプー 300ml,1,9800,11
702305,20250415,M101073,20250414,CT108,毛玉ケアジェル 60g,1,980,11
702306,20251026,M101074,20251002,CF102,総合栄養食 まぐろ 100g,1,980,11
702306,20251026,M101074,20251002,CT106,耳そうじシート 40枚,2,19600,11
702306,20251026,M101074,20251002,CT104,もこもこ泡シャンプー 300ml,2,19600,11
702307,20260512,M101074,20251002,CS101,かつおチップス 200g,1,12000,11
702308,20250715,M101075,20250626,CT102,肉球バーム 10g,1,6800,11
702309,20250831,M101075,20250626,CS101,かつおチップス 200g,1,12000,11
702310,20251003,M101075,20250626,CT103,被毛ケアローション 190ml,1,1650,11
702311,20250711,M101076,20250624,CF102,総合栄養食 まぐろ 100g,1,980,11
702312,20240317,M101077,20240222,CS101,かつおチップス 200g,1,12000,11
702312,20240317,M101077,20240222,CT106,耳そうじシート 40枚,1,9800,11
702313,20240411,M101077,20240222,CT104,もこもこ泡シャンプー 300ml,1,9800,11
702314,20240705,M101077,20240222,CE105,年間メンバーパス,1,4980,11
702315,20251117,M101078,20251101,CH105,鉄分＋葉酸タブレット 90粒,1,1280,11
702315,20251117,M101078,20251101,CS101,かつおチップス 200g,2,24000,11
702316,20260218,M101079,20260131,CH102,毛玉ケアパウダー 180回分,1,1650,11
702317,20250227,M101080,20250214,CT106,耳そうじシート 40枚,1,9800,09
702317,20250227,M101080,20250214,CT104,もこもこ泡シャンプー 300ml,1,9800,09
702318,20250413,M101080,20250214,CS103,またたびスティック 30本,1,3800,11
702319,20250527,M101080,20250214,CH101,猫用マルチビタミン 180粒,1,980,11
702319,20250527,M101080,20250214,CE105,年間メンバーパス,1,4980,11
702319,20250527,M101080,20250214,CS104,減塩にぼし 500g,1,1280,11
702320,20250916,M101080,20250214,CT104,もこもこ泡シャンプー 300ml,2,19600,14
702320,20250916,M101080,20250214,CT106,耳そうじシート 40枚,1,9800,14
702321,20250314,M101081,20250313,CT104,もこもこ泡シャンプー 300ml,1,9800,09
702321,20250314,M101081,20250313,CS104,減塩にぼし 500g,2,2560,09
702321,20250314,M101081,20250313,CH102,毛玉ケアパウダー 180回分,1,1650,09
702322,20231225,M101082,20160901,CT104,もこもこ泡シャンプー 300ml,3,29400,11
702322,20231225,M101082,20160901,CT103,被毛ケアローション 190ml,2,3300,11
702322,20231225,M101082,20160901,CE105,年間メンバーパス,1,4980,11
702323,20240102,M101082,20160901,CT102,肉球バーム 10g,3,20400,11
702324,20240721,M101083,20240707,CH106,腸内フローラ乳酸菌 60粒,1,12000,11
702324,20240721,M101083,20240707,CT106,耳そうじシート 40枚,1,9800,11
702324,20240721,M101083,20240707,CE105,年間メンバーパス,1,4980,11
702325,20250501,M101084,20250427,CT108,毛玉ケアジェル 60g,1,980,11
702325,20250501,M101084,20250427,CT104,もこもこ泡シャンプー 300ml,1,9800,11
702326,20250208,M101085,20250203,CS104,減塩にぼし 500g,2,2560,11
702327,20250404,M101085,20250203,CT102,肉球バーム 10g,1,6800,11
702328,20250216,M101086,20250202,CE105,年間メンバーパス,1,4980,11
702329,20241105,M101087,20241017,CT104,もこもこ泡シャンプー 300ml,1,9800,11
702330,20241220,M101087,20241017,CT106,耳そうじシート 40枚,1,9800,11
702330,20241220,M101087,20241017,CT103,被毛ケアローション 190ml,1,1650,11
702331,20250130,M101087,20241017,CT108,毛玉ケアジェル 60g,1,980,09
702332,20240507,M101088,20240505,CS101,かつおチップス 200g,1,12000,11
702332,20240507,M101088,20240505,CT106,耳そうじシート 40枚,1,9800,11
702333,20260518,M101089,20260426,CS103,またたびスティック 30本,1,3800,11
702333,20260518,M101089,20260426,CE105,年間メンバーパス,2,9960,11
702333,20260518,M101089,20260426,CT103,被毛ケアローション 190ml,1,1650,11
702333,20260518,M101089,20260426,CT102,肉球バーム 10g,1,6800,11
702334,20260605,M101089,20260426,CH105,鉄分＋葉酸タブレット 90粒,1,1280,11
702335,20250412,M101090,20250325,CS101,かつおチップス 200g,1,12000,14
702336,20250719,M101090,20250325,CT108,毛玉ケアジェル 60g,1,980,11
702337,20250902,M101090,20250325,CT108,毛玉ケアジェル 60g,1,980,11
702338,20251003,M101090,20250325,CT104,もこもこ泡シャンプー 300ml,1,9800,11
702339,20251119,M101090,20250325,CT102,肉球バーム 10g,1,6800,11
702339,20251119,M101090,20250325,CS103,またたびスティック 30本,1,3800,11
702339,20251119,M101090,20250325,CT108,毛玉ケアジェル 60g,1,980,11
702339,20251119,M101090,20250325,CS101,かつおチップス 200g,1,12000,11
702340,20260209,M101090,20250325,CS101,かつおチップス 200g,1,12000,11
702341,20260527,M101091,20260508,CT104,もこもこ泡シャンプー 300ml,1,9800,11
702341,20260527,M101091,20260508,CS101,かつおチップス 200g,1,12000,11
702341,20260527,M101091,20260508,CT106,耳そうじシート 40枚,1,9800,11
702341,20260527,M101091,20260508,CT108,毛玉ケアジェル 60g,1,980,11
702342,20240104,M101092,20210310,CT106,耳そうじシート 40枚,1,9800,11
702342,20240104,M101092,20210310,CS101,かつおチップス 200g,1,12000,11
702343,20240211,M101092,20210310,CS104,減塩にぼし 500g,1,1280,11
702344,20250516,M101093,20250504,CT104,もこもこ泡シャンプー 300ml,1,9800,11
702344,20250516,M101093,20250504,CT103,被毛ケアローション 190ml,1,1650,11
702345,20231222,M101094,20230727,CH102,毛玉ケアパウダー 180回分,2,3300,11
702345,20231222,M101094,20230727,CT102,肉球バーム 10g,1,6800,11
702345,20231222,M101094,20230727,CS104,減塩にぼし 500g,1,1280,11
702346,20250918,M101095,20250901,CE105,年間メンバーパス,1,4980,11
702346,20250918,M101095,20250901,CT106,耳そうじシート 40枚,2,19600,11
702347,20251010,M101095,20250901,CH103,関節ケアコラーゲン 250g,1,980,11
702347,20251010,M101095,20250901,CH105,鉄分＋葉酸タブレット 90粒,1,1280,11
702347,20251010,M101095,20250901,CT106,耳そうじシート 40枚,1,9800,11
702347,20251010,M101095,20250901,CE105,年間メンバーパス,1,4980,11
702348,20260106,M101095,20250901,CT104,もこもこ泡シャンプー 300ml,3,29400,11
702349,20260215,M101095,20250901,CT104,もこもこ泡シャンプー 300ml,2,19600,11
702349,20260215,M101095,20250901,CH102,毛玉ケアパウダー 180回分,1,1650,11
702350,20251121,M101096,20251116,CT104,もこもこ泡シャンプー 300ml,1,9800,11
702350,20251121,M101096,20251116,CT106,耳そうじシート 40枚,1,9800,11
702350,20251121,M101096,20251116,CT108,毛玉ケアジェル 60g,1,980,11
702350,20251121,M101096,20251116,CS101,かつおチップス 200g,1,12000,11
702351,20240609,M101097,20240529,CS104,減塩にぼし 500g,1,1280,11
702352,20250904,M101097,20240529,CF102,総合栄養食 まぐろ 100g,1,980,11
702352,20250904,M101097,20240529,CS104,減塩にぼし 500g,1,1280,11
702353,20241012,M101098,20240924,CE105,年間メンバーパス,3,14940,11
702354,20241127,M101098,20240924,CS104,減塩にぼし 500g,1,1280,11
702354,20241127,M101098,20240924,CT106,耳そうじシート 40枚,2,19600,11
702355,20250303,M101098,20240924,CT106,耳そうじシート 40枚,1,9800,11
702356,20250707,M101098,20240924,CT106,耳そうじシート 40枚,1,9800,11
702356,20250707,M101098,20240924,CE105,年間メンバーパス,1,4980,11
702356,20250707,M101098,20240924,CS104,減塩にぼし 500g,1,1280,11
702357,20240115,M101099,20180412,CS104,減塩にぼし 500g,1,1280,11
702358,20260218,M101100,20260206,CT104,もこもこ泡シャンプー 300ml,1,9800,11
702359,20240210,M101101,20240116,CH101,猫用マルチビタミン 180粒,1,980,11
702360,20240220,M101101,20240116,CS101,かつおチップス 200g,3,36000,11
702361,20240324,M101101,20240116,CT105,ふわもこブラシ,1,2980,11
702361,20240324,M101101,20240116,CE102,しつけ教室チケット S,1,6800,11
702362,20240416,M101101,20240116,CS102,ささみチップス 200g,1,4980,11
702363,20231225,M101102,20191230,CT102,肉球バーム 10g,1,6800,11
702364,20240104,M101102,20191230,CS104,減塩にぼし 500g,1,1280,11
702365,20260603,M101103,20260522,CS101,かつおチップス 200g,2,24000,11
702365,20260603,M101103,20260522,CF101,総合栄養食 まぐろ 500g,1,12000,11
702365,20260603,M101103,20260522,CT108,毛玉ケアジェル 60g,1,980,11
702365,20260603,M101103,20260522,CE102,しつけ教室チケット S,1,6800,11
702366,20250217,M101104,20250123,CT106,耳そうじシート 40枚,1,9800,11
702366,20250217,M101104,20250123,CS101,かつおチップス 200g,1,12000,11
702366,20250217,M101104,20250123,CT108,毛玉ケアジェル 60g,1,980,11
702367,20250619,M101104,20250123,CF101,総合栄養食 まぐろ 500g,3,36000,11
702367,20250619,M101104,20250123,CS103,またたびスティック 30本,1,3800,11
702367,20250619,M101104,20250123,CF104,給水器フィルター,1,1280,11
702367,20250619,M101104,20250123,CH102,毛玉ケアパウダー 180回分,1,1650,11
702368,20250727,M101104,20250123,CT106,耳そうじシート 40枚,1,9800,11
702369,20251008,M101104,20250123,CS104,減塩にぼし 500g,1,1280,11
702370,20251222,M101104,20250123,CT106,耳そうじシート 40枚,1,9800,11
702371,20240717,M101105,20240628,CT106,耳そうじシート 40枚,1,9800,11
702372,20250422,M101106,20250413,CS104,減塩にぼし 500g,1,1280,09
702373,20250828,M101106,20250413,CH102,毛玉ケアパウダー 180回分,1,1650,11
702374,20241006,M101107,20241001,CF102,総合栄養食 まぐろ 100g,1,980,11
702375,20240226,M101108,20240222,CT102,肉球バーム 10g,1,6800,11
702375,20240226,M101108,20240222,CS101,かつおチップス 200g,1,12000,11
702376,20240704,M101108,20240222,CT104,もこもこ泡シャンプー 300ml,1,9800,11
702376,20240704,M101108,20240222,CT106,耳そうじシート 40枚,1,9800,11
702377,20240907,M101108,20240222,CT104,もこもこ泡シャンプー 300ml,1,9800,11
702378,20240903,M101109,20240823,CE102,しつけ教室チケット S,1,6800,11
702379,20251111,M101110,20251110,CS103,またたびスティック 30本,1,3800,11
702380,20251215,M101110,20251110,CS101,かつおチップス 200g,1,12000,11
702380,20251215,M101110,20251110,CT106,耳そうじシート 40枚,2,19600,11
702381,20241122,M101111,20241106,CT106,耳そうじシート 40枚,1,9800,11
702381,20241122,M101111,20241106,CT103,被毛ケアローション 190ml,1,1650,11
702382,20250327,M101111,20241106,CT104,もこもこ泡シャンプー 300ml,1,9800,11
702382,20250327,M101111,20241106,CS101,かつおチップス 200g,1,12000,11
702382,20250327,M101111,20241106,CT108,毛玉ケアジェル 60g,1,980,11
702382,20250327,M101111,20241106,CT106,耳そうじシート 40枚,2,19600,11
702383,20240101,M101112,20171124,CS104,減塩にぼし 500g,1,1280,11
702383,20240101,M101112,20171124,CF101,総合栄養食 まぐろ 500g,1,12000,11
702383,20240101,M101112,20171124,CS105,ミルク仕立ておやつ 300g,2,1960,11
702383,20240101,M101112,20171124,CT102,肉球バーム 10g,1,6800,11
702384,20240507,M101113,20240418,CS101,かつおチップス 200g,1,12000,11
702385,20240803,M101113,20240418,CH102,毛玉ケアパウダー 180回分,1,1650,11
702385,20240803,M101113,20240418,CS104,減塩にぼし 500g,2,2560,11
702386,20240911,M101113,20240418,CT102,肉球バーム 10g,1,6800,11
702387,20241012,M101114,20241002,CT106,耳そうじシート 40枚,1,9800,11
702387,20241012,M101114,20241002,CT104,もこもこ泡シャンプー 300ml,3,29400,11
702388,20241113,M101114,20241002,CT104,もこもこ泡シャンプー 300ml,2,19600,11
702389,20250118,M101114,20241002,CT104,もこもこ泡シャンプー 300ml,1,9800,11
702390,20250217,M101114,20241002,CF103,陶器のごはん皿 S,1,1650,11
702391,20250409,M101114,20241002,CT104,もこもこ泡シャンプー 300ml,1,9800,11
702392,20240716,M101115,20240625,CT104,もこもこ泡シャンプー 300ml,1,9800,11
702393,20241024,M101115,20240625,CS104,減塩にぼし 500g,2,2560,11
702394,20250215,M101116,20250208,CS104,減塩にぼし 500g,1,1280,11
702394,20250215,M101116,20250208,CS101,かつおチップス 200g,1,12000,11
702395,20240709,M101117,20240701,CE102,しつけ教室チケット S,1,6800,11
702395,20240709,M101117,20240701,CS101,かつおチップス 200g,1,12000,11
702396,20240101,M101118,20190821,CS101,かつおチップス 200g,1,12000,11
702396,20240101,M101118,20190821,CT106,耳そうじシート 40枚,1,9800,11
702397,20240124,M101118,20190821,CS104,減塩にぼし 500g,1,1280,11
702397,20240124,M101118,20190821,CS101,かつおチップス 200g,1,12000,11
702398,20240423,M101118,20190821,CE105,年間メンバーパス,1,4980,09
702399,20240428,M101119,20240409,CT104,もこもこ泡シャンプー 300ml,2,19600,11
702399,20240428,M101119,20240409,CS101,かつおチップス 200g,2,24000,11
702399,20240428,M101119,20240409,CS104,減塩にぼし 500g,1,1280,11
702400,20240531,M101119,20240409,CS103,またたびスティック 30本,1,3800,11
702400,20240531,M101119,20240409,CS104,減塩にぼし 500g,1,1280,11
702401,20250831,M101120,20250827,CS101,かつおチップス 200g,1,12000,11
702402,20250507,M101121,20250430,CT102,肉球バーム 10g,1,6800,11
702402,20250507,M101121,20250430,CT103,被毛ケアローション 190ml,1,1650,11
702402,20250507,M101121,20250430,CT104,もこもこ泡シャンプー 300ml,1,9800,11
702403,20240315,M101122,20240303,CT102,肉球バーム 10g,2,13600,11
702403,20240315,M101122,20240303,CT108,毛玉ケアジェル 60g,1,980,11
702404,20240423,M101122,20240303,CS104,減塩にぼし 500g,1,1280,11
702404,20240423,M101122,20240303,CT104,もこもこ泡シャンプー 300ml,1,9800,11
702405,20250608,M101123,20250603,CT104,もこもこ泡シャンプー 300ml,1,9800,11
702406,20260504,M101124,20260419,CT104,もこもこ泡シャンプー 300ml,1,9800,11
702406,20260504,M101124,20260419,CS101,かつおチップス 200g,1,12000,11
702407,20251018,M101125,20251008,CT104,もこもこ泡シャンプー 300ml,1,9800,11
702408,20251211,M101125,20251008,CT104,もこもこ泡シャンプー 300ml,1,9800,11
702409,20240118,M101126,20240113,CS104,減塩にぼし 500g,1,1280,11
702409,20240118,M101126,20240113,CT102,肉球バーム 10g,3,20400,11
702409,20240118,M101126,20240113,CS103,またたびスティック 30本,1,3800,11
702410,20240328,M101126,20240113,CT104,もこもこ泡シャンプー 300ml,1,9800,11
702411,20240423,M101126,20240113,CS101,かつおチップス 200g,2,24000,11
702412,20240303,M101127,20240225,CT108,毛玉ケアジェル 60g,1,980,11
702412,20240303,M101127,20240225,CS101,かつおチップス 200g,1,12000,11
702412,20240303,M101127,20240225,CT106,耳そうじシート 40枚,1,9800,11
702413,20240124,M101128,20240120,CT102,肉球バーム 10g,1,6800,11
702414,20240301,M101128,20240120,CE105,年間メンバーパス,1,4980,11
702415,20241104,M101128,20240120,CS101,かつおチップス 200g,1,12000,11
702415,20241104,M101128,20240120,CE105,年間メンバーパス,1,4980,11
702415,20241104,M101128,20240120,CT104,もこもこ泡シャンプー 300ml,1,9800,11
702416,20250125,M101128,20240120,CT103,被毛ケアローション 190ml,1,1650,11
702416,20250125,M101128,20240120,CS104,減塩にぼし 500g,1,1280,11
702416,20250125,M101128,20240120,CT104,もこもこ泡シャンプー 300ml,1,9800,11
702417,20250310,M101128,20240120,CS102,ささみチップス 200g,3,14940,11
702417,20250310,M101128,20240120,CT105,ふわもこブラシ,3,8940,11
702418,20250403,M101128,20240120,CS103,またたびスティック 30本,1,3800,09
702419,20250427,M101128,20240120,CF103,陶器のごはん皿 S,2,3300,11
702420,20250515,M101128,20240120,CT102,肉球バーム 10g,2,13600,09
702420,20250515,M101128,20240120,CS104,減塩にぼし 500g,1,1280,09
702421,20250615,M101129,20250523,CE105,年間メンバーパス,1,4980,11
702422,20260214,M101130,20260205,CT106,耳そうじシート 40枚,1,9800,11
702422,20260214,M101130,20260205,CT108,毛玉ケアジェル 60g,1,980,11
702422,20260214,M101130,20260205,CS101,かつおチップス 200g,1,12000,11
702423,20260402,M101130,20260205,CT104,もこもこ泡シャンプー 300ml,2,19600,11
702423,20260402,M101130,20260205,CS101,かつおチップス 200g,1,12000,11
702424,20240612,M101131,20240525,CF101,総合栄養食 まぐろ 500g,1,12000,09
702425,20251119,M101132,20251106,CT106,耳そうじシート 40枚,3,29400,11
702425,20251119,M101132,20251106,CT102,肉球バーム 10g,1,6800,11
702426,20251231,M101132,20251106,CS104,減塩にぼし 500g,1,1280,11
702426,20251231,M101132,20251106,CT106,耳そうじシート 40枚,2,19600,11
702427,20240827,M101133,20240820,CT103,被毛ケアローション 190ml,1,1650,14
702428,20241104,M101133,20240820,CE101,しつけ教室チケット A,2,5960,11
702429,20241122,M101133,20240820,CF102,総合栄養食 まぐろ 100g,1,980,11
702430,20250206,M101133,20240820,CS104,減塩にぼし 500g,2,2560,11
702431,20260314,M101134,20260224,CT102,肉球バーム 10g,1,6800,11
702431,20260314,M101134,20260224,CF102,総合栄養食 まぐろ 100g,1,980,11
702432,20260126,M101135,20260101,CS103,またたびスティック 30本,1,3800,11
702433,20260417,M101136,20260416,CT104,もこもこ泡シャンプー 300ml,1,9800,09
702434,20240112,M101137,20220920,CS104,減塩にぼし 500g,2,2560,11
702435,20240323,M101137,20220920,CS104,減塩にぼし 500g,1,1280,11
702435,20240323,M101137,20220920,CT104,もこもこ泡シャンプー 300ml,1,9800,11
702436,20240501,M101137,20220920,CF105,竹のフードスクープ,2,1960,11
702436,20240501,M101137,20220920,CE105,年間メンバーパス,3,14940,11
702437,20251013,M101138,20250920,CS104,減塩にぼし 500g,1,1280,11
702437,20251013,M101138,20250920,CT106,耳そうじシート 40枚,3,29400,11
702437,20251013,M101138,20250920,CS101,かつおチップス 200g,1,12000,11
702438,20240108,M101139,20191227,CT104,もこもこ泡シャンプー 300ml,1,9800,11
702438,20240108,M101139,20191227,CT106,耳そうじシート 40枚,1,9800,11
702439,20240118,M101139,20191227,CS103,またたびスティック 30本,1,3800,11
702440,20251207,M101140,20251120,CF101,総合栄養食 まぐろ 500g,3,36000,11
702441,20260211,M101140,20251120,CT104,もこもこ泡シャンプー 300ml,2,19600,11
702441,20260211,M101140,20251120,CS101,かつおチップス 200g,3,36000,11
702442,20260427,M101140,20251120,CT106,耳そうじシート 40枚,1,9800,11
702443,20260220,M101141,20260128,CE105,年間メンバーパス,1,4980,11
702444,20260618,M101141,20260128,CT104,もこもこ泡シャンプー 300ml,1,9800,11
702444,20260618,M101141,20260128,CS101,かつおチップス 200g,1,12000,11
702445,20250728,M101142,20250715,CT104,もこもこ泡シャンプー 300ml,1,9800,11
702446,20240403,M101143,20240314,CE105,年間メンバーパス,1,4980,11
702446,20240403,M101143,20240314,CS101,かつおチップス 200g,2,24000,11
702446,20240403,M101143,20240314,CF103,陶器のごはん皿 S,1,1650,11
702447,20240413,M101143,20240314,CS101,かつおチップス 200g,1,12000,11
702447,20240413,M101143,20240314,CH106,腸内フローラ乳酸菌 60粒,1,12000,11
702448,20231223,M101144,20160718,CS103,またたびスティック 30本,2,7600,11
702448,20231223,M101144,20160718,CS102,ささみチップス 200g,2,9960,11
702449,20260121,M101145,20260112,CS101,かつおチップス 200g,1,12000,11
702450,20260410,M101145,20260112,CH102,毛玉ケアパウダー 180回分,1,1650,11
702451,20260417,M101145,20260112,CT106,耳そうじシート 40枚,1,9800,11
702452,20260511,M101145,20260112,CT102,肉球バーム 10g,2,13600,11
702453,20251127,M101146,20251107,CS103,またたびスティック 30本,1,3800,11
702453,20251127,M101146,20251107,CS104,減塩にぼし 500g,1,1280,11
702454,20260108,M101146,20251107,CT106,耳そうじシート 40枚,2,19600,11
702455,20250102,M101147,20241214,CE102,しつけ教室チケット S,1,6800,11
702456,20250128,M101147,20241214,CH102,毛玉ケアパウダー 180回分,2,3300,11
702457,20250429,M101147,20241214,CS101,かつおチップス 200g,1,12000,11
702458,20250607,M101147,20241214,CS101,かつおチップス 200g,1,12000,09
702458,20250607,M101147,20241214,CT102,肉球バーム 10g,1,6800,09
702459,20250623,M101147,20241214,CT104,もこもこ泡シャンプー 300ml,1,9800,11
702460,20250115,M101148,20250103,CT106,耳そうじシート 40枚,1,9800,11
702460,20250115,M101148,20250103,CF102,総合栄養食 まぐろ 100g,3,2940,11
702460,20250115,M101148,20250103,CS101,かつおチップス 200g,1,12000,11
702461,20250208,M101148,20250103,CH102,毛玉ケアパウダー 180回分,1,1650,11
702461,20250208,M101148,20250103,CE105,年間メンバーパス,1,4980,11
702461,20250208,M101148,20250103,CT108,毛玉ケアジェル 60g,1,980,11
702462,20240215,M101149,20240209,CT104,もこもこ泡シャンプー 300ml,2,19600,11
702462,20240215,M101149,20240209,CT106,耳そうじシート 40枚,1,9800,11
702462,20240215,M101149,20240209,CS104,減塩にぼし 500g,1,1280,11
702462,20240215,M101149,20240209,CH102,毛玉ケアパウダー 180回分,1,1650,11
702463,20240401,M101149,20240209,CS104,減塩にぼし 500g,1,1280,11
702463,20240401,M101149,20240209,CF102,総合栄養食 まぐろ 100g,1,980,11
702464,20240722,M101149,20240209,CS101,かつおチップス 200g,1,12000,11
702465,20240905,M101149,20240209,CT106,耳そうじシート 40枚,2,19600,11
702465,20240905,M101149,20240209,CT108,毛玉ケアジェル 60g,2,1960,11
702466,20250216,M101149,20240209,CT101,肉球バーム 100g,1,1650,11
702466,20250216,M101149,20240209,CT104,もこもこ泡シャンプー 300ml,1,9800,11
702466,20250216,M101149,20240209,CS104,減塩にぼし 500g,1,1280,11
702467,20250315,M101149,20240209,CS104,減塩にぼし 500g,1,1280,11
702468,20250201,M101150,20250129,CS104,減塩にぼし 500g,3,3840,09
702468,20250201,M101150,20250129,CT108,毛玉ケアジェル 60g,1,980,09
702469,20240904,M101151,20240816,CT106,耳そうじシート 40枚,1,9800,11
702470,20241219,M101151,20240816,CT106,耳そうじシート 40枚,1,9800,09
702470,20241219,M101151,20240816,CT102,肉球バーム 10g,1,6800,09
702471,20250513,M101152,20250511,CT106,耳そうじシート 40枚,1,9800,11
702471,20250513,M101152,20250511,CT102,肉球バーム 10g,1,6800,11
702472,20240723,M101153,20240721,CS102,ささみチップス 200g,1,4980,11
702473,20251022,M101154,20251007,CS101,かつおチップス 200g,1,12000,11
702474,20260203,M101155,20260118,CS101,かつおチップス 200g,1,12000,11
702475,20260405,M101155,20260118,CH102,毛玉ケアパウダー 180回分,1,1650,11
702476,20260602,M101155,20260118,CS101,かつおチップス 200g,1,12000,11
702476,20260602,M101155,20260118,CT103,被毛ケアローション 190ml,1,1650,11
702477,20251029,M101156,20251015,CS103,またたびスティック 30本,1,3800,11
702478,20240415,M101157,20240328,CE105,年間メンバーパス,2,9960,11
702479,20240501,M101157,20240328,CT104,もこもこ泡シャンプー 300ml,1,9800,11
702479,20240501,M101157,20240328,CH102,毛玉ケアパウダー 180回分,1,1650,11
702479,20240501,M101157,20240328,CF103,陶器のごはん皿 S,1,1650,11
702480,20250113,M101158,20241221,CS104,減塩にぼし 500g,1,1280,11
702480,20250113,M101158,20241221,CT104,もこもこ泡シャンプー 300ml,1,9800,11
702481,20250122,M101158,20241221,CT103,被毛ケアローション 190ml,1,1650,11
702482,20250212,M101158,20241221,CS103,またたびスティック 30本,1,3800,11
702483,20240407,M101159,20240320,CT102,肉球バーム 10g,1,6800,11
702483,20240407,M101159,20240320,CT106,耳そうじシート 40枚,1,9800,11
702484,20240626,M101159,20240320,CT104,もこもこ泡シャンプー 300ml,1,9800,11
702485,20241007,M101159,20240320,CF102,総合栄養食 まぐろ 100g,1,980,11
702486,20241213,M101159,20240320,CS104,減塩にぼし 500g,1,1280,11
702486,20241213,M101159,20240320,CS101,かつおチップス 200g,1,12000,11
702487,20240222,M101160,20240204,CT102,肉球バーム 10g,1,6800,11
702487,20240222,M101160,20240204,CS101,かつおチップス 200g,1,12000,11
702488,20240427,M101160,20240204,CT106,耳そうじシート 40枚,1,9800,11
702489,20240504,M101160,20240204,CT102,肉球バーム 10g,1,6800,11
702490,20240516,M101161,20240502,CT106,耳そうじシート 40枚,1,9800,11
702491,20250528,M101162,20250523,CE105,年間メンバーパス,1,4980,11
702492,20250726,M101162,20250523,CS104,減塩にぼし 500g,1,1280,11
702492,20250726,M101162,20250523,CT104,もこもこ泡シャンプー 300ml,3,29400,11
702493,20250929,M101162,20250523,CS104,減塩にぼし 500g,1,1280,11
702494,20240104,M101163,20231126,CT106,耳そうじシート 40枚,2,19600,11
702494,20240104,M101163,20231126,CS104,減塩にぼし 500g,2,2560,11
702494,20240104,M101163,20231126,CE105,年間メンバーパス,1,4980,11
702495,20250607,M101164,20250513,CT106,耳そうじシート 40枚,1,9800,14
702496,20250802,M101164,20250513,CT102,肉球バーム 10g,2,13600,11
702496,20250802,M101164,20250513,CT106,耳そうじシート 40枚,2,19600,11
702497,20250818,M101164,20250513,CF101,総合栄養食 まぐろ 500g,1,12000,11
702498,20240101,M101165,20170629,CS103,またたびスティック 30本,1,3800,11
702498,20240101,M101165,20170629,CF104,給水器フィルター,1,1280,11
702498,20240101,M101165,20170629,CS101,かつおチップス 200g,1,12000,11
702498,20240101,M101165,20170629,CT106,耳そうじシート 40枚,3,29400,11
702499,20240131,M101165,20170629,CE105,年間メンバーパス,2,9960,14
702499,20240131,M101165,20170629,CT104,もこもこ泡シャンプー 300ml,2,19600,14
702500,20240420,M101166,20240410,CE105,年間メンバーパス,1,4980,11
702501,20241005,M101167,20240923,CS101,かつおチップス 200g,1,12000,11
702501,20241005,M101167,20240923,CT106,耳そうじシート 40枚,2,19600,11
702502,20241206,M101168,20241202,CT108,毛玉ケアジェル 60g,1,980,11
702502,20241206,M101168,20241202,CE105,年間メンバーパス,1,4980,11
702502,20241206,M101168,20241202,CS104,減塩にぼし 500g,1,1280,11
702503,20250123,M101168,20241202,CS104,減塩にぼし 500g,1,1280,11
702503,20250123,M101168,20241202,CT102,肉球バーム 10g,1,6800,11
702503,20250123,M101168,20241202,CT106,耳そうじシート 40枚,1,9800,11
702504,20250222,M101168,20241202,CT106,耳そうじシート 40枚,1,9800,11
702505,20250619,M101169,20250525,CT104,もこもこ泡シャンプー 300ml,1,9800,11
702505,20250619,M101169,20250525,CS104,減塩にぼし 500g,1,1280,11
702505,20250619,M101169,20250525,CT102,肉球バーム 10g,1,6800,11
702506,20250903,M101170,20250825,CE105,年間メンバーパス,1,4980,11
702507,20251106,M101170,20250825,CT108,毛玉ケアジェル 60g,2,1960,11
702507,20251106,M101170,20250825,CH102,毛玉ケアパウダー 180回分,1,1650,11
702508,20251121,M101170,20250825,CT106,耳そうじシート 40枚,2,19600,11
702508,20251121,M101170,20250825,CT103,被毛ケアローション 190ml,1,1650,11
702509,20260422,M101170,20250825,CT106,耳そうじシート 40枚,1,9800,14
702509,20260422,M101170,20250825,CS104,減塩にぼし 500g,1,1280,14
702510,20260501,M101170,20250825,CT108,毛玉ケアジェル 60g,1,980,11
702511,20260527,M101171,20260516,CH102,毛玉ケアパウダー 180回分,1,1650,11
702512,20260222,M101172,20260203,CT106,耳そうじシート 40枚,1,9800,11
702512,20260222,M101172,20260203,CH101,猫用マルチビタミン 180粒,2,1960,11
702512,20260222,M101172,20260203,CS101,かつおチップス 200g,2,24000,11
702512,20260222,M101172,20260203,CE105,年間メンバーパス,1,4980,11
702513,20250107,M101173,20250106,CS104,減塩にぼし 500g,1,1280,11
702514,20231227,M101174,20180702,CE101,しつけ教室チケット A,1,2980,14
702514,20231227,M101174,20180702,CT104,もこもこ泡シャンプー 300ml,1,9800,14
702514,20231227,M101174,20180702,CS104,減塩にぼし 500g,2,2560,14
702515,20240508,M101174,20180702,CT104,もこもこ泡シャンプー 300ml,1,9800,14
702515,20240508,M101174,20180702,CT103,被毛ケアローション 190ml,1,1650,14
702516,20240731,M101174,20180702,CT106,耳そうじシート 40枚,1,9800,11
702517,20240111,M101175,20210428,CS101,かつおチップス 200g,1,12000,11
702517,20240111,M101175,20210428,CS104,減塩にぼし 500g,1,1280,11
702517,20240111,M101175,20210428,CT104,もこもこ泡シャンプー 300ml,2,19600,11
702517,20240111,M101175,20210428,CT106,耳そうじシート 40枚,1,9800,11
702518,20240527,M101175,20210428,CS105,ミルク仕立ておやつ 300g,2,1960,14
702519,20241008,M101175,20210428,CT104,もこもこ泡シャンプー 300ml,2,19600,11
702519,20241008,M101175,20210428,CF105,竹のフードスクープ,2,1960,11
702520,20241211,M101175,20210428,CS104,減塩にぼし 500g,1,1280,11
702521,20250617,M101176,20250605,CT104,もこもこ泡シャンプー 300ml,1,9800,11
702521,20250617,M101176,20250605,CT102,肉球バーム 10g,1,6800,11
702522,20250717,M101176,20250605,CT104,もこもこ泡シャンプー 300ml,1,9800,11
702523,20250914,M101176,20250605,CT102,肉球バーム 10g,1,6800,11
702523,20250914,M101176,20250605,CF103,陶器のごはん皿 S,1,1650,11
702524,20251117,M101176,20250605,CT106,耳そうじシート 40枚,1,9800,11
702525,20240614,M101177,20240604,CS104,減塩にぼし 500g,1,1280,11
702525,20240614,M101177,20240604,CF102,総合栄養食 まぐろ 100g,1,980,11
702526,20240824,M101177,20240604,CT104,もこもこ泡シャンプー 300ml,1,9800,11
702526,20240824,M101177,20240604,CH102,毛玉ケアパウダー 180回分,1,1650,11
702527,20241206,M101178,20241116,CT102,肉球バーム 10g,1,6800,11
702527,20241206,M101178,20241116,CE105,年間メンバーパス,1,4980,11
702528,20250131,M101178,20241116,CS103,またたびスティック 30本,2,7600,09
702528,20250131,M101178,20241116,CT106,耳そうじシート 40枚,1,9800,09
702529,20251125,M101178,20241116,CT106,耳そうじシート 40枚,1,9800,11
702529,20251125,M101178,20241116,CH102,毛玉ケアパウダー 180回分,1,1650,11
702529,20251125,M101178,20241116,CT102,肉球バーム 10g,1,6800,11
702529,20251125,M101178,20241116,CS105,ミルク仕立ておやつ 300g,1,980,11
702530,20251202,M101178,20241116,CT104,もこもこ泡シャンプー 300ml,1,9800,11
702531,20260121,M101178,20241116,CF102,総合栄養食 まぐろ 100g,1,980,09
702531,20260121,M101178,20241116,CS104,減塩にぼし 500g,1,1280,09
702532,20260517,M101178,20241116,CT103,被毛ケアローション 190ml,1,1650,11
702533,20240429,M101179,20240407,CT104,もこもこ泡シャンプー 300ml,1,9800,11
702534,20240511,M101179,20240407,CH102,毛玉ケアパウダー 180回分,1,1650,11
702534,20240511,M101179,20240407,CS104,減塩にぼし 500g,1,1280,11
702535,20240531,M101180,20240523,CS102,ささみチップス 200g,1,4980,11
702535,20240531,M101180,20240523,CT104,もこもこ泡シャンプー 300ml,2,19600,11
702535,20240531,M101180,20240523,CT106,耳そうじシート 40枚,1,9800,11
702536,20240610,M101180,20240523,CT104,もこもこ泡シャンプー 300ml,1,9800,11
702536,20240610,M101180,20240523,CS104,減塩にぼし 500g,1,1280,11
702537,20240903,M101180,20240523,CT106,耳そうじシート 40枚,1,9800,11
702537,20240903,M101180,20240523,CT103,被毛ケアローション 190ml,2,3300,11
702538,20241123,M101180,20240523,CE105,年間メンバーパス,1,4980,11
702539,20250216,M101180,20240523,CE105,年間メンバーパス,2,9960,11
702539,20250216,M101180,20240523,CT104,もこもこ泡シャンプー 300ml,1,9800,11
702540,20250328,M101181,20250304,CT108,毛玉ケアジェル 60g,1,980,11
702540,20250328,M101181,20250304,CF103,陶器のごはん皿 S,3,4950,11
702541,20250526,M101181,20250304,CT102,肉球バーム 10g,1,6800,11
702541,20250526,M101181,20250304,CT104,もこもこ泡シャンプー 300ml,1,9800,11
702542,20240226,M101182,20240213,CT104,もこもこ泡シャンプー 300ml,2,19600,11
702543,20240519,M101182,20240213,CT106,耳そうじシート 40枚,1,9800,11
702544,20241023,M101182,20240213,CS104,減塩にぼし 500g,1,1280,11
702544,20241023,M101182,20240213,CS101,かつおチップス 200g,3,36000,11
702545,20240106,M101183,20160316,CS104,減塩にぼし 500g,1,1280,11
702545,20240106,M101183,20160316,CT108,毛玉ケアジェル 60g,1,980,11
702545,20240106,M101183,20160316,CT102,肉球バーム 10g,1,6800,11
702546,20240601,M101183,20160316,CS101,かつおチップス 200g,1,12000,11
702547,20240717,M101183,20160316,CT105,ふわもこブラシ,1,2980,11
702547,20240717,M101183,20160316,CT106,耳そうじシート 40枚,1,9800,11
702548,20250908,M101184,20250905,CS101,かつおチップス 200g,1,12000,11
702548,20250908,M101184,20250905,CT106,耳そうじシート 40枚,1,9800,11
702548,20250908,M101184,20250905,CT104,もこもこ泡シャンプー 300ml,1,9800,11
702549,20250809,M101185,20250729,CT104,もこもこ泡シャンプー 300ml,1,9800,11
702549,20250809,M101185,20250729,CS101,かつおチップス 200g,1,12000,11
702550,20240203,M101186,20240109,CS102,ささみチップス 200g,2,9960,11
702550,20240203,M101186,20240109,CT104,もこもこ泡シャンプー 300ml,1,9800,11
702551,20260510,M101187,20260502,CT103,被毛ケアローション 190ml,1,1650,11
702552,20260619,M101187,20260502,CH102,毛玉ケアパウダー 180回分,1,1650,11
702553,20240107,M101188,20231225,CF102,総合栄養食 まぐろ 100g,1,980,11
702554,20250917,M101189,20250906,CT104,もこもこ泡シャンプー 300ml,1,9800,11
702554,20250917,M101189,20250906,CS101,かつおチップス 200g,1,12000,11
702555,20250604,M101190,20250517,CT104,もこもこ泡シャンプー 300ml,1,9800,11
702555,20250604,M101190,20250517,CT106,耳そうじシート 40枚,1,9800,11
702556,20251105,M101190,20250517,CH102,毛玉ケアパウダー 180回分,1,1650,11
702557,20260421,M101191,20260412,CS102,ささみチップス 200g,1,4980,11
702557,20260421,M101191,20260412,CE105,年間メンバーパス,1,4980,11
702557,20260421,M101191,20260412,CS101,かつおチップス 200g,2,24000,11
702558,20240103,M101192,20170316,CT106,耳そうじシート 40枚,1,9800,09
702559,20250211,M101193,20250209,CT106,耳そうじシート 40枚,1,9800,11
702559,20250211,M101193,20250209,CT103,被毛ケアローション 190ml,1,1650,11
702560,20250415,M101193,20250209,CT104,もこもこ泡シャンプー 300ml,1,9800,11
702560,20250415,M101193,20250209,CT102,肉球バーム 10g,1,6800,11
702560,20250415,M101193,20250209,CF104,給水器フィルター,1,1280,11
702561,20250825,M101193,20250209,CH102,毛玉ケアパウダー 180回分,2,3300,11
702562,20250724,M101194,20250705,CT103,被毛ケアローション 190ml,1,1650,14
702562,20250724,M101194,20250705,CE105,年間メンバーパス,1,4980,14
702563,20240708,M101195,20240615,CS103,またたびスティック 30本,1,3800,11
702563,20240708,M101195,20240615,CT106,耳そうじシート 40枚,3,29400,11
702564,20251105,M101196,20251019,CE102,しつけ教室チケット S,1,6800,11
702565,20240627,M101197,20240620,CT106,耳そうじシート 40枚,1,9800,09
702565,20240627,M101197,20240620,CT102,肉球バーム 10g,1,6800,09
702566,20240722,M101197,20240620,CE105,年間メンバーパス,1,4980,11
702567,20250316,M101198,20250314,CE105,年間メンバーパス,2,9960,11
702567,20250316,M101198,20250314,CT102,肉球バーム 10g,1,6800,11
702567,20250316,M101198,20250314,CT106,耳そうじシート 40枚,1,9800,11
702568,20250402,M101198,20250314,CT106,耳そうじシート 40枚,2,19600,11
702569,20250526,M101198,20250314,CT104,もこもこ泡シャンプー 300ml,1,9800,09
702570,20250715,M101198,20250314,CT102,肉球バーム 10g,1,6800,11
702571,20250907,M101198,20250314,CS104,減塩にぼし 500g,3,3840,11
702571,20250907,M101198,20250314,CE105,年間メンバーパス,1,4980,11
702572,20260113,M101198,20250314,CT106,耳そうじシート 40枚,1,9800,14
702573,20250613,M101199,20250610,CS104,減塩にぼし 500g,1,1280,11
702574,20260125,M101199,20250610,CT102,肉球バーム 10g,2,13600,11
702574,20260125,M101199,20250610,CT104,もこもこ泡シャンプー 300ml,1,9800,11
702575,20260207,M101199,20250610,CS104,減塩にぼし 500g,1,1280,14
702576,20260221,M101199,20250610,CT104,もこもこ泡シャンプー 300ml,1,9800,11
702576,20260221,M101199,20250610,CT106,耳そうじシート 40枚,1,9800,11
702577,20231231,M101200,20160913,CT102,肉球バーム 10g,2,13600,11
702577,20231231,M101200,20160913,CS101,かつおチップス 200g,2,24000,11
702577,20231231,M101200,20160913,CT104,もこもこ泡シャンプー 300ml,1,9800,11
702578,20240223,M101200,20160913,CT104,もこもこ泡シャンプー 300ml,1,9800,11
702579,20250119,M101201,20250108,CT106,耳そうじシート 40枚,3,29400,11
702579,20250119,M101201,20250108,CT102,肉球バーム 10g,1,6800,11
702580,20250225,M101201,20250108,CH102,毛玉ケアパウダー 180回分,3,4950,11
702581,20240527,M101202,20240503,CT102,肉球バーム 10g,1,6800,11
702581,20240527,M101202,20240503,CT104,もこもこ泡シャンプー 300ml,1,9800,11
702582,20240901,M101202,20240503,CS101,かつおチップス 200g,1,12000,11
702583,20241015,M101203,20241009,CS104,減塩にぼし 500g,2,2560,11
702583,20241015,M101203,20241009,CE103,グルーミング講座,1,3800,11
702584,20241210,M101204,20241201,CS104,減塩にぼし 500g,1,1280,11
702584,20241210,M101204,20241201,CS101,かつおチップス 200g,1,12000,11
702585,20240712,M101205,20240701,CT104,もこもこ泡シャンプー 300ml,1,9800,11
702585,20240712,M101205,20240701,CH102,毛玉ケアパウダー 180回分,1,1650,11
702586,20240811,M101205,20240701,CS104,減塩にぼし 500g,1,1280,11
702587,20260216,M101206,20260201,CE103,グルーミング講座,1,3800,11
702588,20240103,M101207,20160304,CT103,被毛ケアローション 190ml,1,1650,11
702588,20240103,M101207,20160304,CS104,減塩にぼし 500g,1,1280,11
702589,20240113,M101207,20160304,CT106,耳そうじシート 40枚,1,9800,11
702590,20240510,M101207,20160304,CT106,耳そうじシート 40枚,1,9800,11
702591,20240716,M101207,20160304,CT105,ふわもこブラシ,2,5960,11
702592,20241014,M101207,20160304,CF102,総合栄養食 まぐろ 100g,1,980,11
702592,20241014,M101207,20160304,CT104,もこもこ泡シャンプー 300ml,1,9800,11
702593,20231222,M101208,20191129,CE102,しつけ教室チケット S,1,6800,14
702593,20231222,M101208,20191129,CS101,かつおチップス 200g,1,12000,14
702593,20231222,M101208,20191129,CT104,もこもこ泡シャンプー 300ml,1,9800,14
702593,20231222,M101208,20191129,CT108,毛玉ケアジェル 60g,2,1960,14
702594,20240321,M101208,20191129,CE103,グルーミング講座,1,3800,11
702594,20240321,M101208,20191129,CT103,被毛ケアローション 190ml,2,3300,11
702594,20240321,M101208,20191129,CT104,もこもこ泡シャンプー 300ml,1,9800,11
702594,20240321,M101208,20191129,CS104,減塩にぼし 500g,3,3840,11
702595,20240605,M101208,20191129,CS103,またたびスティック 30本,1,3800,11
702595,20240605,M101208,20191129,CS101,かつおチップス 200g,1,12000,11
702596,20240818,M101208,20191129,CS101,かつおチップス 200g,1,12000,11
702596,20240818,M101208,20191129,CE105,年間メンバーパス,1,4980,11
702597,20241012,M101208,20191129,CT106,耳そうじシート 40枚,1,9800,11
702598,20250113,M101208,20191129,CS104,減塩にぼし 500g,2,2560,11
702598,20250113,M101208,20191129,CT106,耳そうじシート 40枚,1,9800,11
702599,20251129,M101208,20191129,CT104,もこもこ泡シャンプー 300ml,1,9800,11
702599,20251129,M101208,20191129,CE105,年間メンバーパス,1,4980,11
702600,20251206,M101208,20191129,CT104,もこもこ泡シャンプー 300ml,3,29400,11
702601,20240415,M101209,20240412,CT106,耳そうじシート 40枚,1,9800,11
702601,20240415,M101209,20240412,CS104,減塩にぼし 500g,1,1280,11
702602,20240618,M101209,20240412,CS101,かつおチップス 200g,1,12000,11
702603,20260531,M101210,20260527,CT108,毛玉ケアジェル 60g,1,980,11
702603,20260531,M101210,20260527,CS103,またたびスティック 30本,2,7600,11
702604,20250802,M101211,20250710,CT102,肉球バーム 10g,1,6800,11
702605,20250811,M101211,20250710,CS101,かつおチップス 200g,1,12000,11
702605,20250811,M101211,20250710,CT104,もこもこ泡シャンプー 300ml,2,19600,11
702605,20250811,M101211,20250710,CE105,年間メンバーパス,2,9960,11
702606,20250906,M101211,20250710,CT104,もこもこ泡シャンプー 300ml,1,9800,11
702607,20260106,M101211,20250710,CT104,もこもこ泡シャンプー 300ml,1,9800,11
702608,20260208,M101211,20250710,CS101,かつおチップス 200g,1,12000,11
702608,20260208,M101211,20250710,CT106,耳そうじシート 40枚,1,9800,11
702609,20260406,M101211,20250710,CT106,耳そうじシート 40枚,1,9800,11
702610,20260430,M101211,20250710,CS103,またたびスティック 30本,1,3800,11
702610,20260430,M101211,20250710,CS101,かつおチップス 200g,1,12000,11
702610,20260430,M101211,20250710,CT104,もこもこ泡シャンプー 300ml,1,9800,11
702611,20260507,M101211,20250710,CT108,毛玉ケアジェル 60g,1,980,11
702611,20260507,M101211,20250710,CT106,耳そうじシート 40枚,1,9800,11
702612,20241223,M101212,20241201,CS104,減塩にぼし 500g,1,1280,11
702612,20241223,M101212,20241201,CS101,かつおチップス 200g,1,12000,11
702613,20250703,M101213,20250610,CT106,耳そうじシート 40枚,1,9800,11
702613,20250703,M101213,20250610,CT108,毛玉ケアジェル 60g,1,980,11
702613,20250703,M101213,20250610,CT102,肉球バーム 10g,1,6800,11
702614,20250718,M101213,20250610,CS103,またたびスティック 30本,1,3800,11
702614,20250718,M101213,20250610,CT106,耳そうじシート 40枚,1,9800,11
702615,20250926,M101213,20250610,CT106,耳そうじシート 40枚,1,9800,11
702616,20250414,M101214,20250406,CS102,ささみチップス 200g,1,4980,11
702617,20241028,M101215,20241006,CT104,もこもこ泡シャンプー 300ml,2,19600,11
702618,20240405,M101216,20240327,CE103,グルーミング講座,1,3800,11
702618,20240405,M101216,20240327,CT108,毛玉ケアジェル 60g,1,980,11
702618,20240405,M101216,20240327,CS101,かつおチップス 200g,1,12000,11
702619,20240524,M101216,20240327,CF106,フードストッカー 1L,1,3800,11
702619,20240524,M101216,20240327,CT103,被毛ケアローション 190ml,1,1650,11
702619,20240524,M101216,20240327,CE102,しつけ教室チケット S,3,20400,11
702620,20240706,M101216,20240327,CT106,耳そうじシート 40枚,1,9800,11
702621,20250116,M101216,20240327,CE102,しつけ教室チケット S,1,6800,11
702621,20250116,M101216,20240327,CH106,腸内フローラ乳酸菌 60粒,2,24000,11
702622,20250210,M101216,20240327,CS104,減塩にぼし 500g,1,1280,11
702623,20240127,M101217,20240112,CT106,耳そうじシート 40枚,1,9800,11
702623,20240127,M101217,20240112,CS101,かつおチップス 200g,1,12000,11
702624,20241005,M101217,20240112,CT104,もこもこ泡シャンプー 300ml,1,9800,11
702625,20240112,M101218,20230515,CS104,減塩にぼし 500g,1,1280,11
702626,20251006,M101219,20250925,CT104,もこもこ泡シャンプー 300ml,1,9800,11
702627,20251027,M101219,20250925,CT106,耳そうじシート 40枚,1,9800,11
702628,20260305,M101219,20250925,CE105,年間メンバーパス,1,4980,11
702629,20260606,M101219,20250925,CS104,減塩にぼし 500g,1,1280,11
702630,20240102,M101220,20220111,CS104,減塩にぼし 500g,2,2560,11
702630,20240102,M101220,20220111,CT103,被毛ケアローション 190ml,1,1650,11
702630,20240102,M101220,20220111,CS101,かつおチップス 200g,1,12000,11
702631,20240420,M101221,20240417,CS101,かつおチップス 200g,1,12000,11
702632,20231225,M101222,20180713,CS104,減塩にぼし 500g,1,1280,11
702633,20240502,M101222,20180713,CT104,もこもこ泡シャンプー 300ml,2,19600,11
702634,20241101,M101223,20241025,CS103,またたびスティック 30本,1,3800,11
702635,20241201,M101223,20241025,CT104,もこもこ泡シャンプー 300ml,1,9800,09
702636,20250410,M101223,20241025,CS105,ミルク仕立ておやつ 300g,2,1960,11
702637,20250712,M101223,20241025,CT106,耳そうじシート 40枚,2,19600,11
702637,20250712,M101223,20241025,CH106,腸内フローラ乳酸菌 60粒,1,12000,11
702638,20251028,M101223,20241025,CT106,耳そうじシート 40枚,1,9800,11
702638,20251028,M101223,20241025,CF102,総合栄養食 まぐろ 100g,1,980,11
702639,20251225,M101223,20241025,CS103,またたびスティック 30本,1,3800,09
702639,20251225,M101223,20241025,CH102,毛玉ケアパウダー 180回分,1,1650,09
702639,20251225,M101223,20241025,CS101,かつおチップス 200g,2,24000,09
702640,20260209,M101223,20241025,CT106,耳そうじシート 40枚,1,9800,11
702641,20260612,M101223,20241025,CS104,減塩にぼし 500g,1,1280,11
702642,20240812,M101224,20240803,CT106,耳そうじシート 40枚,2,19600,14
702643,20241015,M101224,20240803,CS102,ささみチップス 200g,1,4980,11
702643,20241015,M101224,20240803,CE105,年間メンバーパス,2,9960,11
702644,20241030,M101224,20240803,CS103,またたびスティック 30本,1,3800,11
702644,20241030,M101224,20240803,CE105,年間メンバーパス,1,4980,11
702645,20250609,M101225,20250522,CT108,毛玉ケアジェル 60g,1,980,11
702646,20260528,M101226,20260504,CT106,耳そうじシート 40枚,1,9800,11
702646,20260528,M101226,20260504,CS101,かつおチップス 200g,1,12000,11
702647,20240914,M101227,20240820,CT102,肉球バーム 10g,1,6800,14
702647,20240914,M101227,20240820,CT108,毛玉ケアジェル 60g,1,980,14
702648,20241118,M101228,20241110,CS104,減塩にぼし 500g,1,1280,11
702649,20250130,M101228,20241110,CT106,耳そうじシート 40枚,1,9800,11
702650,20260511,M101229,20260421,CT102,肉球バーム 10g,2,13600,11
702650,20260511,M101229,20260421,CE105,年間メンバーパス,1,4980,11
702651,20260313,M101230,20260225,CT106,耳そうじシート 40枚,1,9800,11
702652,20251012,M101231,20251009,CS104,減塩にぼし 500g,1,1280,11
702653,20240121,M101232,20240114,CT106,耳そうじシート 40枚,1,9800,11
702653,20240121,M101232,20240114,CT102,肉球バーム 10g,2,13600,11
702654,20240615,M101232,20240114,CS104,減塩にぼし 500g,1,1280,11
702654,20240615,M101232,20240114,CF102,総合栄養食 まぐろ 100g,1,980,11
702654,20240615,M101232,20240114,CT104,もこもこ泡シャンプー 300ml,2,19600,11
702654,20240615,M101232,20240114,CE105,年間メンバーパス,1,4980,11
702655,20260426,M101233,20260415,CT102,肉球バーム 10g,2,13600,11
702656,20260529,M101233,20260415,CF102,総合栄養食 まぐろ 100g,1,980,11
702657,20240813,M101234,20240809,CT106,耳そうじシート 40枚,1,9800,11
702658,20241019,M101234,20240809,CS101,かつおチップス 200g,3,36000,11
702658,20241019,M101234,20240809,CT104,もこもこ泡シャンプー 300ml,1,9800,11
702659,20241126,M101234,20240809,CT103,被毛ケアローション 190ml,1,1650,11
702660,20240115,M101235,20230627,CF102,総合栄養食 まぐろ 100g,1,980,11
702660,20240115,M101235,20230627,CT106,耳そうじシート 40枚,1,9800,11
702660,20240115,M101235,20230627,CT102,肉球バーム 10g,1,6800,11
702661,20231222,M101236,20211115,CS104,減塩にぼし 500g,1,1280,11
702661,20231222,M101236,20211115,CE105,年間メンバーパス,1,4980,11
702661,20231222,M101236,20211115,CT106,耳そうじシート 40枚,2,19600,11
702662,20251109,M101237,20251025,CS101,かつおチップス 200g,1,12000,11
702663,20251123,M101237,20251025,CT104,もこもこ泡シャンプー 300ml,1,9800,09
702664,20251228,M101237,20251025,CT103,被毛ケアローション 190ml,1,1650,11
702665,20240121,M101238,20240111,CH102,毛玉ケアパウダー 180回分,3,4950,11
702666,20240210,M101238,20240111,CT106,耳そうじシート 40枚,2,19600,11
702666,20240210,M101238,20240111,CT103,被毛ケアローション 190ml,1,1650,11
702667,20240420,M101238,20240111,CT106,耳そうじシート 40枚,1,9800,14
702668,20250828,M101239,20250825,CS104,減塩にぼし 500g,1,1280,11
702668,20250828,M101239,20250825,CT104,もこもこ泡シャンプー 300ml,1,9800,11
702668,20250828,M101239,20250825,CT103,被毛ケアローション 190ml,1,1650,11
702669,20260205,M101239,20250825,CS101,かつおチップス 200g,1,12000,11
702670,20260221,M101239,20250825,CS103,またたびスティック 30本,1,3800,11
702670,20260221,M101239,20250825,CS104,減塩にぼし 500g,1,1280,11
702670,20260221,M101239,20250825,CF101,総合栄養食 まぐろ 500g,1,12000,11
702671,20260228,M101239,20250825,CT102,肉球バーム 10g,1,6800,11
702672,20260317,M101239,20250825,CT102,肉球バーム 10g,1,6800,11
702672,20260317,M101239,20250825,CS101,かつおチップス 200g,1,12000,11
702673,20260419,M101239,20250825,CT106,耳そうじシート 40枚,1,9800,11
702673,20260419,M101239,20250825,CT102,肉球バーム 10g,1,6800,11
702674,20250502,M101240,20250409,CT108,毛玉ケアジェル 60g,1,980,11
702675,20240630,M101241,20240625,CT106,耳そうじシート 40枚,1,9800,11
702675,20240630,M101241,20240625,CH106,腸内フローラ乳酸菌 60粒,1,12000,11
702676,20260315,M101242,20260301,CT106,耳そうじシート 40枚,1,9800,11
702676,20260315,M101242,20260301,CS104,減塩にぼし 500g,2,2560,11
702677,20241202,M101243,20241118,CT104,もこもこ泡シャンプー 300ml,2,19600,11
702678,20251204,M101244,20251130,CT106,耳そうじシート 40枚,2,19600,11
702678,20251204,M101244,20251130,CS102,ささみチップス 200g,2,9960,11
702679,20260428,M101244,20251130,CT106,耳そうじシート 40枚,1,9800,11
702680,20240123,M101245,20240114,CS104,減塩にぼし 500g,1,1280,11
702681,20240311,M101245,20240114,CT106,耳そうじシート 40枚,2,19600,11
702681,20240311,M101245,20240114,CS104,減塩にぼし 500g,1,1280,11
702682,20240425,M101245,20240114,CT106,耳そうじシート 40枚,1,9800,11
702683,20240616,M101245,20240114,CS104,減塩にぼし 500g,1,1280,11
702684,20240914,M101245,20240114,CH102,毛玉ケアパウダー 180回分,2,3300,11
702684,20240914,M101245,20240114,CT106,耳そうじシート 40枚,1,9800,11
702685,20241022,M101245,20240114,CT106,耳そうじシート 40枚,1,9800,11
702685,20241022,M101245,20240114,CT102,肉球バーム 10g,1,6800,11
702685,20241022,M101245,20240114,CE101,しつけ教室チケット A,1,2980,11
702686,20241128,M101245,20240114,CS104,減塩にぼし 500g,1,1280,11
702687,20241212,M101245,20240114,CH102,毛玉ケアパウダー 180回分,1,1650,11
702687,20241212,M101245,20240114,CT104,もこもこ泡シャンプー 300ml,1,9800,11
702688,20231222,M101246,20190825,CS101,かつおチップス 200g,1,12000,11
702688,20231222,M101246,20190825,CT102,肉球バーム 10g,1,6800,11
702689,20250405,M101247,20250313,CT104,もこもこ泡シャンプー 300ml,2,19600,11
702689,20250405,M101247,20250313,CH102,毛玉ケアパウダー 180回分,1,1650,11
702689,20250405,M101247,20250313,CS101,かつおチップス 200g,1,12000,11
702690,20240301,M101248,20240208,CT106,耳そうじシート 40枚,1,9800,09
702691,20240516,M101248,20240208,CT108,毛玉ケアジェル 60g,1,980,11
702691,20240516,M101248,20240208,CT104,もこもこ泡シャンプー 300ml,1,9800,11
702692,20231227,M101249,20200402,CT102,肉球バーム 10g,1,6800,11
702692,20231227,M101249,20200402,CH102,毛玉ケアパウダー 180回分,1,1650,11
702693,20240413,M101249,20200402,CT106,耳そうじシート 40枚,1,9800,11
702693,20240413,M101249,20200402,CT103,被毛ケアローション 190ml,1,1650,11
702694,20240710,M101249,20200402,CT104,もこもこ泡シャンプー 300ml,1,9800,09
702695,20240731,M101249,20200402,CT106,耳そうじシート 40枚,1,9800,11
702696,20240420,M101250,20240409,CS101,かつおチップス 200g,1,12000,11
702696,20240420,M101250,20240409,CT103,被毛ケアローション 190ml,1,1650,11
702696,20240420,M101250,20240409,CT104,もこもこ泡シャンプー 300ml,3,29400,11
702697,20250927,M101251,20250902,CS101,かつおチップス 200g,2,24000,11
702698,20251019,M101251,20250902,CT104,もこもこ泡シャンプー 300ml,1,9800,11
702698,20251019,M101251,20250902,CT102,肉球バーム 10g,2,13600,11
702699,20260225,M101251,20250902,CT103,被毛ケアローション 190ml,2,3300,11
702699,20260225,M101251,20250902,CS101,かつおチップス 200g,1,12000,11
702700,20260329,M101251,20250902,CT102,肉球バーム 10g,1,6800,11
702701,20260101,M101252,20251207,CS103,またたびスティック 30本,2,7600,11
702701,20260101,M101252,20251207,CT106,耳そうじシート 40枚,1,9800,11
702702,20240828,M101253,20240809,CT103,被毛ケアローション 190ml,1,1650,11
702703,20241011,M101253,20240809,CS104,減塩にぼし 500g,3,3840,11
702704,20240329,M101254,20240318,CE102,しつけ教室チケット S,1,6800,11
702705,20240407,M101254,20240318,CT106,耳そうじシート 40枚,1,9800,11
702706,20240924,M101254,20240318,CS103,またたびスティック 30本,1,3800,11
702706,20240924,M101254,20240318,CT104,もこもこ泡シャンプー 300ml,1,9800,11
702707,20251018,M101255,20250927,CS101,かつおチップス 200g,1,12000,11
702708,20251124,M101255,20250927,CF103,陶器のごはん皿 S,1,1650,11
702709,20260211,M101256,20260122,CT102,肉球バーム 10g,1,6800,11
702709,20260211,M101256,20260122,CT108,毛玉ケアジェル 60g,1,980,11
702710,20240109,M101257,20230511,CH106,腸内フローラ乳酸菌 60粒,1,12000,11
702711,20231226,M101258,20220928,CT108,毛玉ケアジェル 60g,1,980,11
702711,20231226,M101258,20220928,CT102,肉球バーム 10g,2,13600,11
702712,20240622,M101258,20220928,CS103,またたびスティック 30本,1,3800,11
702713,20240718,M101258,20220928,CS101,かつおチップス 200g,1,12000,11
702713,20240718,M101258,20220928,CT106,耳そうじシート 40枚,1,9800,11
702713,20240718,M101258,20220928,CE104,オンライン相談パス,2,4400,11
702713,20240718,M101258,20220928,CE101,しつけ教室チケット A,1,2980,11
702714,20251123,M101259,20251101,CE105,年間メンバーパス,2,9960,11
702714,20251123,M101259,20251101,CT106,耳そうじシート 40枚,1,9800,11
702714,20251123,M101259,20251101,CS101,かつおチップス 200g,2,24000,11
702715,20260119,M101259,20251101,CE105,年間メンバーパス,2,9960,11
702715,20260119,M101259,20251101,CT102,肉球バーム 10g,1,6800,11
702715,20260119,M101259,20251101,CS101,かつおチップス 200g,1,12000,11
702716,20260206,M101259,20251101,CS101,かつおチップス 200g,1,12000,11
702716,20260206,M101259,20251101,CT104,もこもこ泡シャンプー 300ml,1,9800,11
702717,20240110,M101260,20160405,CF102,総合栄養食 まぐろ 100g,2,1960,11
702718,20240406,M101260,20160405,CS104,減塩にぼし 500g,1,1280,11
702718,20240406,M101260,20160405,CT106,耳そうじシート 40枚,1,9800,11
702719,20240629,M101261,20240609,CT106,耳そうじシート 40枚,1,9800,11
702720,20240714,M101261,20240609,CS104,減塩にぼし 500g,1,1280,11
702720,20240714,M101261,20240609,CH102,毛玉ケアパウダー 180回分,1,1650,11
702720,20240714,M101261,20240609,CS101,かつおチップス 200g,1,12000,11
702720,20240714,M101261,20240609,CT106,耳そうじシート 40枚,1,9800,11
702721,20240727,M101261,20240609,CT108,毛玉ケアジェル 60g,1,980,11
702721,20240727,M101261,20240609,CT104,もこもこ泡シャンプー 300ml,1,9800,11
702721,20240727,M101261,20240609,CT106,耳そうじシート 40枚,1,9800,11
702722,20241019,M101261,20240609,CS101,かつおチップス 200g,2,24000,11
702723,20240928,M101262,20240904,CT104,もこもこ泡シャンプー 300ml,3,29400,11
702723,20240928,M101262,20240904,CT107,デンタルジェル 50ml,1,1650,11
702723,20240928,M101262,20240904,CS101,かつおチップス 200g,1,12000,11
702723,20240928,M101262,20240904,CS103,またたびスティック 30本,1,3800,11
702724,20250408,M101262,20240904,CT103,被毛ケアローション 190ml,1,1650,11
702725,20250425,M101262,20240904,CT106,耳そうじシート 40枚,2,19600,11
702726,20250803,M101262,20240904,CS103,またたびスティック 30本,1,3800,11
702727,20241206,M101263,20241125,CT106,耳そうじシート 40枚,1,9800,11
702728,20240916,M101264,20240909,CT104,もこもこ泡シャンプー 300ml,1,9800,11
702729,20260528,M101265,20260504,CS104,減塩にぼし 500g,3,3840,09
702730,20260330,M101266,20260308,CT104,もこもこ泡シャンプー 300ml,1,9800,11
702730,20260330,M101266,20260308,CS101,かつおチップス 200g,2,24000,11
702731,20250416,M101267,20250404,CF102,総合栄養食 まぐろ 100g,1,980,11
702732,20250801,M101267,20250404,CS101,かつおチップス 200g,2,24000,11
702733,20250809,M101267,20250404,CT104,もこもこ泡シャンプー 300ml,1,9800,11
702734,20260123,M101267,20250404,CT103,被毛ケアローション 190ml,1,1650,11
702735,20240727,M101268,20240709,CT104,もこもこ泡シャンプー 300ml,1,9800,11
702736,20250623,M101269,20250530,CT103,被毛ケアローション 190ml,1,1650,14
702737,20250730,M101270,20250724,CS101,かつおチップス 200g,1,12000,11
702737,20250730,M101270,20250724,CT104,もこもこ泡シャンプー 300ml,1,9800,11
702737,20250730,M101270,20250724,CS104,減塩にぼし 500g,1,1280,11
702737,20250730,M101270,20250724,CT108,毛玉ケアジェル 60g,1,980,11
702738,20240617,M101271,20240524,CT104,もこもこ泡シャンプー 300ml,1,9800,11
702739,20240629,M101271,20240524,CE105,年間メンバーパス,1,4980,11
702739,20240629,M101271,20240524,CF101,総合栄養食 まぐろ 500g,1,12000,11
702740,20251108,M101272,20251021,CT106,耳そうじシート 40枚,1,9800,11
702740,20251108,M101272,20251021,CT102,肉球バーム 10g,1,6800,11
702741,20251211,M101272,20251021,CF106,フードストッカー 1L,1,3800,11
702741,20251211,M101272,20251021,CS101,かつおチップス 200g,3,36000,11
702742,20251218,M101272,20251021,CT106,耳そうじシート 40枚,1,9800,11
702742,20251218,M101272,20251021,CE105,年間メンバーパス,1,4980,11
702742,20251218,M101272,20251021,CT108,毛玉ケアジェル 60g,1,980,11
702742,20251218,M101272,20251021,CT104,もこもこ泡シャンプー 300ml,1,9800,11
702743,20260102,M101272,20251021,CT108,毛玉ケアジェル 60g,1,980,11
702744,20240111,M101273,20220313,CT103,被毛ケアローション 190ml,1,1650,11
702745,20240412,M101273,20220313,CT102,肉球バーム 10g,1,6800,11
702745,20240412,M101273,20220313,CT108,毛玉ケアジェル 60g,1,980,11
702746,20240425,M101273,20220313,CT102,肉球バーム 10g,1,6800,11
702746,20240425,M101273,20220313,CT106,耳そうじシート 40枚,1,9800,11
702747,20260202,M101274,20260110,CT104,もこもこ泡シャンプー 300ml,1,9800,09
702748,20260518,M101274,20260110,CT106,耳そうじシート 40枚,1,9800,11
702748,20260518,M101274,20260110,CT108,毛玉ケアジェル 60g,1,980,11
702748,20260518,M101274,20260110,CS101,かつおチップス 200g,1,12000,11
702749,20260526,M101274,20260110,CF101,総合栄養食 まぐろ 500g,2,24000,11
702750,20260318,M101275,20260223,CE105,年間メンバーパス,1,4980,09
702751,20260531,M101275,20260223,CS104,減塩にぼし 500g,1,1280,11
702751,20260531,M101275,20260223,CS101,かつおチップス 200g,1,12000,11
702752,20250903,M101276,20250831,CT102,肉球バーム 10g,2,13600,11
702752,20250903,M101276,20250831,CE105,年間メンバーパス,1,4980,11
702753,20251010,M101276,20250831,CT106,耳そうじシート 40枚,1,9800,11
702754,20240112,M101277,20230725,CT102,肉球バーム 10g,3,20400,11
702754,20240112,M101277,20230725,CT104,もこもこ泡シャンプー 300ml,2,19600,11
702754,20240112,M101277,20230725,CE105,年間メンバーパス,1,4980,11
702755,20240213,M101277,20230725,CF102,総合栄養食 まぐろ 100g,1,980,11
702755,20240213,M101277,20230725,CT106,耳そうじシート 40枚,2,19600,11
702756,20240317,M101278,20240313,CT104,もこもこ泡シャンプー 300ml,2,19600,11
702756,20240317,M101278,20240313,CE105,年間メンバーパス,1,4980,11
702757,20240331,M101278,20240313,CS103,またたびスティック 30本,1,3800,11
702758,20240409,M101278,20240313,CT108,毛玉ケアジェル 60g,3,2940,11
702759,20240505,M101278,20240313,CH102,毛玉ケアパウダー 180回分,1,1650,11
702759,20240505,M101278,20240313,CE102,しつけ教室チケット S,1,6800,11
702760,20240529,M101278,20240313,CT104,もこもこ泡シャンプー 300ml,1,9800,11
702761,20260128,M101279,20260121,CS101,かつおチップス 200g,1,12000,11
702761,20260128,M101279,20260121,CT108,毛玉ケアジェル 60g,1,980,11
702762,20240301,M101280,20240212,CT106,耳そうじシート 40枚,1,9800,11
702762,20240301,M101280,20240212,CT105,ふわもこブラシ,1,2980,11
702762,20240301,M101280,20240212,CE105,年間メンバーパス,1,4980,11
702763,20240414,M101280,20240212,CT108,毛玉ケアジェル 60g,1,980,11
702764,20241028,M101280,20240212,CT102,肉球バーム 10g,1,6800,11
702765,20250217,M101280,20240212,CE103,グルーミング講座,1,3800,11
702766,20240112,M101281,20160309,CT106,耳そうじシート 40枚,1,9800,11
702766,20240112,M101281,20160309,CF102,総合栄養食 まぐろ 100g,1,980,11
702767,20240622,M101281,20160309,CT103,被毛ケアローション 190ml,1,1650,11
702768,20240909,M101281,20160309,CE105,年間メンバーパス,1,4980,14
702769,20241012,M101281,20160309,CT106,耳そうじシート 40枚,1,9800,11
702770,20241102,M101281,20160309,CT103,被毛ケアローション 190ml,2,3300,11
702771,20241120,M101281,20160309,CT104,もこもこ泡シャンプー 300ml,2,19600,11
702771,20241120,M101281,20160309,CT106,耳そうじシート 40枚,1,9800,11
702771,20241120,M101281,20160309,CS104,減塩にぼし 500g,1,1280,11
702772,20250525,M101281,20160309,CS104,減塩にぼし 500g,1,1280,11
702772,20250525,M101281,20160309,CH102,毛玉ケアパウダー 180回分,2,3300,11
702773,20250720,M101281,20160309,CE103,グルーミング講座,2,7600,11
702774,20240228,M101282,20240214,CF101,総合栄養食 まぐろ 500g,1,12000,11
702775,20250802,M101283,20250724,CF102,総合栄養食 まぐろ 100g,1,980,11
702776,20250918,M101283,20250724,CT106,耳そうじシート 40枚,1,9800,11
702777,20250814,M101284,20250806,CT104,もこもこ泡シャンプー 300ml,1,9800,11
702778,20250828,M101284,20250806,CT102,肉球バーム 10g,1,6800,11
702778,20250828,M101284,20250806,CT106,耳そうじシート 40枚,1,9800,11
702779,20251130,M101284,20250806,CS101,かつおチップス 200g,1,12000,11
702779,20251130,M101284,20250806,CH106,腸内フローラ乳酸菌 60粒,1,12000,11
702779,20251130,M101284,20250806,CT102,肉球バーム 10g,1,6800,11
702779,20251130,M101284,20250806,CS105,ミルク仕立ておやつ 300g,1,980,11
702780,20251231,M101284,20250806,CT106,耳そうじシート 40枚,3,29400,11
702780,20251231,M101284,20250806,CT104,もこもこ泡シャンプー 300ml,1,9800,11
702781,20260418,M101284,20250806,CH102,毛玉ケアパウダー 180回分,1,1650,11
702782,20250309,M101285,20250303,CT102,肉球バーム 10g,1,6800,11
702782,20250309,M101285,20250303,CF101,総合栄養食 まぐろ 500g,1,12000,11
702783,20251116,M101286,20251111,CS101,かつおチップス 200g,1,12000,14
702784,20240114,M101287,20190815,CT106,耳そうじシート 40枚,1,9800,11
702785,20250531,M101288,20250516,CS101,かつおチップス 200g,1,12000,11
702786,20250711,M101288,20250516,CF102,総合栄養食 まぐろ 100g,2,1960,11
702786,20250711,M101288,20250516,CT108,毛玉ケアジェル 60g,2,1960,11
702787,20251118,M101288,20250516,CT106,耳そうじシート 40枚,2,19600,11
702788,20251226,M101288,20250516,CS104,減塩にぼし 500g,1,1280,11
702788,20251226,M101288,20250516,CT108,毛玉ケアジェル 60g,1,980,11
702788,20251226,M101288,20250516,CT106,耳そうじシート 40枚,1,9800,11
702789,20260125,M101288,20250516,CS104,減塩にぼし 500g,2,2560,11
702789,20260125,M101288,20250516,CE103,グルーミング講座,1,3800,11
702790,20260202,M101288,20250516,CT104,もこもこ泡シャンプー 300ml,1,9800,11
702791,20260514,M101288,20250516,CT104,もこもこ泡シャンプー 300ml,1,9800,11
702791,20260514,M101288,20250516,CS105,ミルク仕立ておやつ 300g,1,980,11
702792,20260525,M101288,20250516,CT104,もこもこ泡シャンプー 300ml,2,19600,11
702793,20251008,M101289,20251006,CT106,耳そうじシート 40枚,1,9800,11
702794,20250531,M101290,20250506,CT106,耳そうじシート 40枚,1,9800,11
702794,20250531,M101290,20250506,CE103,グルーミング講座,1,3800,11
702795,20251006,M101290,20250506,CE102,しつけ教室チケット S,1,6800,11
702795,20251006,M101290,20250506,CS104,減塩にぼし 500g,2,2560,11
702795,20251006,M101290,20250506,CS101,かつおチップス 200g,1,12000,11
702795,20251006,M101290,20250506,CT104,もこもこ泡シャンプー 300ml,1,9800,11
702796,20251016,M101290,20250506,CT104,もこもこ泡シャンプー 300ml,1,9800,11
702796,20251016,M101290,20250506,CS103,またたびスティック 30本,1,3800,11
702797,20251130,M101290,20250506,CS101,かつおチップス 200g,2,24000,11
702797,20251130,M101290,20250506,CT106,耳そうじシート 40枚,1,9800,11
702798,20260512,M101290,20250506,CT106,耳そうじシート 40枚,1,9800,14
702798,20260512,M101290,20250506,CS105,ミルク仕立ておやつ 300g,1,980,14
702798,20260512,M101290,20250506,CS104,減塩にぼし 500g,1,1280,14
702799,20260618,M101290,20250506,CT102,肉球バーム 10g,1,6800,11
702799,20260618,M101290,20250506,CT103,被毛ケアローション 190ml,1,1650,11
702799,20260618,M101290,20250506,CT104,もこもこ泡シャンプー 300ml,1,9800,11
702800,20260205,M101291,20260204,CE105,年間メンバーパス,1,4980,11
702801,20240331,M101292,20240307,CT106,耳そうじシート 40枚,1,9800,11
702801,20240331,M101292,20240307,CS101,かつおチップス 200g,1,12000,11
702802,20260124,M101293,20260105,CT104,もこもこ泡シャンプー 300ml,3,29400,11
702802,20260124,M101293,20260105,CT106,耳そうじシート 40枚,1,9800,11
702802,20260124,M101293,20260105,CT102,肉球バーム 10g,2,13600,11
702803,20260215,M101293,20260105,CT104,もこもこ泡シャンプー 300ml,1,9800,11
702803,20260215,M101293,20260105,CF103,陶器のごはん皿 S,2,3300,11
702804,20250109,M101294,20250105,CT102,肉球バーム 10g,1,6800,11
702804,20250109,M101294,20250105,CE105,年間メンバーパス,1,4980,11
702804,20250109,M101294,20250105,CT103,被毛ケアローション 190ml,1,1650,11
702804,20250109,M101294,20250105,CS102,ささみチップス 200g,3,14940,11
702805,20250210,M101294,20250105,CT102,肉球バーム 10g,2,13600,11
702806,20250920,M101294,20250105,CS104,減塩にぼし 500g,1,1280,11
702807,20231229,M101295,20161219,CT106,耳そうじシート 40枚,1,9800,11
702808,20240404,M101295,20161219,CT108,毛玉ケアジェル 60g,1,980,11
702809,20231221,M101296,20180919,CT106,耳そうじシート 40枚,1,9800,11
702810,20240323,M101297,20240229,CT102,肉球バーム 10g,3,20400,11
702811,20240406,M101297,20240229,CT106,耳そうじシート 40枚,1,9800,11
702812,20240503,M101297,20240229,CT106,耳そうじシート 40枚,1,9800,11
702812,20240503,M101297,20240229,CF102,総合栄養食 まぐろ 100g,1,980,11
702812,20240503,M101297,20240229,CT108,毛玉ケアジェル 60g,1,980,11
702813,20240728,M101297,20240229,CT104,もこもこ泡シャンプー 300ml,1,9800,11
702814,20240926,M101297,20240229,CS101,かつおチップス 200g,1,12000,11
702815,20241105,M101297,20240229,CT104,もこもこ泡シャンプー 300ml,1,9800,11
702815,20241105,M101297,20240229,CS101,かつおチップス 200g,1,12000,11
702815,20241105,M101297,20240229,CT106,耳そうじシート 40枚,1,9800,11
702816,20250110,M101297,20240229,CT104,もこもこ泡シャンプー 300ml,1,9800,11
702817,20250117,M101297,20240229,CT103,被毛ケアローション 190ml,1,1650,11
702818,20240524,M101298,20240515,CT104,もこもこ泡シャンプー 300ml,1,9800,11
702819,20250623,M101299,20250614,CS104,減塩にぼし 500g,1,1280,14
702820,20250726,M101299,20250614,CT104,もこもこ泡シャンプー 300ml,1,9800,11
702821,20260212,M101300,20260130,CT106,耳そうじシート 40枚,1,9800,11
702822,20260326,M101301,20260307,CH102,毛玉ケアパウダー 180回分,1,1650,11
702822,20260326,M101301,20260307,CF101,総合栄養食 まぐろ 500g,1,12000,11
702822,20260326,M101301,20260307,CE105,年間メンバーパス,1,4980,11
702822,20260326,M101301,20260307,CT106,耳そうじシート 40枚,1,9800,11
702823,20260426,M101301,20260307,CS104,減塩にぼし 500g,1,1280,14
702823,20260426,M101301,20260307,CE105,年間メンバーパス,1,4980,14
702823,20260426,M101301,20260307,CT102,肉球バーム 10g,1,6800,14
702823,20260426,M101301,20260307,CF101,総合栄養食 まぐろ 500g,1,12000,14
702824,20240115,M101302,20170725,CT103,被毛ケアローション 190ml,2,3300,11
702825,20240817,M101302,20170725,CT106,耳そうじシート 40枚,1,9800,11
702826,20250710,M101302,20170725,CE102,しつけ教室チケット S,1,6800,11
702827,20251222,M101302,20170725,CT102,肉球バーム 10g,1,6800,11
702828,20260513,M101303,20260425,CT106,耳そうじシート 40枚,2,19600,11
702828,20260513,M101303,20260425,CS104,減塩にぼし 500g,1,1280,11
702829,20240115,M101304,20240111,CS104,減塩にぼし 500g,1,1280,11
702830,20240222,M101304,20240111,CT106,耳そうじシート 40枚,1,9800,11
702831,20251001,M101305,20250924,CS103,またたびスティック 30本,1,3800,11
702832,20260311,M101305,20250924,CT108,毛玉ケアジェル 60g,2,1960,11
702833,20250329,M101306,20250315,CE105,年間メンバーパス,1,4980,11
702833,20250329,M101306,20250315,CS103,またたびスティック 30本,1,3800,11
702834,20250521,M101306,20250315,CE105,年間メンバーパス,1,4980,11
702834,20250521,M101306,20250315,CT104,もこもこ泡シャンプー 300ml,1,9800,11
702835,20250802,M101306,20250315,CF102,総合栄養食 まぐろ 100g,1,980,09
702836,20250809,M101306,20250315,CH102,毛玉ケアパウダー 180回分,1,1650,11
702836,20250809,M101306,20250315,CT106,耳そうじシート 40枚,2,19600,11
702837,20251107,M101306,20250315,CT104,もこもこ泡シャンプー 300ml,3,29400,11
702837,20251107,M101306,20250315,CT106,耳そうじシート 40枚,3,29400,11
702838,20231230,M101307,20220628,CH103,関節ケアコラーゲン 250g,1,980,11
702839,20260125,M101308,20260119,CT102,肉球バーム 10g,2,13600,09
702840,20250824,M101309,20250816,CS102,ささみチップス 200g,1,4980,09
702841,20260218,M101310,20260217,CT104,もこもこ泡シャンプー 300ml,1,9800,11
702841,20260218,M101310,20260217,CE104,オンライン相談パス,1,2200,11
702842,20240101,M101311,20220101,CT104,もこもこ泡シャンプー 300ml,2,19600,11
702843,20240510,M101311,20220101,CT104,もこもこ泡シャンプー 300ml,1,9800,11
702844,20260104,M101312,20251228,CS103,またたびスティック 30本,3,11400,11
702844,20260104,M101312,20251228,CT104,もこもこ泡シャンプー 300ml,2,19600,11
702845,20250408,M101313,20250401,CF103,陶器のごはん皿 S,1,1650,11
702845,20250408,M101313,20250401,CS104,減塩にぼし 500g,1,1280,11
702845,20250408,M101313,20250401,CT104,もこもこ泡シャンプー 300ml,1,9800,11
702846,20250828,M101313,20250401,CS101,かつおチップス 200g,1,12000,11
702847,20240626,M101314,20240619,CE103,グルーミング講座,1,3800,11
702847,20240626,M101314,20240619,CT108,毛玉ケアジェル 60g,1,980,11
702847,20240626,M101314,20240619,CH102,毛玉ケアパウダー 180回分,1,1650,11
702848,20240710,M101314,20240619,CH101,猫用マルチビタミン 180粒,1,980,11
702849,20240106,M101315,20160531,CT102,肉球バーム 10g,1,6800,11
702850,20240119,M101315,20160531,CT102,肉球バーム 10g,1,6800,14
702850,20240119,M101315,20160531,CT108,毛玉ケアジェル 60g,2,1960,14
702851,20260510,M101316,20260421,CS102,ささみチップス 200g,1,4980,11
702852,20250317,M101317,20250221,CS103,またたびスティック 30本,1,3800,11
702853,20240115,M101318,20160708,CT104,もこもこ泡シャンプー 300ml,1,9800,11
702854,20240405,M101318,20160708,CS101,かつおチップス 200g,2,24000,11
702854,20240405,M101318,20160708,CT104,もこもこ泡シャンプー 300ml,1,9800,11
702855,20240813,M101318,20160708,CT106,耳そうじシート 40枚,1,9800,11
702856,20241119,M101318,20160708,CT104,もこもこ泡シャンプー 300ml,3,29400,14
702857,20250207,M101318,20160708,CT104,もこもこ泡シャンプー 300ml,1,9800,14
702857,20250207,M101318,20160708,CT102,肉球バーム 10g,1,6800,14
702857,20250207,M101318,20160708,CF103,陶器のごはん皿 S,1,1650,14
702857,20250207,M101318,20160708,CS101,かつおチップス 200g,1,12000,14
702858,20250517,M101319,20250512,CT108,毛玉ケアジェル 60g,2,1960,11
702859,20260313,M101320,20260304,CS104,減塩にぼし 500g,1,1280,11
702859,20260313,M101320,20260304,CT106,耳そうじシート 40枚,1,9800,11
702859,20260313,M101320,20260304,CT104,もこもこ泡シャンプー 300ml,1,9800,11
702860,20260427,M101320,20260304,CS101,かつおチップス 200g,1,12000,14
702861,20241210,M101321,20241116,CS104,減塩にぼし 500g,1,1280,11
702862,20241226,M101321,20241116,CT104,もこもこ泡シャンプー 300ml,1,9800,11
702862,20241226,M101321,20241116,CT108,毛玉ケアジェル 60g,1,980,11
702862,20241226,M101321,20241116,CS101,かつおチップス 200g,2,24000,11
702863,20250228,M101321,20241116,CT103,被毛ケアローション 190ml,1,1650,11
702864,20250419,M101321,20241116,CH103,関節ケアコラーゲン 250g,1,980,11
702865,20250510,M101321,20241116,CT104,もこもこ泡シャンプー 300ml,1,9800,11
702866,20240520,M101322,20240513,CT106,耳そうじシート 40枚,1,9800,11
702867,20251101,M101323,20251028,CT102,肉球バーム 10g,1,6800,11
702868,20240907,M101324,20240902,CT103,被毛ケアローション 190ml,1,1650,11
702869,20251122,M101325,20251121,CS101,かつおチップス 200g,1,12000,09
702870,20251210,M101325,20251121,CT106,耳そうじシート 40枚,1,9800,11
702871,20240114,M101326,20230408,CT108,毛玉ケアジェル 60g,1,980,11
702871,20240114,M101326,20230408,CT104,もこもこ泡シャンプー 300ml,1,9800,11
702871,20240114,M101326,20230408,CS104,減塩にぼし 500g,3,3840,11
702872,20231221,M101327,20230605,CT104,もこもこ泡シャンプー 300ml,1,9800,11
702873,20240227,M101327,20230605,CT108,毛玉ケアジェル 60g,1,980,11
702874,20250807,M101328,20250713,CT104,もこもこ泡シャンプー 300ml,3,29400,11
702874,20250807,M101328,20250713,CH105,鉄分＋葉酸タブレット 90粒,1,1280,11
702875,20250401,M101329,20250322,CS104,減塩にぼし 500g,1,1280,11
702876,20250504,M101329,20250322,CH102,毛玉ケアパウダー 180回分,2,3300,11
702876,20250504,M101329,20250322,CT106,耳そうじシート 40枚,1,9800,11
702876,20250504,M101329,20250322,CT103,被毛ケアローション 190ml,1,1650,11
702877,20240111,M101330,20190611,CS101,かつおチップス 200g,1,12000,11
702878,20240507,M101330,20190611,CT104,もこもこ泡シャンプー 300ml,2,19600,11
702878,20240507,M101330,20190611,CT102,肉球バーム 10g,1,6800,11
702879,20240608,M101330,20190611,CT106,耳そうじシート 40枚,1,9800,11
702879,20240608,M101330,20190611,CT101,肉球バーム 100g,1,1650,11
702879,20240608,M101330,20190611,CF103,陶器のごはん皿 S,1,1650,11
702880,20250324,M101331,20250307,CT106,耳そうじシート 40枚,3,29400,11
702880,20250324,M101331,20250307,CS104,減塩にぼし 500g,1,1280,11
702881,20251120,M101332,20251031,CE105,年間メンバーパス,1,4980,11
702881,20251120,M101332,20251031,CT102,肉球バーム 10g,2,13600,11
702881,20251120,M101332,20251031,CS104,減塩にぼし 500g,2,2560,11
702882,20260114,M101332,20251031,CT104,もこもこ泡シャンプー 300ml,2,19600,11
702883,20260416,M101333,20260411,CT108,毛玉ケアジェル 60g,1,980,11
702884,20260506,M101333,20260411,CS104,減塩にぼし 500g,1,1280,11
702885,20260619,M101333,20260411,CS104,減塩にぼし 500g,1,1280,11
702886,20250808,M101334,20250731,CT104,もこもこ泡シャンプー 300ml,1,9800,11
702886,20250808,M101334,20250731,CE105,年間メンバーパス,2,9960,11
702887,20240306,M101335,20240302,CT106,耳そうじシート 40枚,1,9800,11
702888,20240111,M101336,20210823,CT107,デンタルジェル 50ml,1,1650,11
702888,20240111,M101336,20210823,CT108,毛玉ケアジェル 60g,1,980,11
702889,20260128,M101337,20260127,CS101,かつおチップス 200g,1,12000,11
702890,20260319,M101338,20260315,CT106,耳そうじシート 40枚,3,29400,11
702891,20240529,M101339,20240511,CT106,耳そうじシート 40枚,1,9800,11
702892,20231224,M101340,20220915,CT108,毛玉ケアジェル 60g,1,980,11
702892,20231224,M101340,20220915,CS101,かつおチップス 200g,1,12000,11
702892,20231224,M101340,20220915,CT106,耳そうじシート 40枚,1,9800,11
702893,20250205,M101340,20220915,CT104,もこもこ泡シャンプー 300ml,1,9800,11
702894,20260429,M101341,20260406,CF102,総合栄養食 まぐろ 100g,1,980,11
702894,20260429,M101341,20260406,CT106,耳そうじシート 40枚,1,9800,11
702895,20250909,M101342,20250901,CS103,またたびスティック 30本,1,3800,11
702896,20251212,M101342,20250901,CT104,もこもこ泡シャンプー 300ml,1,9800,11
702897,20260618,M101342,20250901,CT104,もこもこ泡シャンプー 300ml,1,9800,11
702897,20260618,M101342,20250901,CS101,かつおチップス 200g,2,24000,11
702897,20260618,M101342,20250901,CS104,減塩にぼし 500g,1,1280,11
702898,20241212,M101343,20241127,CT106,耳そうじシート 40枚,1,9800,11
702898,20241212,M101343,20241127,CT102,肉球バーム 10g,1,6800,11
702899,20251219,M101344,20251207,CT104,もこもこ泡シャンプー 300ml,1,9800,11
702900,20251230,M101344,20251207,CT101,肉球バーム 100g,1,1650,11
702900,20251230,M101344,20251207,CS101,かつおチップス 200g,2,24000,11
702901,20260112,M101344,20251207,CT104,もこもこ泡シャンプー 300ml,1,9800,11
702902,20260428,M101344,20251207,CE102,しつけ教室チケット S,1,6800,11
702902,20260428,M101344,20251207,CS104,減塩にぼし 500g,1,1280,11
702903,20260520,M101344,20251207,CT106,耳そうじシート 40枚,2,19600,11
702903,20260520,M101344,20251207,CE105,年間メンバーパス,1,4980,11
702903,20260520,M101344,20251207,CS104,減塩にぼし 500g,1,1280,11
702903,20260520,M101344,20251207,CT104,もこもこ泡シャンプー 300ml,1,9800,11
702904,20250823,M101345,20250730,CT106,耳そうじシート 40枚,1,9800,11
702904,20250823,M101345,20250730,CE104,オンライン相談パス,1,2200,11
702904,20250823,M101345,20250730,CT108,毛玉ケアジェル 60g,2,1960,11
702905,20231231,M101346,20190426,CT104,もこもこ泡シャンプー 300ml,3,29400,11
702906,20240428,M101346,20190426,CT106,耳そうじシート 40枚,2,19600,11
702906,20240428,M101346,20190426,CT104,もこもこ泡シャンプー 300ml,2,19600,11
702907,20250702,M101347,20250616,CT104,もこもこ泡シャンプー 300ml,1,9800,14
702908,20250719,M101347,20250616,CS101,かつおチップス 200g,1,12000,11
702909,20231229,M101348,20190121,CT108,毛玉ケアジェル 60g,1,980,11
702909,20231229,M101348,20190121,CT104,もこもこ泡シャンプー 300ml,1,9800,11
702909,20231229,M101348,20190121,CS104,減塩にぼし 500g,1,1280,11
702909,20231229,M101348,20190121,CE105,年間メンバーパス,1,4980,11
702910,20240114,M101348,20190121,CS101,かつおチップス 200g,1,12000,11
702911,20240306,M101348,20190121,CS101,かつおチップス 200g,2,24000,11
702911,20240306,M101348,20190121,CS104,減塩にぼし 500g,1,1280,11
702912,20240429,M101348,20190121,CS104,減塩にぼし 500g,1,1280,11
702913,20240511,M101348,20190121,CS101,かつおチップス 200g,1,12000,11
702913,20240511,M101348,20190121,CS104,減塩にぼし 500g,1,1280,11
702913,20240511,M101348,20190121,CT102,肉球バーム 10g,1,6800,11
702913,20240511,M101348,20190121,CS103,またたびスティック 30本,1,3800,11
702914,20240824,M101349,20240804,CH103,関節ケアコラーゲン 250g,3,2940,11
702914,20240824,M101349,20240804,CS101,かつおチップス 200g,1,12000,11
702914,20240824,M101349,20240804,CT104,もこもこ泡シャンプー 300ml,1,9800,11
702915,20240108,M101350,20161130,CS104,減塩にぼし 500g,1,1280,11
702916,20240507,M101350,20161130,CE102,しつけ教室チケット S,1,6800,11
702916,20240507,M101350,20161130,CS103,またたびスティック 30本,1,3800,11
702916,20240507,M101350,20161130,CS101,かつおチップス 200g,1,12000,11
702917,20250228,M101351,20250218,CT104,もこもこ泡シャンプー 300ml,2,19600,11
702917,20250228,M101351,20250218,CT106,耳そうじシート 40枚,1,9800,11
702918,20240104,M101352,20230531,CT108,毛玉ケアジェル 60g,1,980,11
702919,20240324,M101352,20230531,CT102,肉球バーム 10g,1,6800,11
702919,20240324,M101352,20230531,CT104,もこもこ泡シャンプー 300ml,2,19600,11
702919,20240324,M101352,20230531,CS101,かつおチップス 200g,1,12000,11
702920,20250103,M101353,20250103,CT104,もこもこ泡シャンプー 300ml,1,9800,11
702920,20250103,M101353,20250103,CT106,耳そうじシート 40枚,1,9800,11
702921,20250119,M101353,20250103,CS104,減塩にぼし 500g,1,1280,11
702921,20250119,M101353,20250103,CF101,総合栄養食 まぐろ 500g,2,24000,11
702922,20260519,M101354,20260512,CH103,関節ケアコラーゲン 250g,1,980,11
702923,20250126,M101355,20250117,CE105,年間メンバーパス,1,4980,11
702924,20241018,M101356,20241003,CT106,耳そうじシート 40枚,1,9800,11
702925,20250113,M101356,20241003,CT106,耳そうじシート 40枚,1,9800,11
702925,20250113,M101356,20241003,CE102,しつけ教室チケット S,1,6800,11
702925,20250113,M101356,20241003,CS104,減塩にぼし 500g,1,1280,11
702926,20250724,M101357,20250714,CS104,減塩にぼし 500g,1,1280,11
702926,20250724,M101357,20250714,CS101,かつおチップス 200g,1,12000,11
702927,20250819,M101357,20250714,CS101,かつおチップス 200g,2,24000,11
702928,20251220,M101357,20250714,CT104,もこもこ泡シャンプー 300ml,1,9800,11
702928,20251220,M101357,20250714,CT106,耳そうじシート 40枚,1,9800,11
702929,20260320,M101357,20250714,CE105,年間メンバーパス,1,4980,11
702930,20260329,M101357,20250714,CT106,耳そうじシート 40枚,1,9800,11
702930,20260329,M101357,20250714,CT104,もこもこ泡シャンプー 300ml,1,9800,11
702930,20260329,M101357,20250714,CH103,関節ケアコラーゲン 250g,1,980,11
702930,20260329,M101357,20250714,CT108,毛玉ケアジェル 60g,1,980,11
702931,20260513,M101357,20250714,CS101,かつおチップス 200g,1,12000,11
702932,20241113,M101358,20241028,CS101,かつおチップス 200g,1,12000,11
702932,20241113,M101358,20241028,CS102,ささみチップス 200g,1,4980,11
702933,20241107,M101359,20241017,CS101,かつおチップス 200g,1,12000,11
702934,20241119,M101359,20241017,CT103,被毛ケアローション 190ml,1,1650,11
702935,20231222,M101360,20160411,CT106,耳そうじシート 40枚,2,19600,11
702936,20231222,M101361,20200827,CT102,肉球バーム 10g,1,6800,11
702937,20240131,M101361,20200827,CT103,被毛ケアローション 190ml,3,4950,11
702937,20240131,M101361,20200827,CS104,減塩にぼし 500g,1,1280,11
702937,20240131,M101361,20200827,CT104,もこもこ泡シャンプー 300ml,1,9800,11
702938,20240419,M101361,20200827,CS104,減塩にぼし 500g,1,1280,11
702938,20240419,M101361,20200827,CS101,かつおチップス 200g,1,12000,11
702939,20240517,M101361,20200827,CS104,減塩にぼし 500g,1,1280,14
702939,20240517,M101361,20200827,CT106,耳そうじシート 40枚,1,9800,14
702940,20240609,M101361,20200827,CE105,年間メンバーパス,1,4980,11
702940,20240609,M101361,20200827,CS101,かつおチップス 200g,1,12000,11
702941,20240917,M101361,20200827,CF102,総合栄養食 まぐろ 100g,1,980,11
702941,20240917,M101361,20200827,CT106,耳そうじシート 40枚,3,29400,11
702942,20241119,M101362,20241114,CT108,毛玉ケアジェル 60g,1,980,11
702943,20250318,M101363,20250305,CT106,耳そうじシート 40枚,1,9800,11
702944,20250701,M101364,20250629,CS104,減塩にぼし 500g,2,2560,11
702945,20250830,M101365,20250830,CT102,肉球バーム 10g,3,20400,11
702945,20250830,M101365,20250830,CS104,減塩にぼし 500g,3,3840,11
702946,20250926,M101365,20250830,CT106,耳そうじシート 40枚,1,9800,14
702946,20250926,M101365,20250830,CT104,もこもこ泡シャンプー 300ml,2,19600,14
702947,20251015,M101365,20250830,CS104,減塩にぼし 500g,1,1280,14
702948,20260227,M101365,20250830,CS102,ささみチップス 200g,3,14940,11
702948,20260227,M101365,20250830,CT102,肉球バーム 10g,1,6800,11
702949,20260606,M101366,20260531,CS102,ささみチップス 200g,1,4980,11
702950,20251218,M101367,20251217,CT105,ふわもこブラシ,1,2980,11
702951,20260505,M101367,20251217,CT106,耳そうじシート 40枚,1,9800,11
702952,20260603,M101367,20251217,CS104,減塩にぼし 500g,2,2560,11
702953,20250831,M101368,20250829,CT104,もこもこ泡シャンプー 300ml,1,9800,11
702954,20241007,M101369,20240926,CT106,耳そうじシート 40枚,1,9800,11
702955,20241126,M101369,20240926,CS101,かつおチップス 200g,1,12000,11
702955,20241126,M101369,20240926,CF101,総合栄養食 まぐろ 500g,1,12000,11
702956,20250306,M101369,20240926,CT108,毛玉ケアジェル 60g,1,980,11
702956,20250306,M101369,20240926,CT106,耳そうじシート 40枚,1,9800,11
702956,20250306,M101369,20240926,CS103,またたびスティック 30本,2,7600,11
702957,20250724,M101369,20240926,CT106,耳そうじシート 40枚,1,9800,11
702958,20250814,M101369,20240926,CT104,もこもこ泡シャンプー 300ml,1,9800,11
702959,20250905,M101369,20240926,CH102,毛玉ケアパウダー 180回分,1,1650,11
702960,20250924,M101369,20240926,CT106,耳そうじシート 40枚,1,9800,11
702960,20250924,M101369,20240926,CF102,総合栄養食 まぐろ 100g,1,980,11
702961,20251107,M101369,20240926,CS103,またたびスティック 30本,1,3800,11
702962,20251018,M101370,20251004,CT104,もこもこ泡シャンプー 300ml,1,9800,11
702963,20241206,M101371,20241130,CT106,耳そうじシート 40枚,1,9800,11
702963,20241206,M101371,20241130,CE102,しつけ教室チケット S,2,13600,11
702964,20250521,M101371,20241130,CT102,肉球バーム 10g,1,6800,11
702965,20250622,M101371,20241130,CS101,かつおチップス 200g,1,12000,11
702966,20251003,M101371,20241130,CT104,もこもこ泡シャンプー 300ml,1,9800,11
702966,20251003,M101371,20241130,CT106,耳そうじシート 40枚,1,9800,11
702966,20251003,M101371,20241130,CT102,肉球バーム 10g,1,6800,11
702967,20260329,M101372,20260324,CT103,被毛ケアローション 190ml,1,1650,11
702967,20260329,M101372,20260324,CS104,減塩にぼし 500g,1,1280,11
702967,20260329,M101372,20260324,CS101,かつおチップス 200g,1,12000,11
702967,20260329,M101372,20260324,CT108,毛玉ケアジェル 60g,3,2940,11
702968,20250323,M101373,20250226,CT102,肉球バーム 10g,1,6800,11
702969,20250418,M101373,20250226,CF101,総合栄養食 まぐろ 500g,1,12000,11
702969,20250418,M101373,20250226,CT106,耳そうじシート 40枚,1,9800,11
702970,20250509,M101373,20250226,CE102,しつけ教室チケット S,1,6800,11
702971,20250611,M101373,20250226,CT106,耳そうじシート 40枚,1,9800,11
702971,20250611,M101373,20250226,CT108,毛玉ケアジェル 60g,1,980,11
702971,20250611,M101373,20250226,CE105,年間メンバーパス,1,4980,11
702972,20241003,M101374,20240910,CT103,被毛ケアローション 190ml,1,1650,11
702973,20250103,M101375,20241217,CT106,耳そうじシート 40枚,1,9800,11
702973,20250103,M101375,20241217,CE105,年間メンバーパス,1,4980,11
702974,20251001,M101376,20250926,CE105,年間メンバーパス,1,4980,11
702974,20251001,M101376,20250926,CT106,耳そうじシート 40枚,1,9800,11
702975,20250304,M101377,20250211,CT104,もこもこ泡シャンプー 300ml,1,9800,11
702975,20250304,M101377,20250211,CS103,またたびスティック 30本,2,7600,11
702976,20240120,M101378,20240110,CT104,もこもこ泡シャンプー 300ml,3,29400,11
702976,20240120,M101378,20240110,CS104,減塩にぼし 500g,1,1280,11
702977,20240208,M101379,20240201,CE105,年間メンバーパス,1,4980,11
702977,20240208,M101379,20240201,CT104,もこもこ泡シャンプー 300ml,1,9800,11
702978,20260421,M101380,20260330,CE105,年間メンバーパス,1,4980,11
702978,20260421,M101380,20260330,CT106,耳そうじシート 40枚,1,9800,11
702979,20260531,M101380,20260330,CT106,耳そうじシート 40枚,1,9800,11
702979,20260531,M101380,20260330,CS104,減塩にぼし 500g,1,1280,11
702980,20240911,M101381,20240817,CS101,かつおチップス 200g,1,12000,11
702980,20240911,M101381,20240817,CT103,被毛ケアローション 190ml,1,1650,11
702981,20241124,M101381,20240817,CT104,もこもこ泡シャンプー 300ml,1,9800,11
702981,20241124,M101381,20240817,CS101,かつおチップス 200g,2,24000,11
702982,20250108,M101381,20240817,CS104,減塩にぼし 500g,1,1280,11
702983,20250118,M101381,20240817,CS101,かつおチップス 200g,1,12000,11
702983,20250118,M101381,20240817,CT103,被毛ケアローション 190ml,1,1650,11
702984,20250304,M101381,20240817,CT106,耳そうじシート 40枚,1,9800,11
702985,20250324,M101381,20240817,CS104,減塩にぼし 500g,1,1280,11
702985,20250324,M101381,20240817,CT106,耳そうじシート 40枚,2,19600,11
702986,20250608,M101381,20240817,CT104,もこもこ泡シャンプー 300ml,1,9800,11
702986,20250608,M101381,20240817,CE102,しつけ教室チケット S,1,6800,11
702986,20250608,M101381,20240817,CT102,肉球バーム 10g,1,6800,11
702986,20250608,M101381,20240817,CE105,年間メンバーパス,1,4980,11
702987,20250913,M101381,20240817,CT103,被毛ケアローション 190ml,1,1650,11
702988,20240104,M101382,20220729,CS104,減塩にぼし 500g,1,1280,11
702989,20240117,M101382,20220729,CT104,もこもこ泡シャンプー 300ml,1,9800,11
702990,20240430,M101383,20240420,CS101,かつおチップス 200g,1,12000,11
702991,20240401,M101384,20240327,CT106,耳そうじシート 40枚,1,9800,11
702992,20240903,M101384,20240327,CT106,耳そうじシート 40枚,1,9800,11
702992,20240903,M101384,20240327,CS101,かつおチップス 200g,1,12000,11
702993,20240114,M101385,20220420,CH102,毛玉ケアパウダー 180回分,1,1650,11
702994,20240510,M101385,20220420,CT104,もこもこ泡シャンプー 300ml,2,19600,11
702995,20240712,M101385,20220420,CT108,毛玉ケアジェル 60g,1,980,11
702996,20250103,M101386,20241224,CT106,耳そうじシート 40枚,1,9800,11
702997,20260107,M101387,20251227,CT102,肉球バーム 10g,1,6800,11
702998,20260120,M101387,20251227,CS104,減塩にぼし 500g,1,1280,11
702999,20260328,M101387,20251227,CS104,減塩にぼし 500g,1,1280,11
703000,20240219,M101388,20240201,CF104,給水器フィルター,1,1280,11
703000,20240219,M101388,20240201,CE105,年間メンバーパス,1,4980,11
703001,20240526,M101389,20240514,CT106,耳そうじシート 40枚,1,9800,11
703002,20231228,M101390,20200110,CF102,総合栄養食 まぐろ 100g,1,980,11
703002,20231228,M101390,20200110,CE105,年間メンバーパス,1,4980,11
703003,20240312,M101390,20200110,CE105,年間メンバーパス,1,4980,11
703003,20240312,M101390,20200110,CT108,毛玉ケアジェル 60g,1,980,11
703004,20240426,M101390,20200110,CH102,毛玉ケアパウダー 180回分,1,1650,11
703004,20240426,M101390,20200110,CT104,もこもこ泡シャンプー 300ml,1,9800,11
703004,20240426,M101390,20200110,CF102,総合栄養食 まぐろ 100g,1,980,11
703004,20240426,M101390,20200110,CS104,減塩にぼし 500g,1,1280,11
703005,20240723,M101391,20240713,CS101,かつおチップス 200g,1,12000,11
703005,20240723,M101391,20240713,CH103,関節ケアコラーゲン 250g,1,980,11
703005,20240723,M101391,20240713,CT108,毛玉ケアジェル 60g,1,980,11
703006,20240811,M101391,20240713,CT102,肉球バーム 10g,3,20400,14
703006,20240811,M101391,20240713,CS101,かつおチップス 200g,1,12000,14
703007,20240325,M101392,20240301,CF102,総合栄養食 まぐろ 100g,1,980,11
703008,20240701,M101392,20240301,CT104,もこもこ泡シャンプー 300ml,1,9800,11
703008,20240701,M101392,20240301,CT106,耳そうじシート 40枚,1,9800,11
703009,20250520,M101393,20250507,CS101,かつおチップス 200g,1,12000,11
703010,20250610,M101393,20250507,CT106,耳そうじシート 40枚,2,19600,11
703011,20251002,M101393,20250507,CT104,もこもこ泡シャンプー 300ml,1,9800,11
703011,20251002,M101393,20250507,CE105,年間メンバーパス,1,4980,11
703012,20251016,M101393,20250507,CT106,耳そうじシート 40枚,1,9800,11
703013,20260113,M101393,20250507,CT106,耳そうじシート 40枚,1,9800,14
703013,20260113,M101393,20250507,CS104,減塩にぼし 500g,1,1280,14
703014,20241005,M101394,20240926,CT108,毛玉ケアジェル 60g,1,980,11
703014,20241005,M101394,20240926,CT106,耳そうじシート 40枚,1,9800,11
703015,20241113,M101394,20240926,CT103,被毛ケアローション 190ml,1,1650,11
703015,20241113,M101394,20240926,CS104,減塩にぼし 500g,1,1280,11
703016,20240101,M101395,20200617,CS103,またたびスティック 30本,1,3800,11
703016,20240101,M101395,20200617,CS102,ささみチップス 200g,2,9960,11
703017,20260221,M101396,20260204,CF102,総合栄養食 まぐろ 100g,1,980,11
703017,20260221,M101396,20260204,CH102,毛玉ケアパウダー 180回分,1,1650,11
703018,20241030,M101397,20241006,CT108,毛玉ケアジェル 60g,1,980,11
703019,20250713,M101398,20250703,CS104,減塩にぼし 500g,2,2560,11
703019,20250713,M101398,20250703,CT106,耳そうじシート 40枚,1,9800,11
703020,20240107,M101399,20221120,CT102,肉球バーム 10g,1,6800,11
703021,20240903,M101400,20240831,CE103,グルーミング講座,1,3800,11
703021,20240903,M101400,20240831,CE101,しつけ教室チケット A,1,2980,11
703022,20240324,M101401,20240302,CT103,被毛ケアローション 190ml,1,1650,11
703023,20240530,M101401,20240302,CT104,もこもこ泡シャンプー 300ml,2,19600,11
703024,20240830,M101401,20240302,CH101,猫用マルチビタミン 180粒,1,980,11
703024,20240830,M101401,20240302,CT104,もこもこ泡シャンプー 300ml,1,9800,11
703025,20231230,M101402,20171013,CT107,デンタルジェル 50ml,1,1650,11
703026,20250316,M101403,20250305,CT106,耳そうじシート 40枚,1,9800,11
703027,20251217,M101404,20251201,CT102,肉球バーム 10g,1,6800,11
703027,20251217,M101404,20251201,CT103,被毛ケアローション 190ml,1,1650,11
703027,20251217,M101404,20251201,CS104,減塩にぼし 500g,1,1280,11
703028,20250507,M101405,20250420,CS102,ささみチップス 200g,2,9960,11
703029,20250606,M101406,20250518,CS104,減塩にぼし 500g,1,1280,11
703030,20240101,M101407,20171001,CT106,耳そうじシート 40枚,1,9800,11
703031,20240203,M101407,20171001,CT104,もこもこ泡シャンプー 300ml,1,9800,11
703032,20240128,M101408,20240116,CS103,またたびスティック 30本,1,3800,11
703032,20240128,M101408,20240116,CT108,毛玉ケアジェル 60g,1,980,11
703032,20240128,M101408,20240116,CT104,もこもこ泡シャンプー 300ml,1,9800,11
703033,20240210,M101408,20240116,CT104,もこもこ泡シャンプー 300ml,1,9800,11
703033,20240210,M101408,20240116,CS101,かつおチップス 200g,1,12000,11
703033,20240210,M101408,20240116,CT106,耳そうじシート 40枚,1,9800,11
703033,20240210,M101408,20240116,CF102,総合栄養食 まぐろ 100g,1,980,11
703034,20240407,M101408,20240116,CT103,被毛ケアローション 190ml,1,1650,11
703035,20231223,M101409,20230306,CE105,年間メンバーパス,1,4980,11
703035,20231223,M101409,20230306,CT104,もこもこ泡シャンプー 300ml,1,9800,11
703036,20240125,M101409,20230306,CT106,耳そうじシート 40枚,1,9800,11
703037,20240319,M101409,20230306,CT104,もこもこ泡シャンプー 300ml,1,9800,11
703038,20240521,M101409,20230306,CT104,もこもこ泡シャンプー 300ml,1,9800,11
703039,20240528,M101409,20230306,CS103,またたびスティック 30本,1,3800,11
703039,20240528,M101409,20230306,CT106,耳そうじシート 40枚,1,9800,11
703040,20240730,M101409,20230306,CT106,耳そうじシート 40枚,1,9800,11
703040,20240730,M101409,20230306,CT104,もこもこ泡シャンプー 300ml,1,9800,11
703041,20241020,M101410,20240926,CT106,耳そうじシート 40枚,1,9800,11
703042,20241027,M101410,20240926,CF103,陶器のごはん皿 S,1,1650,11
703042,20241027,M101410,20240926,CS104,減塩にぼし 500g,1,1280,11
703043,20250111,M101410,20240926,CS101,かつおチップス 200g,1,12000,11
703044,20250826,M101411,20250814,CS104,減塩にぼし 500g,1,1280,11
703045,20260206,M101411,20250814,CT106,耳そうじシート 40枚,1,9800,11
703045,20260206,M101411,20250814,CS104,減塩にぼし 500g,1,1280,11
703046,20260318,M101411,20250814,CE105,年間メンバーパス,2,9960,11
703046,20260318,M101411,20250814,CS101,かつおチップス 200g,1,12000,11
703047,20260131,M101412,20260118,CS104,減塩にぼし 500g,1,1280,11
703048,20250930,M101413,20250926,CT104,もこもこ泡シャンプー 300ml,1,9800,11
703049,20231231,M101414,20181125,CT104,もこもこ泡シャンプー 300ml,1,9800,11
703049,20231231,M101414,20181125,CT106,耳そうじシート 40枚,1,9800,11
703050,20231230,M101415,20200801,CT102,肉球バーム 10g,2,13600,14
703051,20251228,M101416,20251219,CT106,耳そうじシート 40枚,1,9800,11
703051,20251228,M101416,20251219,CS104,減塩にぼし 500g,1,1280,11
703051,20251228,M101416,20251219,CT102,肉球バーム 10g,1,6800,11
703052,20260209,M101416,20251219,CT104,もこもこ泡シャンプー 300ml,1,9800,11
703052,20260209,M101416,20251219,CS101,かつおチップス 200g,1,12000,11
703053,20240912,M101417,20240831,CT104,もこもこ泡シャンプー 300ml,2,19600,11
703053,20240912,M101417,20240831,CT106,耳そうじシート 40枚,1,9800,11
703054,20250208,M101418,20250118,CF101,総合栄養食 まぐろ 500g,1,12000,11
703054,20250208,M101418,20250118,CH106,腸内フローラ乳酸菌 60粒,2,24000,11
703054,20250208,M101418,20250118,CT106,耳そうじシート 40枚,2,19600,11
703055,20250228,M101418,20250118,CS101,かつおチップス 200g,1,12000,11
703055,20250228,M101418,20250118,CS104,減塩にぼし 500g,1,1280,11
703055,20250228,M101418,20250118,CT104,もこもこ泡シャンプー 300ml,3,29400,11
703056,20250911,M101418,20250118,CT107,デンタルジェル 50ml,1,1650,11
703056,20250911,M101418,20250118,CE105,年間メンバーパス,2,9960,11
703057,20251003,M101418,20250118,CT102,肉球バーム 10g,1,6800,11
703057,20251003,M101418,20250118,CE105,年間メンバーパス,1,4980,11
703057,20251003,M101418,20250118,CS101,かつおチップス 200g,1,12000,11
703057,20251003,M101418,20250118,CE102,しつけ教室チケット S,3,20400,11
703058,20251018,M101418,20250118,CE105,年間メンバーパス,1,4980,11
703059,20260420,M101419,20260405,CT106,耳そうじシート 40枚,2,19600,11
703060,20240315,M101420,20240303,CT104,もこもこ泡シャンプー 300ml,1,9800,11
703061,20231230,M101421,20200906,CT104,もこもこ泡シャンプー 300ml,1,9800,11
703062,20240414,M101421,20200906,CS104,減塩にぼし 500g,1,1280,11
703062,20240414,M101421,20200906,CT108,毛玉ケアジェル 60g,1,980,11
703063,20240818,M101422,20240803,CE105,年間メンバーパス,1,4980,11
703064,20240903,M101422,20240803,CT104,もこもこ泡シャンプー 300ml,3,29400,11
703065,20240924,M101422,20240803,CS104,減塩にぼし 500g,1,1280,11
703066,20241129,M101422,20240803,CT106,耳そうじシート 40枚,1,9800,11
703066,20241129,M101422,20240803,CS101,かつおチップス 200g,1,12000,11
703067,20250205,M101422,20240803,CS101,かつおチップス 200g,1,12000,11
703067,20250205,M101422,20240803,CT106,耳そうじシート 40枚,1,9800,11
703068,20241113,M101423,20241022,CT106,耳そうじシート 40枚,2,19600,11
703069,20240111,M101424,20200412,CT106,耳そうじシート 40枚,1,9800,11
703069,20240111,M101424,20200412,CT103,被毛ケアローション 190ml,1,1650,11
703070,20251101,M101425,20251013,CS101,かつおチップス 200g,1,12000,11
703071,20251108,M101425,20251013,CT106,耳そうじシート 40枚,1,9800,11
703072,20251205,M101425,20251013,CS103,またたびスティック 30本,2,7600,11
703073,20251108,M101426,20251026,CT104,もこもこ泡シャンプー 300ml,1,9800,11
703073,20251108,M101426,20251026,CS101,かつおチップス 200g,3,36000,11
703073,20251108,M101426,20251026,CT106,耳そうじシート 40枚,1,9800,11
703074,20240928,M101427,20240914,CS101,かつおチップス 200g,2,24000,11
703075,20241024,M101427,20240914,CS104,減塩にぼし 500g,1,1280,11
703075,20241024,M101427,20240914,CT106,耳そうじシート 40枚,1,9800,11
703076,20250108,M101428,20241225,CS104,減塩にぼし 500g,1,1280,11
703077,20250117,M101428,20241225,CT106,耳そうじシート 40枚,1,9800,11
703078,20250312,M101428,20241225,CT102,肉球バーム 10g,1,6800,11
703078,20250312,M101428,20241225,CT106,耳そうじシート 40枚,1,9800,11
703079,20240812,M101429,20240806,CT106,耳そうじシート 40枚,1,9800,11
703079,20240812,M101429,20240806,CT107,デンタルジェル 50ml,1,1650,11
703080,20241003,M101430,20240908,CS104,減塩にぼし 500g,2,2560,11
703081,20250521,M101431,20250516,CT104,もこもこ泡シャンプー 300ml,1,9800,11
703081,20250521,M101431,20250516,CT103,被毛ケアローション 190ml,1,1650,11
703082,20250907,M101431,20250516,CS104,減塩にぼし 500g,1,1280,11
703082,20250907,M101431,20250516,CS101,かつおチップス 200g,1,12000,11
703082,20250907,M101431,20250516,CT106,耳そうじシート 40枚,1,9800,11
703083,20240801,M101432,20240716,CT106,耳そうじシート 40枚,1,9800,11
703083,20240801,M101432,20240716,CE105,年間メンバーパス,1,4980,11
703083,20240801,M101432,20240716,CT104,もこもこ泡シャンプー 300ml,1,9800,11
703084,20241027,M101432,20240716,CS104,減塩にぼし 500g,1,1280,11
703085,20250420,M101432,20240716,CT106,耳そうじシート 40枚,1,9800,11
703086,20251102,M101432,20240716,CH102,毛玉ケアパウダー 180回分,1,1650,11
703087,20240107,M101433,20161103,CT106,耳そうじシート 40枚,1,9800,11
703087,20240107,M101433,20161103,CS104,減塩にぼし 500g,2,2560,11
703088,20240219,M101433,20161103,CS101,かつおチップス 200g,1,12000,11
703089,20240404,M101433,20161103,CS101,かつおチップス 200g,1,12000,11
703089,20240404,M101433,20161103,CT106,耳そうじシート 40枚,1,9800,11
703090,20260109,M101434,20260101,CT104,もこもこ泡シャンプー 300ml,2,19600,11
703090,20260109,M101434,20260101,CS101,かつおチップス 200g,1,12000,11
703091,20260327,M101434,20260101,CT106,耳そうじシート 40枚,1,9800,11
703091,20260327,M101434,20260101,CT108,毛玉ケアジェル 60g,1,980,11
703092,20240112,M101435,20160529,CS102,ささみチップス 200g,3,14940,11
703093,20231230,M101436,20210422,CT106,耳そうじシート 40枚,1,9800,11
703093,20231230,M101436,20210422,CE105,年間メンバーパス,1,4980,11
703094,20240223,M101436,20210422,CT104,もこもこ泡シャンプー 300ml,3,29400,11
703094,20240223,M101436,20210422,CT102,肉球バーム 10g,1,6800,11
703095,20250104,M101437,20241211,CH102,毛玉ケアパウダー 180回分,1,1650,11
703096,20231231,M101438,20230520,CS101,かつおチップス 200g,1,12000,11
703096,20231231,M101438,20230520,CT108,毛玉ケアジェル 60g,1,980,11
703097,20231229,M101439,20210426,CS104,減塩にぼし 500g,1,1280,11
703098,20231230,M101440,20220425,CH102,毛玉ケアパウダー 180回分,1,1650,11
703098,20231230,M101440,20220425,CF102,総合栄養食 まぐろ 100g,1,980,11
703099,20240101,M101441,20201119,CS104,減塩にぼし 500g,1,1280,11
703100,20240109,M101442,20170519,CT104,もこもこ泡シャンプー 300ml,1,9800,11
703100,20240109,M101442,20170519,CF102,総合栄養食 まぐろ 100g,1,980,11
703101,20240209,M101442,20170519,CH104,オメガ3ソフトカプセル 120粒,1,980,11
703102,20240805,M101442,20170519,CH102,毛玉ケアパウダー 180回分,1,1650,09
703102,20240805,M101442,20170519,CT102,肉球バーム 10g,1,6800,09
703103,20240924,M101443,20240905,CS101,かつおチップス 200g,1,12000,11
703104,20241122,M101443,20240905,CS101,かつおチップス 200g,1,12000,11
703105,20240109,M101444,20231224,CT108,毛玉ケアジェル 60g,2,1960,11
703106,20240315,M101444,20231224,CH104,オメガ3ソフトカプセル 120粒,1,980,11
703106,20240315,M101444,20231224,CS104,減塩にぼし 500g,1,1280,11
703106,20240315,M101444,20231224,CT102,肉球バーム 10g,1,6800,11
703107,20250910,M101445,20250909,CT108,毛玉ケアジェル 60g,1,980,11
703107,20250910,M101445,20250909,CT102,肉球バーム 10g,1,6800,11
703108,20251030,M101445,20250909,CE105,年間メンバーパス,2,9960,11
703109,20251021,M101446,20251014,CT106,耳そうじシート 40枚,1,9800,11
703109,20251021,M101446,20251014,CT104,もこもこ泡シャンプー 300ml,1,9800,11
703109,20251021,M101446,20251014,CS104,減塩にぼし 500g,1,1280,11
703110,20260225,M101446,20251014,CF102,総合栄養食 まぐろ 100g,1,980,11
703110,20260225,M101446,20251014,CT104,もこもこ泡シャンプー 300ml,2,19600,11
703111,20250421,M101447,20250401,CE103,グルーミング講座,2,7600,11
703111,20250421,M101447,20250401,CE105,年間メンバーパス,2,9960,11
703112,20231231,M101448,20220529,CS101,かつおチップス 200g,1,12000,11
703112,20231231,M101448,20220529,CH106,腸内フローラ乳酸菌 60粒,2,24000,11
703112,20231231,M101448,20220529,CT101,肉球バーム 100g,1,1650,11
703112,20231231,M101448,20220529,CS104,減塩にぼし 500g,1,1280,11
703113,20231226,M101449,20200713,CT102,肉球バーム 10g,1,6800,11
703114,20240108,M101449,20200713,CE105,年間メンバーパス,1,4980,11
703114,20240108,M101449,20200713,CS104,減塩にぼし 500g,1,1280,11
703115,20240318,M101449,20200713,CE105,年間メンバーパス,2,9960,11
703116,20240325,M101449,20200713,CT102,肉球バーム 10g,1,6800,11
703117,20251016,M101450,20251008,CT101,肉球バーム 100g,3,4950,11
703118,20251206,M101450,20251008,CT102,肉球バーム 10g,3,20400,14
703119,20250727,M101451,20250724,CT104,もこもこ泡シャンプー 300ml,1,9800,11
703120,20250816,M101451,20250724,CE104,オンライン相談パス,1,2200,11
703121,20260102,M101451,20250724,CT106,耳そうじシート 40枚,1,9800,11
703121,20260102,M101451,20250724,CF101,総合栄養食 まぐろ 500g,1,12000,11
703121,20260102,M101451,20250724,CS101,かつおチップス 200g,1,12000,11
703121,20260102,M101451,20250724,CT108,毛玉ケアジェル 60g,1,980,11
703122,20260218,M101451,20250724,CS104,減塩にぼし 500g,1,1280,11
703122,20260218,M101451,20250724,CH106,腸内フローラ乳酸菌 60粒,2,24000,11
703123,20260301,M101451,20250724,CS101,かつおチップス 200g,1,12000,09
703124,20241218,M101452,20241125,CF102,総合栄養食 まぐろ 100g,1,980,11
703124,20241218,M101452,20241125,CT102,肉球バーム 10g,1,6800,11
703125,20251013,M101453,20250930,CT106,耳そうじシート 40枚,1,9800,11
703126,20251020,M101453,20250930,CS104,減塩にぼし 500g,1,1280,11
703127,20260219,M101453,20250930,CF106,フードストッカー 1L,2,7600,11
703127,20260219,M101453,20250930,CT108,毛玉ケアジェル 60g,1,980,11
703127,20260219,M101453,20250930,CT102,肉球バーム 10g,1,6800,11
703128,20240808,M101454,20240718,CH103,関節ケアコラーゲン 250g,1,980,11
703128,20240808,M101454,20240718,CS104,減塩にぼし 500g,2,2560,11
703128,20240808,M101454,20240718,CT102,肉球バーム 10g,1,6800,11
703128,20240808,M101454,20240718,CT106,耳そうじシート 40枚,2,19600,11
703129,20241104,M101454,20240718,CT104,もこもこ泡シャンプー 300ml,1,9800,11
703129,20241104,M101454,20240718,CE105,年間メンバーパス,1,4980,11
703130,20241113,M101454,20240718,CT104,もこもこ泡シャンプー 300ml,1,9800,11
703131,20250127,M101455,20250103,CS105,ミルク仕立ておやつ 300g,1,980,14
703132,20260125,M101456,20260108,CF106,フードストッカー 1L,1,3800,11
703133,20240601,M101457,20240508,CT106,耳そうじシート 40枚,1,9800,11
703134,20241101,M101457,20240508,CT106,耳そうじシート 40枚,1,9800,11
703134,20241101,M101457,20240508,CH102,毛玉ケアパウダー 180回分,1,1650,11
703134,20241101,M101457,20240508,CT104,もこもこ泡シャンプー 300ml,1,9800,11
703135,20250305,M101458,20250221,CH104,オメガ3ソフトカプセル 120粒,2,1960,11
703136,20231226,M101459,20210424,CT102,肉球バーム 10g,3,20400,11
703136,20231226,M101459,20210424,CS104,減塩にぼし 500g,2,2560,11
703137,20240326,M101459,20210424,CH102,毛玉ケアパウダー 180回分,2,3300,11
703137,20240326,M101459,20210424,CH105,鉄分＋葉酸タブレット 90粒,1,1280,11
703137,20240326,M101459,20210424,CS104,減塩にぼし 500g,1,1280,11
703138,20240413,M101460,20240325,CT108,毛玉ケアジェル 60g,1,980,11
703138,20240413,M101460,20240325,CS101,かつおチップス 200g,1,12000,11
703138,20240413,M101460,20240325,CT104,もこもこ泡シャンプー 300ml,2,19600,11
703139,20240711,M101460,20240325,CH106,腸内フローラ乳酸菌 60粒,1,12000,11
703140,20240922,M101460,20240325,CT106,耳そうじシート 40枚,1,9800,11
703141,20250616,M101460,20240325,CT108,毛玉ケアジェル 60g,2,1960,11
703141,20250616,M101460,20240325,CT106,耳そうじシート 40枚,1,9800,11
703141,20250616,M101460,20240325,CE103,グルーミング講座,1,3800,11
703142,20260314,M101461,20260226,CT108,毛玉ケアジェル 60g,3,2940,11
703143,20260326,M101461,20260226,CT108,毛玉ケアジェル 60g,3,2940,11
703143,20260326,M101461,20260226,CS104,減塩にぼし 500g,1,1280,11
703143,20260326,M101461,20260226,CT104,もこもこ泡シャンプー 300ml,1,9800,11
703144,20250430,M101462,20250409,CH102,毛玉ケアパウダー 180回分,1,1650,11
703144,20250430,M101462,20250409,CT102,肉球バーム 10g,1,6800,11
703145,20250525,M101462,20250409,CT104,もこもこ泡シャンプー 300ml,1,9800,11
703146,20250628,M101463,20250615,CT106,耳そうじシート 40枚,2,19600,14
703146,20250628,M101463,20250615,CS101,かつおチップス 200g,1,12000,14
703147,20250818,M101463,20250615,CS103,またたびスティック 30本,1,3800,11
703148,20250825,M101463,20250615,CT102,肉球バーム 10g,1,6800,14
703149,20241227,M101464,20241224,CE105,年間メンバーパス,1,4980,11
703150,20250302,M101464,20241224,CS104,減塩にぼし 500g,1,1280,11
703151,20250430,M101464,20241224,CH103,関節ケアコラーゲン 250g,1,980,11
703151,20250430,M101464,20241224,CT106,耳そうじシート 40枚,1,9800,11
703151,20250430,M101464,20241224,CT104,もこもこ泡シャンプー 300ml,2,19600,11
703152,20250826,M101464,20241224,CS104,減塩にぼし 500g,3,3840,11
703152,20250826,M101464,20241224,CE103,グルーミング講座,2,7600,11
703153,20251018,M101464,20241224,CE105,年間メンバーパス,1,4980,11
703154,20260102,M101464,20241224,CE102,しつけ教室チケット S,1,6800,11
703155,20240210,M101465,20240127,CF102,総合栄養食 まぐろ 100g,1,980,11
703156,20250509,M101466,20250504,CS101,かつおチップス 200g,3,36000,11
703157,20240505,M101467,20240425,CS104,減塩にぼし 500g,1,1280,11
703158,20240704,M101467,20240425,CT103,被毛ケアローション 190ml,1,1650,11
703159,20251127,M101468,20251105,CS101,かつおチップス 200g,1,12000,11
703159,20251127,M101468,20251105,CT108,毛玉ケアジェル 60g,2,1960,11
703160,20251204,M101468,20251105,CT102,肉球バーム 10g,1,6800,11
703160,20251204,M101468,20251105,CT108,毛玉ケアジェル 60g,1,980,11
703161,20251218,M101468,20251105,CS104,減塩にぼし 500g,1,1280,11
703161,20251218,M101468,20251105,CT104,もこもこ泡シャンプー 300ml,1,9800,11
703162,20260319,M101468,20251105,CH103,関節ケアコラーゲン 250g,2,1960,11
703163,20250622,M101469,20250615,CT104,もこもこ泡シャンプー 300ml,1,9800,11
703164,20231223,M101470,20190608,CH102,毛玉ケアパウダー 180回分,2,3300,11
703165,20241128,M101471,20241110,CT106,耳そうじシート 40枚,1,9800,11
703165,20241128,M101471,20241110,CS101,かつおチップス 200g,1,12000,11
703166,20241112,M101472,20241105,CT108,毛玉ケアジェル 60g,1,980,11
703167,20241124,M101472,20241105,CS101,かつおチップス 200g,1,12000,11
703167,20241124,M101472,20241105,CT104,もこもこ泡シャンプー 300ml,2,19600,11
703167,20241124,M101472,20241105,CT102,肉球バーム 10g,1,6800,11
703167,20241124,M101472,20241105,CE102,しつけ教室チケット S,1,6800,11
703168,20250912,M101472,20241105,CS104,減塩にぼし 500g,1,1280,11
703169,20250814,M101473,20250721,CT102,肉球バーム 10g,1,6800,11
703170,20260118,M101473,20250721,CS101,かつおチップス 200g,2,24000,11
703170,20260118,M101473,20250721,CT106,耳そうじシート 40枚,1,9800,11
703171,20260408,M101473,20250721,CT104,もこもこ泡シャンプー 300ml,1,9800,11
703172,20241104,M101474,20241031,CS104,減塩にぼし 500g,2,2560,11
703173,20241114,M101474,20241031,CE104,オンライン相談パス,1,2200,11
703174,20250301,M101474,20241031,CH103,関節ケアコラーゲン 250g,1,980,11
703174,20250301,M101474,20241031,CT106,耳そうじシート 40枚,1,9800,11
703174,20250301,M101474,20241031,CE105,年間メンバーパス,1,4980,11
703175,20250512,M101474,20241031,CT106,耳そうじシート 40枚,1,9800,11
703176,20250405,M101475,20250328,CH102,毛玉ケアパウダー 180回分,3,4950,14
703177,20240909,M101476,20240818,CT106,耳そうじシート 40枚,1,9800,11
703178,20250131,M101476,20240818,CT103,被毛ケアローション 190ml,1,1650,11
703178,20250131,M101476,20240818,CH103,関節ケアコラーゲン 250g,1,980,11
703178,20250131,M101476,20240818,CE103,グルーミング講座,1,3800,11
703178,20250131,M101476,20240818,CS101,かつおチップス 200g,1,12000,11
703179,20231224,M101477,20200903,CT106,耳そうじシート 40枚,1,9800,11
703180,20240108,M101478,20170413,CT106,耳そうじシート 40枚,2,19600,11
703181,20240729,M101478,20170413,CS103,またたびスティック 30本,1,3800,11
703181,20240729,M101478,20170413,CT106,耳そうじシート 40枚,1,9800,11
703182,20241031,M101478,20170413,CT106,耳そうじシート 40枚,1,9800,11
703183,20241107,M101478,20170413,CT106,耳そうじシート 40枚,1,9800,11
703184,20241205,M101478,20170413,CT104,もこもこ泡シャンプー 300ml,1,9800,14
703184,20241205,M101478,20170413,CT108,毛玉ケアジェル 60g,1,980,14
703185,20240202,M101479,20240115,CT102,肉球バーム 10g,1,6800,11
703186,20251106,M101480,20251019,CS102,ささみチップス 200g,2,9960,11
703187,20260123,M101480,20251019,CS103,またたびスティック 30本,1,3800,11
703187,20260123,M101480,20251019,CE104,オンライン相談パス,1,2200,11
703188,20260603,M101481,20260517,CS101,かつおチップス 200g,3,36000,11
703189,20240112,M101482,20230803,CS104,減塩にぼし 500g,1,1280,11
703189,20240112,M101482,20230803,CT102,肉球バーム 10g,1,6800,11
703190,20240506,M101483,20240505,CS101,かつおチップス 200g,1,12000,14
703190,20240506,M101483,20240505,CT104,もこもこ泡シャンプー 300ml,1,9800,14
703191,20260406,M101484,20260330,CT106,耳そうじシート 40枚,1,9800,11
703192,20260506,M101484,20260330,CT108,毛玉ケアジェル 60g,1,980,11
703193,20250507,M101485,20250507,CT106,耳そうじシート 40枚,1,9800,09
703194,20250814,M101485,20250507,CS104,減塩にぼし 500g,1,1280,11
703195,20251001,M101485,20250507,CS104,減塩にぼし 500g,1,1280,11
703196,20251124,M101485,20250507,CT106,耳そうじシート 40枚,1,9800,11
703197,20251227,M101485,20250507,CT106,耳そうじシート 40枚,1,9800,11
703197,20251227,M101485,20250507,CT102,肉球バーム 10g,1,6800,11
703198,20260106,M101485,20250507,CT104,もこもこ泡シャンプー 300ml,1,9800,11
703199,20241221,M101486,20241206,CH102,毛玉ケアパウダー 180回分,1,1650,11
703199,20241221,M101486,20241206,CT103,被毛ケアローション 190ml,1,1650,11
703199,20241221,M101486,20241206,CT102,肉球バーム 10g,1,6800,11
703199,20241221,M101486,20241206,CS101,かつおチップス 200g,1,12000,11
703200,20250115,M101486,20241206,CS101,かつおチップス 200g,2,24000,11
703201,20251029,M101487,20251015,CT106,耳そうじシート 40枚,2,19600,11
703201,20251029,M101487,20251015,CS101,かつおチップス 200g,1,12000,11
703201,20251029,M101487,20251015,CH102,毛玉ケアパウダー 180回分,1,1650,11
703202,20250228,M101488,20250206,CF102,総合栄養食 まぐろ 100g,1,980,11
703202,20250228,M101488,20250206,CT106,耳そうじシート 40枚,3,29400,11
703202,20250228,M101488,20250206,CS101,かつおチップス 200g,1,12000,11
703203,20250227,M101489,20250225,CT106,耳そうじシート 40枚,3,29400,11
703203,20250227,M101489,20250225,CT104,もこもこ泡シャンプー 300ml,1,9800,11
703204,20250514,M101489,20250225,CT103,被毛ケアローション 190ml,1,1650,11
703204,20250514,M101489,20250225,CH103,関節ケアコラーゲン 250g,1,980,11
703205,20240110,M101490,20171124,CS101,かつおチップス 200g,1,12000,11
703205,20240110,M101490,20171124,CF103,陶器のごはん皿 S,1,1650,11
703206,20240402,M101490,20171124,CS102,ささみチップス 200g,1,4980,11
703207,20241222,M101490,20171124,CT106,耳そうじシート 40枚,1,9800,11
703208,20250509,M101491,20250427,CT104,もこもこ泡シャンプー 300ml,1,9800,11
703209,20250614,M101491,20250427,CS104,減塩にぼし 500g,1,1280,11
703210,20250923,M101491,20250427,CT104,もこもこ泡シャンプー 300ml,1,9800,11
703211,20260114,M101492,20251223,CH106,腸内フローラ乳酸菌 60粒,2,24000,11
703211,20260114,M101492,20251223,CT108,毛玉ケアジェル 60g,1,980,11
703211,20260114,M101492,20251223,CS101,かつおチップス 200g,1,12000,11
703212,20260421,M101492,20251223,CE103,グルーミング講座,1,3800,11
703213,20240712,M101493,20240707,CT104,もこもこ泡シャンプー 300ml,1,9800,11
703214,20241018,M101493,20240707,CS104,減塩にぼし 500g,1,1280,11
703214,20241018,M101493,20240707,CE102,しつけ教室チケット S,3,20400,11
703215,20260510,M101494,20260422,CT104,もこもこ泡シャンプー 300ml,1,9800,11
703215,20260510,M101494,20260422,CT103,被毛ケアローション 190ml,1,1650,11
703215,20260510,M101494,20260422,CS101,かつおチップス 200g,1,12000,11
703216,20260527,M101494,20260422,CT106,耳そうじシート 40枚,1,9800,11
703217,20240308,M101495,20240217,CT106,耳そうじシート 40枚,1,9800,11
703218,20240524,M101495,20240217,CT101,肉球バーム 100g,1,1650,11
703218,20240524,M101495,20240217,CF101,総合栄養食 まぐろ 500g,1,12000,11
703218,20240524,M101495,20240217,CS104,減塩にぼし 500g,1,1280,11
703219,20250628,M101496,20250607,CT104,もこもこ泡シャンプー 300ml,1,9800,11
703219,20250628,M101496,20250607,CE103,グルーミング講座,1,3800,11
703220,20260302,M101497,20260206,CE105,年間メンバーパス,1,4980,11
703220,20260302,M101497,20260206,CT102,肉球バーム 10g,1,6800,11
703221,20260329,M101497,20260206,CT106,耳そうじシート 40枚,1,9800,11
703221,20260329,M101497,20260206,CT103,被毛ケアローション 190ml,2,3300,11
703222,20250207,M101498,20250124,CT102,肉球バーム 10g,1,6800,11
703223,20250319,M101498,20250124,CT104,もこもこ泡シャンプー 300ml,1,9800,11
703223,20250319,M101498,20250124,CE105,年間メンバーパス,1,4980,11
703223,20250319,M101498,20250124,CS101,かつおチップス 200g,1,12000,11
703224,20250429,M101498,20250124,CT104,もこもこ泡シャンプー 300ml,1,9800,11
703225,20250903,M101499,20250818,CT104,もこもこ泡シャンプー 300ml,1,9800,11
703226,20240219,M101500,20240215,CT102,肉球バーム 10g,1,6800,11
703226,20240219,M101500,20240215,CT101,肉球バーム 100g,2,3300,11
703227,20240301,M101500,20240215,CT106,耳そうじシート 40枚,1,9800,11
703227,20240301,M101500,20240215,CT104,もこもこ泡シャンプー 300ml,2,19600,11
703228,20250921,M101501,20250827,CS101,かつおチップス 200g,1,12000,14
703228,20250921,M101501,20250827,CT107,デンタルジェル 50ml,2,3300,14
703228,20250921,M101501,20250827,CT104,もこもこ泡シャンプー 300ml,1,9800,14
703228,20250921,M101501,20250827,CH101,猫用マルチビタミン 180粒,2,1960,14
703229,20251227,M101501,20250827,CT102,肉球バーム 10g,1,6800,11
703230,20250502,M101502,20250418,CS102,ささみチップス 200g,1,4980,11
703231,20250429,M101503,20250405,CT106,耳そうじシート 40枚,2,19600,11
703232,20250608,M101503,20250405,CF102,総合栄養食 まぐろ 100g,1,980,11
703232,20250608,M101503,20250405,CT106,耳そうじシート 40枚,3,29400,11
703233,20251027,M101504,20251016,CF104,給水器フィルター,1,1280,11
703233,20251027,M101504,20251016,CT106,耳そうじシート 40枚,1,9800,11
703233,20251027,M101504,20251016,CT102,肉球バーム 10g,2,13600,11
703234,20251212,M101504,20251016,CT106,耳そうじシート 40枚,1,9800,11
703235,20250811,M101505,20250717,CF102,総合栄養食 まぐろ 100g,1,980,11
703235,20250811,M101505,20250717,CF103,陶器のごはん皿 S,1,1650,11
703236,20250901,M101505,20250717,CS101,かつおチップス 200g,2,24000,11
703237,20260507,M101505,20250717,CH102,毛玉ケアパウダー 180回分,1,1650,11
703237,20260507,M101505,20250717,CT104,もこもこ泡シャンプー 300ml,1,9800,11
703238,20240329,M101506,20240325,CT106,耳そうじシート 40枚,1,9800,09
703239,20240504,M101506,20240325,CH103,関節ケアコラーゲン 250g,2,1960,11
703239,20240504,M101506,20240325,CT103,被毛ケアローション 190ml,1,1650,11
703239,20240504,M101506,20240325,CT104,もこもこ泡シャンプー 300ml,2,19600,11
703240,20240527,M101506,20240325,CS105,ミルク仕立ておやつ 300g,3,2940,11
703240,20240527,M101506,20240325,CT106,耳そうじシート 40枚,1,9800,11
703240,20240527,M101506,20240325,CT102,肉球バーム 10g,1,6800,11
703241,20240605,M101506,20240325,CT105,ふわもこブラシ,1,2980,11
703242,20240703,M101506,20240325,CT102,肉球バーム 10g,1,6800,11
703242,20240703,M101506,20240325,CT103,被毛ケアローション 190ml,2,3300,11
703243,20240814,M101506,20240325,CS104,減塩にぼし 500g,3,3840,11
703244,20240105,M101507,20230713,CS101,かつおチップス 200g,1,12000,11
703245,20240126,M101507,20230713,CH102,毛玉ケアパウダー 180回分,1,1650,11
703245,20240126,M101507,20230713,CT104,もこもこ泡シャンプー 300ml,1,9800,11
703246,20240215,M101507,20230713,CT106,耳そうじシート 40枚,1,9800,11
703247,20251031,M101508,20251029,CT104,もこもこ泡シャンプー 300ml,2,19600,11
703247,20251031,M101508,20251029,CT106,耳そうじシート 40枚,1,9800,11
703248,20251205,M101508,20251029,CE105,年間メンバーパス,1,4980,11
703249,20240910,M101509,20240905,CE105,年間メンバーパス,1,4980,11
703249,20240910,M101509,20240905,CS101,かつおチップス 200g,1,12000,11
703250,20241006,M101509,20240905,CS101,かつおチップス 200g,3,36000,11
703251,20260416,M101510,20260328,CE105,年間メンバーパス,1,4980,11
703252,20260608,M101510,20260328,CS104,減塩にぼし 500g,1,1280,11
703253,20260214,M101511,20260211,CT106,耳そうじシート 40枚,1,9800,11
703253,20260214,M101511,20260211,CE102,しつけ教室チケット S,2,13600,11
703253,20260214,M101511,20260211,CE104,オンライン相談パス,1,2200,11
703254,20240114,M101512,20190514,CE103,グルーミング講座,1,3800,11
703255,20250314,M101513,20250310,CT106,耳そうじシート 40枚,1,9800,11
703255,20250314,M101513,20250310,CF102,総合栄養食 まぐろ 100g,1,980,11
703256,20250602,M101513,20250310,CT106,耳そうじシート 40枚,1,9800,11
703256,20250602,M101513,20250310,CS102,ささみチップス 200g,3,14940,11
703257,20251020,M101514,20251020,CS104,減塩にぼし 500g,1,1280,11
703257,20251020,M101514,20251020,CT108,毛玉ケアジェル 60g,1,980,11
703258,20240304,M101515,20240223,CS101,かつおチップス 200g,1,12000,11
703259,20240623,M101515,20240223,CS104,減塩にぼし 500g,1,1280,11
703259,20240623,M101515,20240223,CS101,かつおチップス 200g,2,24000,11
703259,20240623,M101515,20240223,CT102,肉球バーム 10g,1,6800,11
703259,20240623,M101515,20240223,CT104,もこもこ泡シャンプー 300ml,1,9800,11
703260,20260207,M101516,20260128,CT104,もこもこ泡シャンプー 300ml,1,9800,11
703261,20240529,M101517,20240510,CT103,被毛ケアローション 190ml,1,1650,11
703262,20240626,M101517,20240510,CT103,被毛ケアローション 190ml,2,3300,11
703263,20240929,M101517,20240510,CE105,年間メンバーパス,1,4980,11
703264,20241201,M101517,20240510,CT106,耳そうじシート 40枚,1,9800,11
703264,20241201,M101517,20240510,CT103,被毛ケアローション 190ml,2,3300,11
703264,20241201,M101517,20240510,CF105,竹のフードスクープ,1,980,11
703265,20241229,M101517,20240510,CT106,耳そうじシート 40枚,1,9800,11
703266,20251113,M101518,20251107,CT106,耳そうじシート 40枚,1,9800,11
703267,20241001,M101519,20240929,CS104,減塩にぼし 500g,1,1280,11
703268,20250110,M101519,20240929,CS104,減塩にぼし 500g,1,1280,11
703269,20250120,M101519,20240929,CT102,肉球バーム 10g,1,6800,11
703269,20250120,M101519,20240929,CS101,かつおチップス 200g,1,12000,11
703270,20250526,M101519,20240929,CS101,かつおチップス 200g,1,12000,11
703270,20250526,M101519,20240929,CT103,被毛ケアローション 190ml,3,4950,11
703271,20260411,M101520,20260411,CS101,かつおチップス 200g,1,12000,11
703271,20260411,M101520,20260411,CH102,毛玉ケアパウダー 180回分,1,1650,11
703271,20260411,M101520,20260411,CE102,しつけ教室チケット S,1,6800,11
703271,20260411,M101520,20260411,CS104,減塩にぼし 500g,1,1280,11
703272,20260610,M101520,20260411,CT106,耳そうじシート 40枚,1,9800,11
703272,20260610,M101520,20260411,CT108,毛玉ケアジェル 60g,1,980,11
703273,20260330,M101521,20260323,CT103,被毛ケアローション 190ml,1,1650,09
703274,20251109,M101522,20251028,CT108,毛玉ケアジェル 60g,1,980,11
703274,20251109,M101522,20251028,CH102,毛玉ケアパウダー 180回分,1,1650,11
703275,20251025,M101523,20251014,CS104,減塩にぼし 500g,1,1280,11
703276,20251101,M101523,20251014,CT104,もこもこ泡シャンプー 300ml,1,9800,11
703277,20251122,M101523,20251014,CF103,陶器のごはん皿 S,1,1650,11
703277,20251122,M101523,20251014,CT102,肉球バーム 10g,2,13600,11
703277,20251122,M101523,20251014,CT104,もこもこ泡シャンプー 300ml,1,9800,11
703277,20251122,M101523,20251014,CS104,減塩にぼし 500g,1,1280,11
703278,20251229,M101523,20251014,CS104,減塩にぼし 500g,1,1280,11
703278,20251229,M101523,20251014,CS101,かつおチップス 200g,1,12000,11
703279,20260507,M101523,20251014,CT102,肉球バーム 10g,1,6800,11
703280,20250124,M101524,20250122,CS104,減塩にぼし 500g,1,1280,11
703281,20250217,M101524,20250122,CT106,耳そうじシート 40枚,1,9800,11
703282,20250430,M101524,20250122,CS101,かつおチップス 200g,1,12000,11
703283,20250804,M101524,20250122,CS101,かつおチップス 200g,1,12000,11
703283,20250804,M101524,20250122,CT102,肉球バーム 10g,1,6800,11
703283,20250804,M101524,20250122,CE105,年間メンバーパス,1,4980,11
703284,20251005,M101524,20250122,CT104,もこもこ泡シャンプー 300ml,1,9800,11
703285,20240220,M101525,20240218,CE105,年間メンバーパス,1,4980,11
703285,20240220,M101525,20240218,CT104,もこもこ泡シャンプー 300ml,1,9800,11
703286,20240629,M101525,20240218,CT106,耳そうじシート 40枚,1,9800,11
703286,20240629,M101525,20240218,CT102,肉球バーム 10g,1,6800,11
703286,20240629,M101525,20240218,CT104,もこもこ泡シャンプー 300ml,1,9800,11
703287,20241012,M101525,20240218,CT107,デンタルジェル 50ml,1,1650,11
703288,20241022,M101525,20240218,CT106,耳そうじシート 40枚,1,9800,11
703289,20260209,M101526,20260203,CE105,年間メンバーパス,1,4980,14
703290,20260427,M101527,20260407,CT104,もこもこ泡シャンプー 300ml,2,19600,11
703290,20260427,M101527,20260407,CE105,年間メンバーパス,1,4980,11
703291,20260507,M101527,20260407,CE103,グルーミング講座,1,3800,11
703291,20260507,M101527,20260407,CF101,総合栄養食 まぐろ 500g,1,12000,11
703292,20260521,M101527,20260407,CE105,年間メンバーパス,1,4980,11
703293,20240115,M101528,20170813,CT104,もこもこ泡シャンプー 300ml,1,9800,11
703294,20240126,M101528,20170813,CT108,毛玉ケアジェル 60g,2,1960,11
703294,20240126,M101528,20170813,CT106,耳そうじシート 40枚,1,9800,11
703294,20240126,M101528,20170813,CS104,減塩にぼし 500g,1,1280,11
703294,20240126,M101528,20170813,CF101,総合栄養食 まぐろ 500g,1,12000,11
703295,20240204,M101528,20170813,CS104,減塩にぼし 500g,1,1280,11
703295,20240204,M101528,20170813,CS101,かつおチップス 200g,1,12000,11
703296,20250324,M101529,20250307,CT106,耳そうじシート 40枚,1,9800,11
703297,20250920,M101529,20250307,CF102,総合栄養食 まぐろ 100g,1,980,11
703297,20250920,M101529,20250307,CS104,減塩にぼし 500g,1,1280,11
703297,20250920,M101529,20250307,CT104,もこもこ泡シャンプー 300ml,1,9800,11
703298,20251019,M101529,20250307,CS104,減塩にぼし 500g,1,1280,11
703298,20251019,M101529,20250307,CT104,もこもこ泡シャンプー 300ml,1,9800,11
703299,20260205,M101529,20250307,CT104,もこもこ泡シャンプー 300ml,1,9800,11
703300,20260320,M101529,20250307,CT106,耳そうじシート 40枚,2,19600,11
703301,20240802,M101530,20240721,CT108,毛玉ケアジェル 60g,1,980,11
703302,20241125,M101530,20240721,CT106,耳そうじシート 40枚,1,9800,11
703303,20240115,M101531,20180410,CT102,肉球バーム 10g,1,6800,11
703304,20240220,M101531,20180410,CT106,耳そうじシート 40枚,1,9800,11
703305,20240302,M101531,20180410,CS104,減塩にぼし 500g,1,1280,11
703305,20240302,M101531,20180410,CS101,かつおチップス 200g,1,12000,11
703305,20240302,M101531,20180410,CT103,被毛ケアローション 190ml,1,1650,11
703306,20250403,M101532,20250309,CE105,年間メンバーパス,1,4980,11
703307,20240724,M101533,20240719,CS103,またたびスティック 30本,1,3800,11
703307,20240724,M101533,20240719,CE104,オンライン相談パス,2,4400,11
703307,20240724,M101533,20240719,CE105,年間メンバーパス,1,4980,11
703308,20241027,M101533,20240719,CE105,年間メンバーパス,1,4980,11
703308,20241027,M101533,20240719,CT102,肉球バーム 10g,1,6800,11
703309,20241125,M101533,20240719,CE102,しつけ教室チケット S,1,6800,11
703310,20250918,M101533,20240719,CS101,かつおチップス 200g,2,24000,11
703310,20250918,M101533,20240719,CF103,陶器のごはん皿 S,1,1650,11
703310,20250918,M101533,20240719,CH102,毛玉ケアパウダー 180回分,1,1650,11
703311,20251225,M101533,20240719,CE101,しつけ教室チケット A,1,2980,11
703312,20251229,M101534,20251225,CS104,減塩にぼし 500g,1,1280,11
703313,20260425,M101535,20260417,CT106,耳そうじシート 40枚,1,9800,11
703313,20260425,M101535,20260417,CE105,年間メンバーパス,3,14940,11
703314,20260516,M101535,20260417,CS101,かつおチップス 200g,2,24000,11
703315,20240110,M101536,20201121,CS103,またたびスティック 30本,1,3800,11
703316,20240411,M101537,20240323,CS101,かつおチップス 200g,1,12000,11
703317,20260118,M101538,20260104,CS101,かつおチップス 200g,1,12000,11
703317,20260118,M101538,20260104,CS104,減塩にぼし 500g,1,1280,11
703317,20260118,M101538,20260104,CE105,年間メンバーパス,1,4980,11
703317,20260118,M101538,20260104,CT104,もこもこ泡シャンプー 300ml,1,9800,11
703318,20260428,M101538,20260104,CT102,肉球バーム 10g,2,13600,11
703319,20241207,M101539,20241121,CS104,減塩にぼし 500g,2,2560,11
703319,20241207,M101539,20241121,CT102,肉球バーム 10g,1,6800,11
703320,20250129,M101539,20241121,CT106,耳そうじシート 40枚,1,9800,11
703320,20250129,M101539,20241121,CS103,またたびスティック 30本,1,3800,11
703320,20250129,M101539,20241121,CT104,もこもこ泡シャンプー 300ml,1,9800,11
703321,20240202,M101540,20240114,CT104,もこもこ泡シャンプー 300ml,1,9800,11
703321,20240202,M101540,20240114,CH102,毛玉ケアパウダー 180回分,1,1650,11
703321,20240202,M101540,20240114,CS101,かつおチップス 200g,1,12000,11
703322,20240227,M101540,20240114,CT104,もこもこ泡シャンプー 300ml,2,19600,11
703322,20240227,M101540,20240114,CT102,肉球バーム 10g,1,6800,11
703322,20240227,M101540,20240114,CT108,毛玉ケアジェル 60g,3,2940,11
703323,20260124,M101541,20251230,CH101,猫用マルチビタミン 180粒,1,980,11
703323,20260124,M101541,20251230,CT106,耳そうじシート 40枚,1,9800,11
703324,20240211,M101542,20240131,CH102,毛玉ケアパウダー 180回分,3,4950,11
703324,20240211,M101542,20240131,CH105,鉄分＋葉酸タブレット 90粒,3,3840,11
703325,20240228,M101542,20240131,CT106,耳そうじシート 40枚,1,9800,11
703326,20240311,M101542,20240131,CT108,毛玉ケアジェル 60g,2,1960,11
703327,20240426,M101542,20240131,CS101,かつおチップス 200g,1,12000,11
703327,20240426,M101542,20240131,CT106,耳そうじシート 40枚,1,9800,11
703328,20250217,M101543,20250202,CT106,耳そうじシート 40枚,2,19600,11
703328,20250217,M101543,20250202,CT104,もこもこ泡シャンプー 300ml,1,9800,11
703329,20240112,M101544,20210312,CT106,耳そうじシート 40枚,1,9800,14
703330,20240210,M101544,20210312,CT108,毛玉ケアジェル 60g,3,2940,11
703331,20240405,M101544,20210312,CT103,被毛ケアローション 190ml,1,1650,14
703332,20240421,M101544,20210312,CS101,かつおチップス 200g,2,24000,11
703332,20240421,M101544,20210312,CF101,総合栄養食 まぐろ 500g,1,12000,11
703333,20240111,M101545,20221225,CT104,もこもこ泡シャンプー 300ml,1,9800,11
703334,20240618,M101545,20221225,CS104,減塩にぼし 500g,1,1280,11
703334,20240618,M101545,20221225,CT106,耳そうじシート 40枚,1,9800,11
703335,20251217,M101546,20251210,CH102,毛玉ケアパウダー 180回分,1,1650,11
703335,20251217,M101546,20251210,CT104,もこもこ泡シャンプー 300ml,2,19600,11
703336,20260216,M101546,20251210,CT104,もこもこ泡シャンプー 300ml,1,9800,11
703336,20260216,M101546,20251210,CF102,総合栄養食 まぐろ 100g,1,980,11
703336,20260216,M101546,20251210,CS101,かつおチップス 200g,1,12000,11
703337,20260529,M101546,20251210,CH102,毛玉ケアパウダー 180回分,2,3300,11
703337,20260529,M101546,20251210,CS103,またたびスティック 30本,1,3800,11
703338,20240410,M101547,20240410,CT106,耳そうじシート 40枚,1,9800,11
703339,20240113,M101548,20240113,CT104,もこもこ泡シャンプー 300ml,1,9800,11
703340,20240215,M101548,20240113,CT106,耳そうじシート 40枚,1,9800,11
703340,20240215,M101548,20240113,CT102,肉球バーム 10g,1,6800,11
703341,20240320,M101548,20240113,CT102,肉球バーム 10g,1,6800,11
703341,20240320,M101548,20240113,CE105,年間メンバーパス,1,4980,11
703342,20240418,M101548,20240113,CE104,オンライン相談パス,1,2200,11
703343,20240103,M101549,20200616,CT104,もこもこ泡シャンプー 300ml,1,9800,11
703343,20240103,M101549,20200616,CT103,被毛ケアローション 190ml,1,1650,11
703344,20240806,M101550,20240719,CT106,耳そうじシート 40枚,1,9800,11
703344,20240806,M101550,20240719,CS102,ささみチップス 200g,1,4980,11
703345,20240424,M101551,20240405,CS101,かつおチップス 200g,2,24000,11
703345,20240424,M101551,20240405,CT106,耳そうじシート 40枚,1,9800,11
703345,20240424,M101551,20240405,CE105,年間メンバーパス,1,4980,11
703346,20240803,M101551,20240405,CT104,もこもこ泡シャンプー 300ml,1,9800,11
703347,20250428,M101552,20250418,CT104,もこもこ泡シャンプー 300ml,2,19600,11
703347,20250428,M101552,20250418,CT106,耳そうじシート 40枚,1,9800,11
703348,20260325,M101553,20260312,CT103,被毛ケアローション 190ml,1,1650,11
703348,20260325,M101553,20260312,CT106,耳そうじシート 40枚,1,9800,11
703349,20260426,M101553,20260312,CT108,毛玉ケアジェル 60g,1,980,11
703350,20250512,M101554,20250504,CT106,耳そうじシート 40枚,1,9800,11
703351,20250709,M101555,20250627,CT106,耳そうじシート 40枚,1,9800,14
703352,20240628,M101556,20240618,CT104,もこもこ泡シャンプー 300ml,2,19600,11
703353,20240723,M101556,20240618,CT106,耳そうじシート 40枚,3,29400,09
703354,20240905,M101556,20240618,CE102,しつけ教室チケット S,2,13600,11
703355,20241125,M101556,20240618,CT106,耳そうじシート 40枚,1,9800,11
703355,20241125,M101556,20240618,CS101,かつおチップス 200g,1,12000,11
703355,20241125,M101556,20240618,CT108,毛玉ケアジェル 60g,2,1960,11
703356,20250124,M101556,20240618,CT104,もこもこ泡シャンプー 300ml,1,9800,11
703357,20260601,M101557,20260530,CT108,毛玉ケアジェル 60g,2,1960,11
703358,20260614,M101557,20260530,CS103,またたびスティック 30本,1,3800,11
703358,20260614,M101557,20260530,CS104,減塩にぼし 500g,2,2560,11
703358,20260614,M101557,20260530,CT106,耳そうじシート 40枚,3,29400,11
703359,20250731,M101558,20250725,CT104,もこもこ泡シャンプー 300ml,1,9800,11
703359,20250731,M101558,20250725,CT106,耳そうじシート 40枚,1,9800,11
703359,20250731,M101558,20250725,CS101,かつおチップス 200g,1,12000,11
703359,20250731,M101558,20250725,CT102,肉球バーム 10g,1,6800,11
703360,20260111,M101559,20251226,CT106,耳そうじシート 40枚,1,9800,11
703360,20260111,M101559,20251226,CT102,肉球バーム 10g,2,13600,11
703360,20260111,M101559,20251226,CS104,減塩にぼし 500g,1,1280,11
703361,20260310,M101559,20251226,CS104,減塩にぼし 500g,1,1280,11
703362,20250419,M101560,20250413,CT108,毛玉ケアジェル 60g,1,980,11
703363,20250907,M101560,20250413,CF101,総合栄養食 まぐろ 500g,1,12000,11
703364,20240109,M101561,20231230,CS101,かつおチップス 200g,1,12000,11
703364,20240109,M101561,20231230,CT106,耳そうじシート 40枚,1,9800,11
703365,20240820,M101561,20231230,CT104,もこもこ泡シャンプー 300ml,2,19600,11
703366,20240827,M101561,20231230,CS102,ささみチップス 200g,1,4980,11
703367,20240203,M101562,20240201,CS101,かつおチップス 200g,1,12000,11
703368,20240422,M101562,20240201,CS104,減塩にぼし 500g,1,1280,14
703369,20240701,M101562,20240201,CT103,被毛ケアローション 190ml,1,1650,11
703370,20260530,M101563,20260528,CS101,かつおチップス 200g,1,12000,11
703371,20260610,M101563,20260528,CS101,かつおチップス 200g,1,12000,11
703372,20260514,M101564,20260513,CT106,耳そうじシート 40枚,1,9800,11
703373,20240926,M101565,20240917,CT104,もこもこ泡シャンプー 300ml,1,9800,11
703373,20240926,M101565,20240917,CT102,肉球バーム 10g,1,6800,11
703374,20241025,M101565,20240917,CT106,耳そうじシート 40枚,1,9800,11
703375,20260213,M101565,20240917,CT108,毛玉ケアジェル 60g,1,980,11
703376,20260331,M101565,20240917,CS101,かつおチップス 200g,1,12000,11
703377,20240507,M101566,20240422,CT104,もこもこ泡シャンプー 300ml,1,9800,11
703378,20240214,M101567,20240128,CS104,減塩にぼし 500g,2,2560,11
703378,20240214,M101567,20240128,CH102,毛玉ケアパウダー 180回分,1,1650,11
703379,20240330,M101567,20240128,CT101,肉球バーム 100g,1,1650,09
703380,20250722,M101568,20250628,CH102,毛玉ケアパウダー 180回分,1,1650,11
703381,20250812,M101568,20250628,CS101,かつおチップス 200g,1,12000,11
703382,20260219,M101568,20250628,CH101,猫用マルチビタミン 180粒,1,980,11
703382,20260219,M101568,20250628,CT106,耳そうじシート 40枚,1,9800,11
703383,20260303,M101568,20250628,CS102,ささみチップス 200g,1,4980,11
703384,20260217,M101569,20260207,CT106,耳そうじシート 40枚,1,9800,11
703385,20260225,M101569,20260207,CT106,耳そうじシート 40枚,1,9800,11
703385,20260225,M101569,20260207,CT103,被毛ケアローション 190ml,1,1650,11
703386,20260505,M101569,20260207,CE105,年間メンバーパス,1,4980,11
703387,20260521,M101569,20260207,CT106,耳そうじシート 40枚,1,9800,14
703387,20260521,M101569,20260207,CT104,もこもこ泡シャンプー 300ml,1,9800,14
703387,20260521,M101569,20260207,CS101,かつおチップス 200g,2,24000,14
703388,20240112,M101570,20200509,CF102,総合栄養食 まぐろ 100g,1,980,11
703389,20241214,M101570,20200509,CT104,もこもこ泡シャンプー 300ml,1,9800,11
703390,20260115,M101571,20260111,CF102,総合栄養食 まぐろ 100g,1,980,11
703391,20260102,M101572,20251220,CH106,腸内フローラ乳酸菌 60粒,1,12000,11
703392,20260525,M101572,20251220,CH106,腸内フローラ乳酸菌 60粒,2,24000,11
703393,20240219,M101573,20240219,CF102,総合栄養食 まぐろ 100g,1,980,11
703393,20240219,M101573,20240219,CS101,かつおチップス 200g,1,12000,11
703393,20240219,M101573,20240219,CS104,減塩にぼし 500g,1,1280,11
703394,20240408,M101574,20240323,CS104,減塩にぼし 500g,3,3840,11
703395,20240420,M101574,20240323,CT104,もこもこ泡シャンプー 300ml,1,9800,11
703396,20251222,M101575,20251211,CE105,年間メンバーパス,1,4980,11
703396,20251222,M101575,20251211,CS103,またたびスティック 30本,1,3800,11
703396,20251222,M101575,20251211,CT104,もこもこ泡シャンプー 300ml,2,19600,11
703397,20231226,M101576,20171221,CT104,もこもこ泡シャンプー 300ml,1,9800,11
703397,20231226,M101576,20171221,CS101,かつおチップス 200g,1,12000,11
703398,20240213,M101576,20171221,CF102,総合栄養食 まぐろ 100g,1,980,11
703398,20240213,M101576,20171221,CS101,かつおチップス 200g,2,24000,11
703399,20240722,M101576,20171221,CT102,肉球バーム 10g,1,6800,11
703399,20240722,M101576,20171221,CE102,しつけ教室チケット S,1,6800,11
703400,20241019,M101577,20241003,CT102,肉球バーム 10g,1,6800,14
703400,20241019,M101577,20241003,CT108,毛玉ケアジェル 60g,1,980,14
703400,20241019,M101577,20241003,CE105,年間メンバーパス,3,14940,14
703401,20241114,M101577,20241003,CE105,年間メンバーパス,1,4980,11
703402,20250904,M101578,20250822,CT102,肉球バーム 10g,1,6800,11
703403,20240922,M101579,20240901,CS103,またたびスティック 30本,1,3800,11
703404,20241026,M101580,20241010,CT102,肉球バーム 10g,3,20400,11
703404,20241026,M101580,20241010,CT106,耳そうじシート 40枚,2,19600,11
703405,20250116,M101580,20241010,CT106,耳そうじシート 40枚,1,9800,11
703405,20250116,M101580,20241010,CS104,減塩にぼし 500g,1,1280,11
703406,20241122,M101581,20241108,CH103,関節ケアコラーゲン 250g,3,2940,11
703406,20241122,M101581,20241108,CF101,総合栄養食 まぐろ 500g,2,24000,11
703407,20251202,M101582,20251113,CT108,毛玉ケアジェル 60g,1,980,11
703408,20260108,M101582,20251113,CS104,減塩にぼし 500g,1,1280,11
703409,20260208,M101582,20251113,CE105,年間メンバーパス,1,4980,11
703409,20260208,M101582,20251113,CS103,またたびスティック 30本,1,3800,11
703410,20241227,M101583,20241204,CT104,もこもこ泡シャンプー 300ml,1,9800,11
703411,20250706,M101583,20241204,CH102,毛玉ケアパウダー 180回分,1,1650,11
703411,20250706,M101583,20241204,CT102,肉球バーム 10g,1,6800,11
703411,20250706,M101583,20241204,CE105,年間メンバーパス,1,4980,11
703411,20250706,M101583,20241204,CT106,耳そうじシート 40枚,3,29400,11
703412,20240111,M101584,20220905,CT102,肉球バーム 10g,1,6800,11
703412,20240111,M101584,20220905,CE105,年間メンバーパス,1,4980,11
703413,20240712,M101584,20220905,CS101,かつおチップス 200g,1,12000,11
703414,20250309,M101584,20220905,CS104,減塩にぼし 500g,1,1280,11
703415,20240109,M101585,20221015,CT108,毛玉ケアジェル 60g,1,980,11
703415,20240109,M101585,20221015,CE102,しつけ教室チケット S,1,6800,11
703416,20240922,M101586,20240903,CT102,肉球バーム 10g,1,6800,14
703417,20250222,M101586,20240903,CH102,毛玉ケアパウダー 180回分,1,1650,11
703418,20260529,M101587,20260514,CT106,耳そうじシート 40枚,2,19600,11
703418,20260529,M101587,20260514,CH102,毛玉ケアパウダー 180回分,1,1650,11
703419,20260531,M101588,20260526,CH102,毛玉ケアパウダー 180回分,1,1650,11
703420,20240110,M101589,20170415,CT104,もこもこ泡シャンプー 300ml,1,9800,11
703421,20240314,M101590,20240312,CS103,またたびスティック 30本,1,3800,11
703422,20241004,M101590,20240312,CT104,もこもこ泡シャンプー 300ml,1,9800,11
703423,20240912,M101591,20240822,CS101,かつおチップス 200g,1,12000,11
703424,20250714,M101591,20240822,CT108,毛玉ケアジェル 60g,1,980,11
703424,20250714,M101591,20240822,CT104,もこもこ泡シャンプー 300ml,1,9800,11
703425,20251105,M101591,20240822,CT102,肉球バーム 10g,1,6800,11
703426,20240817,M101592,20240813,CT106,耳そうじシート 40枚,1,9800,11
703427,20251121,M101593,20251105,CT106,耳そうじシート 40枚,1,9800,11
703428,20260503,M101593,20251105,CT102,肉球バーム 10g,2,13600,11
703428,20260503,M101593,20251105,CS102,ささみチップス 200g,1,4980,11
703429,20240107,M101594,20200107,CT106,耳そうじシート 40枚,2,19600,11
703429,20240107,M101594,20200107,CS101,かつおチップス 200g,1,12000,11
703429,20240107,M101594,20200107,CE105,年間メンバーパス,3,14940,11
703430,20240218,M101594,20200107,CE105,年間メンバーパス,1,4980,11
703431,20240427,M101594,20200107,CT104,もこもこ泡シャンプー 300ml,1,9800,11
703432,20250622,M101595,20250620,CE105,年間メンバーパス,3,14940,14
703432,20250622,M101595,20250620,CT104,もこもこ泡シャンプー 300ml,1,9800,14
703433,20250816,M101595,20250620,CS101,かつおチップス 200g,1,12000,11
703434,20250929,M101595,20250620,CT106,耳そうじシート 40枚,1,9800,11
703435,20250614,M101596,20250526,CS101,かつおチップス 200g,1,12000,11
703436,20250706,M101596,20250526,CT106,耳そうじシート 40枚,2,19600,11
703436,20250706,M101596,20250526,CT108,毛玉ケアジェル 60g,1,980,11
703437,20240409,M101597,20240401,CS101,かつおチップス 200g,1,12000,11
703438,20240801,M101597,20240401,CS101,かつおチップス 200g,1,12000,11
703438,20240801,M101597,20240401,CT106,耳そうじシート 40枚,2,19600,11
703438,20240801,M101597,20240401,CS103,またたびスティック 30本,1,3800,11
703439,20241201,M101597,20240401,CS105,ミルク仕立ておやつ 300g,1,980,11
703439,20241201,M101597,20240401,CF102,総合栄養食 まぐろ 100g,2,1960,11
703440,20241213,M101597,20240401,CT106,耳そうじシート 40枚,2,19600,11
703441,20250321,M101597,20240401,CT108,毛玉ケアジェル 60g,3,2940,11
703441,20250321,M101597,20240401,CS101,かつおチップス 200g,2,24000,11
703442,20250411,M101597,20240401,CE105,年間メンバーパス,1,4980,11
703443,20240417,M101598,20240408,CE105,年間メンバーパス,1,4980,14
703444,20250823,M101599,20250808,CT103,被毛ケアローション 190ml,1,1650,11
703444,20250823,M101599,20250808,CT106,耳そうじシート 40枚,1,9800,11
703445,20250901,M101599,20250808,CT102,肉球バーム 10g,2,13600,11
703446,20260513,M101599,20250808,CS104,減塩にぼし 500g,2,2560,11
703446,20260513,M101599,20250808,CS101,かつおチップス 200g,1,12000,11
703446,20260513,M101599,20250808,CT106,耳そうじシート 40枚,1,9800,11
703446,20260513,M101599,20250808,CT108,毛玉ケアジェル 60g,1,980,11
703447,20260617,M101599,20250808,CT106,耳そうじシート 40枚,1,9800,11
703447,20260617,M101599,20250808,CT104,もこもこ泡シャンプー 300ml,1,9800,11
703447,20260617,M101599,20250808,CT102,肉球バーム 10g,2,13600,11
703448,20250926,M101600,20250925,CT102,肉球バーム 10g,1,6800,11
703448,20250926,M101600,20250925,CT104,もこもこ泡シャンプー 300ml,1,9800,11
703448,20250926,M101600,20250925,CS101,かつおチップス 200g,1,12000,11
703449,20251205,M101600,20250925,CH102,毛玉ケアパウダー 180回分,1,1650,14
703450,20251217,M101600,20250925,CT104,もこもこ泡シャンプー 300ml,1,9800,11
703450,20251217,M101600,20250925,CS104,減塩にぼし 500g,2,2560,11
703451,20260107,M101600,20250925,CT104,もこもこ泡シャンプー 300ml,1,9800,11
703452,20240117,M101601,20231223,CT102,肉球バーム 10g,1,6800,11
703453,20240104,M101602,20211101,CH105,鉄分＋葉酸タブレット 90粒,1,1280,11
703453,20240104,M101602,20211101,CH103,関節ケアコラーゲン 250g,1,980,11
703454,20240117,M101602,20211101,CS103,またたびスティック 30本,1,3800,11
703455,20240426,M101602,20211101,CT106,耳そうじシート 40枚,1,9800,11
703456,20240903,M101602,20211101,CT102,肉球バーム 10g,1,6800,11
703457,20241205,M101602,20211101,CS102,ささみチップス 200g,2,9960,11
703458,20250402,M101602,20211101,CT106,耳そうじシート 40枚,1,9800,11
703458,20250402,M101602,20211101,CT104,もこもこ泡シャンプー 300ml,1,9800,11
703458,20250402,M101602,20211101,CS104,減塩にぼし 500g,1,1280,11
703459,20250824,M101602,20211101,CS101,かつおチップス 200g,1,12000,11
703459,20250824,M101602,20211101,CF104,給水器フィルター,1,1280,11
703460,20251115,M101602,20211101,CS101,かつおチップス 200g,1,12000,11
703461,20240106,M101603,20160229,CT104,もこもこ泡シャンプー 300ml,1,9800,11
703461,20240106,M101603,20160229,CS104,減塩にぼし 500g,2,2560,11
703462,20240222,M101603,20160229,CS101,かつおチップス 200g,1,12000,11
703463,20240505,M101604,20240504,CS101,かつおチップス 200g,1,12000,11
703464,20240523,M101604,20240504,CT104,もこもこ泡シャンプー 300ml,1,9800,11
703465,20240620,M101604,20240504,CT104,もこもこ泡シャンプー 300ml,1,9800,11
703466,20240629,M101604,20240504,CE105,年間メンバーパス,2,9960,11
703467,20241015,M101604,20240504,CE102,しつけ教室チケット S,1,6800,14
703467,20241015,M101604,20240504,CT106,耳そうじシート 40枚,1,9800,14
703467,20241015,M101604,20240504,CT102,肉球バーム 10g,1,6800,14
703468,20250718,M101605,20250718,CH101,猫用マルチビタミン 180粒,3,2940,11
703468,20250718,M101605,20250718,CS101,かつおチップス 200g,1,12000,11
703468,20250718,M101605,20250718,CT102,肉球バーム 10g,1,6800,11
703468,20250718,M101605,20250718,CS104,減塩にぼし 500g,1,1280,11
703469,20250824,M101605,20250718,CF102,総合栄養食 まぐろ 100g,1,980,11
703470,20250918,M101605,20250718,CE102,しつけ教室チケット S,1,6800,11
703470,20250918,M101605,20250718,CT106,耳そうじシート 40枚,1,9800,11
703471,20251123,M101605,20250718,CT103,被毛ケアローション 190ml,1,1650,11
703472,20260202,M101606,20260116,CT108,毛玉ケアジェル 60g,3,2940,11
703472,20260202,M101606,20260116,CS101,かつおチップス 200g,2,24000,11
703472,20260202,M101606,20260116,CT106,耳そうじシート 40枚,2,19600,11
703472,20260202,M101606,20260116,CF102,総合栄養食 まぐろ 100g,1,980,11
703473,20240909,M101607,20240820,CT106,耳そうじシート 40枚,1,9800,11
703474,20250802,M101608,20250726,CE103,グルーミング講座,1,3800,11
703475,20250927,M101609,20250924,CT104,もこもこ泡シャンプー 300ml,1,9800,11
703475,20250927,M101609,20250924,CS103,またたびスティック 30本,2,7600,11
703476,20260408,M101610,20260402,CT104,もこもこ泡シャンプー 300ml,1,9800,11
703476,20260408,M101610,20260402,CS104,減塩にぼし 500g,1,1280,11
703476,20260408,M101610,20260402,CH102,毛玉ケアパウダー 180回分,2,3300,11
703477,20260601,M101610,20260402,CT103,被毛ケアローション 190ml,1,1650,11
703478,20240216,M101611,20240206,CS104,減塩にぼし 500g,1,1280,11
703479,20240502,M101611,20240206,CT104,もこもこ泡シャンプー 300ml,2,19600,11
703479,20240502,M101611,20240206,CT106,耳そうじシート 40枚,3,29400,11
703479,20240502,M101611,20240206,CS104,減塩にぼし 500g,1,1280,11
703480,20240604,M101611,20240206,CT104,もこもこ泡シャンプー 300ml,1,9800,11
703480,20240604,M101611,20240206,CE102,しつけ教室チケット S,2,13600,11
703481,20240617,M101611,20240206,CT106,耳そうじシート 40枚,1,9800,11
703481,20240617,M101611,20240206,CS101,かつおチップス 200g,1,12000,11
703482,20240718,M101611,20240206,CT104,もこもこ泡シャンプー 300ml,2,19600,11
703482,20240718,M101611,20240206,CS104,減塩にぼし 500g,1,1280,11
703482,20240718,M101611,20240206,CE102,しつけ教室チケット S,3,20400,11
703483,20240927,M101611,20240206,CS103,またたびスティック 30本,1,3800,11
703484,20250122,M101611,20240206,CT106,耳そうじシート 40枚,1,9800,11
703485,20250409,M101611,20240206,CT103,被毛ケアローション 190ml,1,1650,09
703486,20240115,M101612,20231227,CS104,減塩にぼし 500g,1,1280,09
703486,20240115,M101612,20231227,CT104,もこもこ泡シャンプー 300ml,2,19600,09
703487,20250208,M101613,20250204,CT108,毛玉ケアジェル 60g,1,980,11
703488,20240106,M101614,20240105,CS101,かつおチップス 200g,1,12000,14
703488,20240106,M101614,20240105,CF103,陶器のごはん皿 S,1,1650,14
703489,20240401,M101614,20240105,CE102,しつけ教室チケット S,1,6800,11
703489,20240401,M101614,20240105,CT106,耳そうじシート 40枚,1,9800,11
703489,20240401,M101614,20240105,CT104,もこもこ泡シャンプー 300ml,1,9800,11
703490,20240512,M101614,20240105,CT102,肉球バーム 10g,1,6800,11
703491,20231227,M101615,20190827,CS102,ささみチップス 200g,1,4980,11
703492,20240504,M101616,20240425,CT104,もこもこ泡シャンプー 300ml,1,9800,11
703492,20240504,M101616,20240425,CT103,被毛ケアローション 190ml,1,1650,11
703492,20240504,M101616,20240425,CS101,かつおチップス 200g,1,12000,11
703493,20240916,M101616,20240425,CS101,かつおチップス 200g,2,24000,11
703494,20250310,M101617,20250303,CH102,毛玉ケアパウダー 180回分,1,1650,11
703495,20240719,M101618,20240625,CT102,肉球バーム 10g,1,6800,11
703496,20240820,M101618,20240625,CT106,耳そうじシート 40枚,1,9800,11
703497,20250406,M101619,20250312,CT104,もこもこ泡シャンプー 300ml,1,9800,11
703498,20250426,M101619,20250312,CT103,被毛ケアローション 190ml,1,1650,11
703499,20250603,M101619,20250312,CT104,もこもこ泡シャンプー 300ml,2,19600,11
703499,20250603,M101619,20250312,CT108,毛玉ケアジェル 60g,1,980,11
703500,20241208,M101620,20241123,CF102,総合栄養食 まぐろ 100g,1,980,11
703500,20241208,M101620,20241123,CT106,耳そうじシート 40枚,2,19600,11
703501,20240103,M101621,20230921,CS103,またたびスティック 30本,1,3800,11
703502,20250614,M101622,20250608,CT106,耳そうじシート 40枚,1,9800,11
703502,20250614,M101622,20250608,CH102,毛玉ケアパウダー 180回分,1,1650,11
703503,20250722,M101622,20250608,CT104,もこもこ泡シャンプー 300ml,1,9800,11
703504,20240624,M101623,20240618,CS104,減塩にぼし 500g,1,1280,11
703504,20240624,M101623,20240618,CT106,耳そうじシート 40枚,1,9800,11
703505,20241116,M101623,20240618,CS103,またたびスティック 30本,1,3800,11
703505,20241116,M101623,20240618,CT104,もこもこ泡シャンプー 300ml,1,9800,11
703505,20241116,M101623,20240618,CT102,肉球バーム 10g,1,6800,11
703506,20240115,M101624,20201230,CE103,グルーミング講座,2,7600,11
703506,20240115,M101624,20201230,CT102,肉球バーム 10g,1,6800,11
703506,20240115,M101624,20201230,CT106,耳そうじシート 40枚,3,29400,11
703506,20240115,M101624,20201230,CS101,かつおチップス 200g,1,12000,11
703507,20260420,M101625,20260410,CS104,減塩にぼし 500g,1,1280,11
703508,20260603,M101625,20260410,CT104,もこもこ泡シャンプー 300ml,1,9800,11
703509,20260612,M101625,20260410,CT104,もこもこ泡シャンプー 300ml,1,9800,11
703509,20260612,M101625,20260410,CT102,肉球バーム 10g,1,6800,11
703510,20260502,M101626,20260417,CS104,減塩にぼし 500g,1,1280,11
703511,20250626,M101627,20250610,CE105,年間メンバーパス,2,9960,11
703511,20250626,M101627,20250610,CT103,被毛ケアローション 190ml,1,1650,11
703512,20250724,M101627,20250610,CF102,総合栄養食 まぐろ 100g,1,980,11
703512,20250724,M101627,20250610,CT104,もこもこ泡シャンプー 300ml,1,9800,11
703512,20250724,M101627,20250610,CS101,かつおチップス 200g,1,12000,11
703512,20250724,M101627,20250610,CS103,またたびスティック 30本,1,3800,11
703513,20250809,M101627,20250610,CT106,耳そうじシート 40枚,1,9800,11
703514,20240927,M101628,20240924,CT103,被毛ケアローション 190ml,1,1650,11
703515,20240308,M101629,20240229,CS103,またたびスティック 30本,1,3800,11
703516,20240326,M101629,20240229,CT106,耳そうじシート 40枚,1,9800,09
703517,20240106,M101630,20160808,CF102,総合栄養食 まぐろ 100g,1,980,11
703517,20240106,M101630,20160808,CT104,もこもこ泡シャンプー 300ml,3,29400,11
703517,20240106,M101630,20160808,CE105,年間メンバーパス,1,4980,11
703517,20240106,M101630,20160808,CT106,耳そうじシート 40枚,1,9800,11
703518,20241013,M101631,20241006,CS104,減塩にぼし 500g,1,1280,11
703519,20250128,M101632,20250115,CS104,減塩にぼし 500g,2,2560,11
703519,20250128,M101632,20250115,CT102,肉球バーム 10g,1,6800,11
703520,20231228,M101633,20160508,CT106,耳そうじシート 40枚,1,9800,11
703521,20240218,M101634,20240129,CT106,耳そうじシート 40枚,1,9800,11
703521,20240218,M101634,20240129,CT102,肉球バーム 10g,1,6800,11
703522,20240412,M101634,20240129,CS102,ささみチップス 200g,3,14940,11
703522,20240412,M101634,20240129,CT104,もこもこ泡シャンプー 300ml,1,9800,11
703523,20241029,M101634,20240129,CT102,肉球バーム 10g,2,13600,11
703523,20241029,M101634,20240129,CT106,耳そうじシート 40枚,1,9800,11
703524,20240620,M101635,20240614,CS101,かつおチップス 200g,2,24000,14
703525,20240628,M101635,20240614,CF104,給水器フィルター,1,1280,09
703526,20250601,M101635,20240614,CT106,耳そうじシート 40枚,1,9800,11
703527,20251211,M101635,20240614,CS104,減塩にぼし 500g,1,1280,11
703528,20251219,M101635,20240614,CE105,年間メンバーパス,1,4980,14
703528,20251219,M101635,20240614,CT102,肉球バーム 10g,2,13600,14
703529,20260125,M101635,20240614,CS104,減塩にぼし 500g,1,1280,11
703530,20240113,M101636,20220129,CE102,しつけ教室チケット S,1,6800,11
703531,20240131,M101636,20220129,CS103,またたびスティック 30本,2,7600,11
703532,20240405,M101636,20220129,CS104,減塩にぼし 500g,1,1280,11
703533,20240105,M101637,20160630,CF102,総合栄養食 まぐろ 100g,1,980,11
703534,20240607,M101638,20240530,CH102,毛玉ケアパウダー 180回分,1,1650,11
703534,20240607,M101638,20240530,CT106,耳そうじシート 40枚,1,9800,11
703534,20240607,M101638,20240530,CS104,減塩にぼし 500g,1,1280,11
703535,20240901,M101639,20240830,CT106,耳そうじシート 40枚,1,9800,11
703535,20240901,M101639,20240830,CE101,しつけ教室チケット A,1,2980,11
703536,20240923,M101639,20240830,CE105,年間メンバーパス,2,9960,11
703536,20240923,M101639,20240830,CT106,耳そうじシート 40枚,1,9800,11
703537,20241217,M101639,20240830,CT104,もこもこ泡シャンプー 300ml,1,9800,11
703538,20250129,M101639,20240830,CT103,被毛ケアローション 190ml,1,1650,11
703538,20250129,M101639,20240830,CT106,耳そうじシート 40枚,2,19600,11
703538,20250129,M101639,20240830,CE102,しつけ教室チケット S,1,6800,11
703539,20240728,M101640,20240716,CT106,耳そうじシート 40枚,1,9800,11
703540,20241013,M101640,20240716,CS101,かつおチップス 200g,1,12000,11
703541,20241025,M101640,20240716,CS103,またたびスティック 30本,2,7600,11
703541,20241025,M101640,20240716,CT102,肉球バーム 10g,1,6800,11
703542,20250714,M101641,20250704,CS104,減塩にぼし 500g,1,1280,11
703543,20250815,M101641,20250704,CS101,かつおチップス 200g,1,12000,11
703544,20260407,M101642,20260321,CF102,総合栄養食 まぐろ 100g,1,980,11
703545,20260420,M101642,20260321,CH102,毛玉ケアパウダー 180回分,1,1650,11
703545,20260420,M101642,20260321,CE104,オンライン相談パス,1,2200,11
703545,20260420,M101642,20260321,CT106,耳そうじシート 40枚,1,9800,11
703545,20260420,M101642,20260321,CT108,毛玉ケアジェル 60g,1,980,11
703546,20250513,M101643,20250418,CT106,耳そうじシート 40枚,1,9800,11
703547,20240405,M101644,20240315,CT106,耳そうじシート 40枚,1,9800,11
703548,20240628,M101644,20240315,CS101,かつおチップス 200g,1,12000,11
703548,20240628,M101644,20240315,CT106,耳そうじシート 40枚,1,9800,11
703548,20240628,M101644,20240315,CT103,被毛ケアローション 190ml,1,1650,11
703549,20240809,M101644,20240315,CT106,耳そうじシート 40枚,2,19600,11
703549,20240809,M101644,20240315,CT102,肉球バーム 10g,1,6800,11
703550,20240104,M101645,20201015,CS101,かつおチップス 200g,1,12000,11
703550,20240104,M101645,20201015,CH102,毛玉ケアパウダー 180回分,1,1650,11
703551,20240111,M101645,20201015,CT104,もこもこ泡シャンプー 300ml,2,19600,11
703551,20240111,M101645,20201015,CS104,減塩にぼし 500g,1,1280,11
703552,20240304,M101645,20201015,CE103,グルーミング講座,1,3800,11
703553,20240312,M101645,20201015,CS101,かつおチップス 200g,1,12000,11
703553,20240312,M101645,20201015,CE105,年間メンバーパス,1,4980,11
703553,20240312,M101645,20201015,CT104,もこもこ泡シャンプー 300ml,1,9800,11
703554,20240617,M101645,20201015,CT104,もこもこ泡シャンプー 300ml,3,29400,11
703555,20240812,M101646,20240720,CF105,竹のフードスクープ,1,980,11
703556,20240430,M101647,20240407,CS104,減塩にぼし 500g,1,1280,11
703556,20240430,M101647,20240407,CF102,総合栄養食 まぐろ 100g,1,980,11
703557,20240620,M101647,20240407,CH104,オメガ3ソフトカプセル 120粒,1,980,11
703557,20240620,M101647,20240407,CT106,耳そうじシート 40枚,1,9800,11
703558,20240713,M101647,20240407,CT107,デンタルジェル 50ml,1,1650,11
703558,20240713,M101647,20240407,CF101,総合栄養食 まぐろ 500g,2,24000,11
703559,20240728,M101647,20240407,CS104,減塩にぼし 500g,1,1280,11
703560,20240813,M101647,20240407,CH102,毛玉ケアパウダー 180回分,1,1650,11
703561,20250101,M101647,20240407,CT104,もこもこ泡シャンプー 300ml,2,19600,11
703561,20250101,M101647,20240407,CS101,かつおチップス 200g,1,12000,11
703561,20250101,M101647,20240407,CT106,耳そうじシート 40枚,2,19600,11
703562,20250313,M101647,20240407,CS101,かつおチップス 200g,1,12000,11
703563,20250411,M101647,20240407,CS104,減塩にぼし 500g,1,1280,09
703563,20250411,M101647,20240407,CT104,もこもこ泡シャンプー 300ml,1,9800,09
703563,20250411,M101647,20240407,CT103,被毛ケアローション 190ml,1,1650,09
703564,20241217,M101648,20241123,CS101,かつおチップス 200g,1,12000,11
703564,20241217,M101648,20241123,CT107,デンタルジェル 50ml,1,1650,11
703565,20251221,M101649,20251218,CE105,年間メンバーパス,1,4980,11
703565,20251221,M101649,20251218,CE104,オンライン相談パス,2,4400,11
703565,20251221,M101649,20251218,CT103,被毛ケアローション 190ml,1,1650,11
703566,20241024,M101650,20241003,CS101,かつおチップス 200g,2,24000,11
703566,20241024,M101650,20241003,CT104,もこもこ泡シャンプー 300ml,1,9800,11
703567,20240115,M101651,20190619,CT102,肉球バーム 10g,1,6800,11
703567,20240115,M101651,20190619,CS101,かつおチップス 200g,1,12000,11
703568,20240218,M101651,20190619,CT104,もこもこ泡シャンプー 300ml,1,9800,11
703569,20240228,M101651,20190619,CS103,またたびスティック 30本,1,3800,11
703570,20240413,M101651,20190619,CT103,被毛ケアローション 190ml,1,1650,11
703570,20240413,M101651,20190619,CS104,減塩にぼし 500g,1,1280,11
703570,20240413,M101651,20190619,CT104,もこもこ泡シャンプー 300ml,1,9800,11
703571,20260120,M101652,20260106,CT105,ふわもこブラシ,1,2980,11
703572,20260205,M101652,20260106,CT106,耳そうじシート 40枚,1,9800,11
703573,20260413,M101652,20260106,CT104,もこもこ泡シャンプー 300ml,3,29400,11
703574,20250916,M101653,20250901,CT106,耳そうじシート 40枚,1,9800,11
703575,20240917,M101654,20240909,CT104,もこもこ泡シャンプー 300ml,2,19600,11
703575,20240917,M101654,20240909,CF102,総合栄養食 まぐろ 100g,1,980,11
703576,20241026,M101654,20240909,CE105,年間メンバーパス,1,4980,11
703576,20241026,M101654,20240909,CT102,肉球バーム 10g,1,6800,11
703577,20240426,M101655,20240424,CT104,もこもこ泡シャンプー 300ml,1,9800,11
703577,20240426,M101655,20240424,CS104,減塩にぼし 500g,1,1280,11
703578,20240619,M101655,20240424,CT101,肉球バーム 100g,2,3300,14
703579,20260309,M101656,20260220,CS101,かつおチップス 200g,1,12000,11
703580,20260522,M101656,20260220,CS102,ささみチップス 200g,1,4980,11
703581,20241117,M101657,20241104,CF101,総合栄養食 まぐろ 500g,1,12000,11
703582,20250318,M101657,20241104,CH106,腸内フローラ乳酸菌 60粒,1,12000,14
703582,20250318,M101657,20241104,CT102,肉球バーム 10g,3,20400,14
703583,20250330,M101657,20241104,CT102,肉球バーム 10g,1,6800,11
703584,20240508,M101658,20240505,CT104,もこもこ泡シャンプー 300ml,1,9800,11
703584,20240508,M101658,20240505,CE104,オンライン相談パス,2,4400,11
703584,20240508,M101658,20240505,CT108,毛玉ケアジェル 60g,3,2940,11
703584,20240508,M101658,20240505,CE105,年間メンバーパス,2,9960,11
703585,20250313,M101659,20250305,CS103,またたびスティック 30本,2,7600,11
703586,20240109,M101660,20160501,CE105,年間メンバーパス,1,4980,14
703586,20240109,M101660,20160501,CT106,耳そうじシート 40枚,1,9800,14
703586,20240109,M101660,20160501,CT108,毛玉ケアジェル 60g,1,980,14
703587,20240116,M101660,20160501,CT104,もこもこ泡シャンプー 300ml,3,29400,11
703588,20240121,M101661,20240106,CS104,減塩にぼし 500g,1,1280,11
703589,20240128,M101661,20240106,CT103,被毛ケアローション 190ml,1,1650,11
703590,20240807,M101662,20240719,CT104,もこもこ泡シャンプー 300ml,1,9800,14
703591,20251121,M101663,20251106,CS104,減塩にぼし 500g,1,1280,11
703591,20251121,M101663,20251106,CE105,年間メンバーパス,1,4980,11
703592,20251230,M101663,20251106,CE105,年間メンバーパス,1,4980,11
703592,20251230,M101663,20251106,CS103,またたびスティック 30本,1,3800,11
703593,20260106,M101663,20251106,CS103,またたびスティック 30本,1,3800,14
703594,20260214,M101663,20251106,CT103,被毛ケアローション 190ml,1,1650,11
703594,20260214,M101663,20251106,CS101,かつおチップス 200g,1,12000,11
703595,20260307,M101663,20251106,CT104,もこもこ泡シャンプー 300ml,2,19600,11
703595,20260307,M101663,20251106,CT106,耳そうじシート 40枚,1,9800,11
703595,20260307,M101663,20251106,CS101,かつおチップス 200g,1,12000,11
703595,20260307,M101663,20251106,CS104,減塩にぼし 500g,1,1280,11
703596,20240308,M101664,20240301,CT106,耳そうじシート 40枚,1,9800,11
703596,20240308,M101664,20240301,CF101,総合栄養食 まぐろ 500g,1,12000,11
703596,20240308,M101664,20240301,CS101,かつおチップス 200g,1,12000,11
703597,20240427,M101664,20240301,CS104,減塩にぼし 500g,1,1280,11
703597,20240427,M101664,20240301,CT108,毛玉ケアジェル 60g,1,980,11
703598,20240509,M101664,20240301,CT102,肉球バーム 10g,1,6800,11
703599,20241007,M101664,20240301,CT108,毛玉ケアジェル 60g,1,980,11
703599,20241007,M101664,20240301,CT104,もこもこ泡シャンプー 300ml,1,9800,11
703600,20250105,M101664,20240301,CS101,かつおチップス 200g,1,12000,11
703601,20250127,M101664,20240301,CE105,年間メンバーパス,2,9960,11
703601,20250127,M101664,20240301,CT104,もこもこ泡シャンプー 300ml,1,9800,11
703602,20241126,M101665,20241101,CT106,耳そうじシート 40枚,2,19600,11
703602,20241126,M101665,20241101,CE105,年間メンバーパス,1,4980,11
703603,20250207,M101665,20241101,CS101,かつおチップス 200g,1,12000,11
703603,20250207,M101665,20241101,CS104,減塩にぼし 500g,1,1280,11
703604,20250401,M101665,20241101,CT104,もこもこ泡シャンプー 300ml,1,9800,11
703605,20240409,M101666,20240321,CS104,減塩にぼし 500g,1,1280,11
703606,20241011,M101667,20241005,CT105,ふわもこブラシ,1,2980,11
703606,20241011,M101667,20241005,CS102,ささみチップス 200g,3,14940,11
703607,20241025,M101667,20241005,CT104,もこもこ泡シャンプー 300ml,1,9800,11
703608,20250331,M101668,20250325,CT106,耳そうじシート 40枚,1,9800,11
703609,20250617,M101668,20250325,CE105,年間メンバーパス,1,4980,11
703610,20240417,M101669,20240402,CF102,総合栄養食 まぐろ 100g,1,980,14
703611,20240605,M101669,20240402,CS103,またたびスティック 30本,1,3800,11
703611,20240605,M101669,20240402,CF101,総合栄養食 まぐろ 500g,3,36000,11
703611,20240605,M101669,20240402,CT104,もこもこ泡シャンプー 300ml,1,9800,11
703611,20240605,M101669,20240402,CT106,耳そうじシート 40枚,1,9800,11
703612,20260303,M101670,20260207,CF102,総合栄養食 まぐろ 100g,1,980,11
703612,20260303,M101670,20260207,CT106,耳そうじシート 40枚,1,9800,11
703613,20240323,M101671,20240316,CF102,総合栄養食 まぐろ 100g,2,1960,11
703614,20240429,M101671,20240316,CS101,かつおチップス 200g,1,12000,11
703614,20240429,M101671,20240316,CE105,年間メンバーパス,1,4980,11
703614,20240429,M101671,20240316,CE104,オンライン相談パス,3,6600,11
703615,20240519,M101671,20240316,CE105,年間メンバーパス,2,9960,11
703616,20231228,M101672,20210212,CS104,減塩にぼし 500g,1,1280,11
703616,20231228,M101672,20210212,CT106,耳そうじシート 40枚,1,9800,11
703617,20251224,M101673,20251207,CE102,しつけ教室チケット S,1,6800,11
703618,20260327,M101673,20251207,CE103,グルーミング講座,1,3800,11
703619,20240719,M101674,20240710,CT102,肉球バーム 10g,1,6800,11
703619,20240719,M101674,20240710,CT106,耳そうじシート 40枚,1,9800,11
703620,20250623,M101675,20250608,CT102,肉球バーム 10g,1,6800,11
703620,20250623,M101675,20250608,CS104,減塩にぼし 500g,1,1280,11
703621,20251203,M101675,20250608,CT104,もこもこ泡シャンプー 300ml,1,9800,11
703622,20260106,M101675,20250608,CT104,もこもこ泡シャンプー 300ml,2,19600,11
703622,20260106,M101675,20250608,CS104,減塩にぼし 500g,1,1280,11
703622,20260106,M101675,20250608,CE105,年間メンバーパス,1,4980,11
703623,20250108,M101676,20241226,CT106,耳そうじシート 40枚,1,9800,11
703623,20250108,M101676,20241226,CS101,かつおチップス 200g,1,12000,11
703624,20250708,M101676,20241226,CT104,もこもこ泡シャンプー 300ml,2,19600,11
703624,20250708,M101676,20241226,CS104,減塩にぼし 500g,1,1280,11
703625,20260608,M101677,20260530,CT106,耳そうじシート 40枚,2,19600,11
703625,20260608,M101677,20260530,CT104,もこもこ泡シャンプー 300ml,1,9800,11
703626,20240607,M101678,20240607,CE104,オンライン相談パス,1,2200,11
703626,20240607,M101678,20240607,CH102,毛玉ケアパウダー 180回分,2,3300,11
703627,20241108,M101678,20240607,CF102,総合栄養食 まぐろ 100g,1,980,11
703627,20241108,M101678,20240607,CT104,もこもこ泡シャンプー 300ml,1,9800,11
703628,20240110,M101679,20231003,CE105,年間メンバーパス,1,4980,11
703628,20240110,M101679,20231003,CT106,耳そうじシート 40枚,1,9800,11
703629,20240416,M101679,20231003,CE105,年間メンバーパス,1,4980,11
703630,20240721,M101679,20231003,CT106,耳そうじシート 40枚,2,19600,11
703631,20240806,M101679,20231003,CT104,もこもこ泡シャンプー 300ml,1,9800,11
703632,20251029,M101680,20251024,CF103,陶器のごはん皿 S,1,1650,11
703633,20240330,M101681,20240315,CS101,かつおチップス 200g,1,12000,11
703633,20240330,M101681,20240315,CS102,ささみチップス 200g,1,4980,11
703634,20240604,M101681,20240315,CT104,もこもこ泡シャンプー 300ml,3,29400,11
703634,20240604,M101681,20240315,CS101,かつおチップス 200g,1,12000,11
703635,20241128,M101681,20240315,CT103,被毛ケアローション 190ml,1,1650,11
703636,20241221,M101681,20240315,CS101,かつおチップス 200g,2,24000,11
703636,20241221,M101681,20240315,CT106,耳そうじシート 40枚,1,9800,11
703637,20240108,M101682,20200720,CH102,毛玉ケアパウダー 180回分,1,1650,11
703638,20240414,M101682,20200720,CS102,ささみチップス 200g,1,4980,11
703639,20240813,M101683,20240730,CS101,かつおチップス 200g,1,12000,11
703639,20240813,M101683,20240730,CT104,もこもこ泡シャンプー 300ml,2,19600,11
703639,20240813,M101683,20240730,CF101,総合栄養食 まぐろ 500g,1,12000,11
703640,20240107,M101684,20171019,CT104,もこもこ泡シャンプー 300ml,2,19600,11
703640,20240107,M101684,20171019,CT102,肉球バーム 10g,3,20400,11
703640,20240107,M101684,20171019,CF102,総合栄養食 まぐろ 100g,1,980,11
703641,20240309,M101684,20171019,CT106,耳そうじシート 40枚,2,19600,11
703641,20240309,M101684,20171019,CE105,年間メンバーパス,1,4980,11
703641,20240309,M101684,20171019,CS101,かつおチップス 200g,2,24000,11
703642,20240418,M101684,20171019,CE104,オンライン相談パス,2,4400,11
703642,20240418,M101684,20171019,CS103,またたびスティック 30本,1,3800,11
703643,20240528,M101684,20171019,CT103,被毛ケアローション 190ml,1,1650,11
703644,20240811,M101684,20171019,CT103,被毛ケアローション 190ml,1,1650,11
703645,20250117,M101685,20250104,CT106,耳そうじシート 40枚,1,9800,14
703645,20250117,M101685,20250104,CS102,ささみチップス 200g,1,4980,14
703645,20250117,M101685,20250104,CT108,毛玉ケアジェル 60g,1,980,14
703646,20240825,M101686,20240825,CE105,年間メンバーパス,1,4980,09
703647,20250210,M101687,20250127,CS101,かつおチップス 200g,1,12000,11
703648,20250408,M101687,20250127,CT102,肉球バーム 10g,1,6800,11
703648,20250408,M101687,20250127,CT108,毛玉ケアジェル 60g,3,2940,11
703649,20251120,M101688,20251115,CE105,年間メンバーパス,1,4980,11
703649,20251120,M101688,20251115,CT102,肉球バーム 10g,1,6800,11
703650,20260111,M101688,20251115,CH102,毛玉ケアパウダー 180回分,1,1650,11
703650,20260111,M101688,20251115,CT102,肉球バーム 10g,2,13600,11
703650,20260111,M101688,20251115,CT106,耳そうじシート 40枚,1,9800,11
703651,20260505,M101688,20251115,CS101,かつおチップス 200g,1,12000,11
703652,20260521,M101688,20251115,CH103,関節ケアコラーゲン 250g,2,1960,11
703652,20260521,M101688,20251115,CT102,肉球バーム 10g,3,20400,11
703653,20260529,M101689,20260523,CS103,またたびスティック 30本,2,7600,11
703653,20260529,M101689,20260523,CS101,かつおチップス 200g,1,12000,11
703654,20240219,M101690,20240213,CT104,もこもこ泡シャンプー 300ml,1,9800,11
703654,20240219,M101690,20240213,CT102,肉球バーム 10g,2,13600,11
703655,20240324,M101691,20240313,CT103,被毛ケアローション 190ml,2,3300,11
703656,20240505,M101691,20240313,CT104,もこもこ泡シャンプー 300ml,1,9800,11
703656,20240505,M101691,20240313,CT106,耳そうじシート 40枚,1,9800,11
703657,20240517,M101691,20240313,CS101,かつおチップス 200g,1,12000,09
703657,20240517,M101691,20240313,CE105,年間メンバーパス,1,4980,09
703658,20240621,M101691,20240313,CS103,またたびスティック 30本,1,3800,11
703658,20240621,M101691,20240313,CT102,肉球バーム 10g,1,6800,11
703659,20241025,M101691,20240313,CS104,減塩にぼし 500g,1,1280,11
703659,20241025,M101691,20240313,CH102,毛玉ケアパウダー 180回分,1,1650,11
703660,20260222,M101692,20260216,CT102,肉球バーム 10g,1,6800,11
703661,20260306,M101692,20260216,CS104,減塩にぼし 500g,1,1280,11
703662,20251201,M101693,20251114,CT106,耳そうじシート 40枚,1,9800,11
703662,20251201,M101693,20251114,CT104,もこもこ泡シャンプー 300ml,1,9800,11
703662,20251201,M101693,20251114,CH102,毛玉ケアパウダー 180回分,1,1650,11
703662,20251201,M101693,20251114,CE105,年間メンバーパス,1,4980,11
703663,20241228,M101694,20241225,CT104,もこもこ泡シャンプー 300ml,1,9800,11
703663,20241228,M101694,20241225,CT101,肉球バーム 100g,1,1650,11
703664,20250310,M101695,20250220,CT106,耳そうじシート 40枚,1,9800,11
703664,20250310,M101695,20250220,CS101,かつおチップス 200g,1,12000,11
703664,20250310,M101695,20250220,CT102,肉球バーム 10g,2,13600,11
703664,20250310,M101695,20250220,CE103,グルーミング講座,3,11400,11
703665,20250329,M101696,20250316,CT102,肉球バーム 10g,2,13600,11
703666,20250130,M101697,20250110,CT102,肉球バーム 10g,1,6800,11
703666,20250130,M101697,20250110,CT106,耳そうじシート 40枚,1,9800,11
703666,20250130,M101697,20250110,CT108,毛玉ケアジェル 60g,1,980,11
703666,20250130,M101697,20250110,CS105,ミルク仕立ておやつ 300g,1,980,11
703667,20250227,M101697,20250110,CH102,毛玉ケアパウダー 180回分,2,3300,11
703667,20250227,M101697,20250110,CT106,耳そうじシート 40枚,2,19600,11
703667,20250227,M101697,20250110,CE105,年間メンバーパス,3,14940,11
703668,20250521,M101697,20250110,CS104,減塩にぼし 500g,1,1280,11
703669,20251010,M101698,20251007,CS101,かつおチップス 200g,1,12000,11
703669,20251010,M101698,20251007,CS102,ささみチップス 200g,1,4980,11
703670,20260508,M101698,20251007,CE102,しつけ教室チケット S,1,6800,11
703670,20260508,M101698,20251007,CT102,肉球バーム 10g,1,6800,11
703671,20260609,M101698,20251007,CT102,肉球バーム 10g,1,6800,11
703671,20260609,M101698,20251007,CT103,被毛ケアローション 190ml,1,1650,11
703672,20240210,M101699,20240202,CT102,肉球バーム 10g,1,6800,11
703672,20240210,M101699,20240202,CT106,耳そうじシート 40枚,1,9800,11
703673,20240323,M101699,20240202,CT108,毛玉ケアジェル 60g,2,1960,11
703673,20240323,M101699,20240202,CT103,被毛ケアローション 190ml,1,1650,11
703674,20260526,M101700,20260505,CT104,もこもこ泡シャンプー 300ml,1,9800,11
703674,20260526,M101700,20260505,CT106,耳そうじシート 40枚,1,9800,11
703675,20250417,M101701,20250415,CF105,竹のフードスクープ,1,980,11
703676,20250808,M101701,20250415,CT104,もこもこ泡シャンプー 300ml,1,9800,11
703677,20240304,M101702,20240228,CS104,減塩にぼし 500g,1,1280,11
703678,20260414,M101703,20260411,CT103,被毛ケアローション 190ml,1,1650,11
703678,20260414,M101703,20260411,CT108,毛玉ケアジェル 60g,1,980,11
703678,20260414,M101703,20260411,CE105,年間メンバーパス,1,4980,11
703679,20250216,M101704,20250208,CT106,耳そうじシート 40枚,1,9800,14
703680,20250425,M101704,20250208,CT106,耳そうじシート 40枚,1,9800,11
703681,20241031,M101705,20241021,CF101,総合栄養食 まぐろ 500g,1,12000,14
703682,20250106,M101706,20241224,CT108,毛玉ケアジェル 60g,1,980,11
703683,20260502,M101707,20260501,CT104,もこもこ泡シャンプー 300ml,2,19600,11
703683,20260502,M101707,20260501,CF102,総合栄養食 まぐろ 100g,1,980,11
703684,20251226,M101708,20251208,CT102,肉球バーム 10g,1,6800,11
703685,20260118,M101708,20251208,CH103,関節ケアコラーゲン 250g,2,1960,11
703686,20240905,M101709,20240817,CT104,もこもこ泡シャンプー 300ml,2,19600,11
703687,20240929,M101709,20240817,CH106,腸内フローラ乳酸菌 60粒,1,12000,11
703688,20231231,M101710,20190401,CT106,耳そうじシート 40枚,1,9800,11
703688,20231231,M101710,20190401,CS103,またたびスティック 30本,3,11400,11
703688,20231231,M101710,20190401,CE105,年間メンバーパス,2,9960,11
703689,20240119,M101710,20190401,CS104,減塩にぼし 500g,1,1280,11
703689,20240119,M101710,20190401,CE105,年間メンバーパス,3,14940,11
703690,20240222,M101710,20190401,CS104,減塩にぼし 500g,1,1280,11
703690,20240222,M101710,20190401,CE105,年間メンバーパス,2,9960,11
703690,20240222,M101710,20190401,CS101,かつおチップス 200g,1,12000,11
703691,20240527,M101710,20190401,CT104,もこもこ泡シャンプー 300ml,1,9800,11
703691,20240527,M101710,20190401,CS104,減塩にぼし 500g,1,1280,11
703692,20251228,M101711,20251213,CF102,総合栄養食 まぐろ 100g,3,2940,11
703693,20260212,M101711,20251213,CT106,耳そうじシート 40枚,2,19600,11
703694,20260327,M101711,20251213,CT104,もこもこ泡シャンプー 300ml,1,9800,11
703695,20240711,M101712,20240708,CF102,総合栄養食 まぐろ 100g,1,980,11
703695,20240711,M101712,20240708,CS104,減塩にぼし 500g,3,3840,11
703696,20241017,M101713,20240925,CT102,肉球バーム 10g,2,13600,11
703697,20250811,M101714,20250719,CT108,毛玉ケアジェル 60g,1,980,11
703698,20251006,M101714,20250719,CH102,毛玉ケアパウダー 180回分,1,1650,11
703699,20251023,M101714,20250719,CS104,減塩にぼし 500g,1,1280,11
703700,20250204,M101715,20250204,CT102,肉球バーム 10g,1,6800,11
703701,20250501,M101715,20250204,CE105,年間メンバーパス,1,4980,11
703702,20250701,M101715,20250204,CS101,かつおチップス 200g,1,12000,14
703703,20250905,M101715,20250204,CT108,毛玉ケアジェル 60g,1,980,11
703703,20250905,M101715,20250204,CT104,もこもこ泡シャンプー 300ml,1,9800,11
703704,20241203,M101716,20241203,CF102,総合栄養食 まぐろ 100g,1,980,11
703704,20241203,M101716,20241203,CT102,肉球バーム 10g,1,6800,11
703705,20240318,M101717,20240313,CS104,減塩にぼし 500g,3,3840,11
703706,20240910,M101718,20240908,CT106,耳そうじシート 40枚,1,9800,11
703706,20240910,M101718,20240908,CT104,もこもこ泡シャンプー 300ml,1,9800,11
703706,20240910,M101718,20240908,CS104,減塩にぼし 500g,2,2560,11
703706,20240910,M101718,20240908,CS101,かつおチップス 200g,1,12000,11
703707,20241001,M101718,20240908,CT106,耳そうじシート 40枚,1,9800,11
703707,20241001,M101718,20240908,CE105,年間メンバーパス,1,4980,11
703708,20241008,M101718,20240908,CS101,かつおチップス 200g,1,12000,11
703708,20241008,M101718,20240908,CT102,肉球バーム 10g,1,6800,11
703708,20241008,M101718,20240908,CT106,耳そうじシート 40枚,1,9800,11
703709,20241224,M101719,20241211,CE102,しつけ教室チケット S,1,6800,11
703710,20250529,M101719,20241211,CH106,腸内フローラ乳酸菌 60粒,1,12000,11
703711,20251024,M101719,20241211,CH105,鉄分＋葉酸タブレット 90粒,1,1280,11
703711,20251024,M101719,20241211,CS103,またたびスティック 30本,1,3800,11
703711,20251024,M101719,20241211,CS101,かつおチップス 200g,1,12000,11
703712,20231226,M101720,20180712,CS104,減塩にぼし 500g,2,2560,11
703713,20240321,M101720,20180712,CT106,耳そうじシート 40枚,1,9800,14
703713,20240321,M101720,20180712,CT102,肉球バーム 10g,3,20400,14
703714,20250414,M101720,20180712,CS104,減塩にぼし 500g,1,1280,11
703714,20250414,M101720,20180712,CS102,ささみチップス 200g,1,4980,11
703714,20250414,M101720,20180712,CS101,かつおチップス 200g,1,12000,11
703715,20251119,M101721,20251027,CT102,肉球バーム 10g,1,6800,09
703715,20251119,M101721,20251027,CE102,しつけ教室チケット S,1,6800,09
703715,20251119,M101721,20251027,CT106,耳そうじシート 40枚,1,9800,09
703716,20250121,M101722,20241229,CT108,毛玉ケアジェル 60g,1,980,11
703716,20250121,M101722,20241229,CS101,かつおチップス 200g,1,12000,11
703717,20250506,M101722,20241229,CT106,耳そうじシート 40枚,1,9800,11
703717,20250506,M101722,20241229,CS104,減塩にぼし 500g,1,1280,11
703717,20250506,M101722,20241229,CS101,かつおチップス 200g,1,12000,11
703718,20250616,M101723,20250616,CT102,肉球バーム 10g,1,6800,11
703718,20250616,M101723,20250616,CS104,減塩にぼし 500g,3,3840,11
703719,20241016,M101724,20241011,CE104,オンライン相談パス,1,2200,11
703719,20241016,M101724,20241011,CT104,もこもこ泡シャンプー 300ml,1,9800,11
703719,20241016,M101724,20241011,CT106,耳そうじシート 40枚,1,9800,11
703720,20250120,M101724,20241011,CS102,ささみチップス 200g,1,4980,11
703720,20250120,M101724,20241011,CS101,かつおチップス 200g,1,12000,11
703720,20250120,M101724,20241011,CT102,肉球バーム 10g,1,6800,11
703721,20250201,M101724,20241011,CT106,耳そうじシート 40枚,1,9800,11
703722,20250908,M101725,20250818,CT104,もこもこ泡シャンプー 300ml,1,9800,11
703723,20251025,M101725,20250818,CS104,減塩にぼし 500g,1,1280,11
703724,20240114,M101726,20240101,CS101,かつおチップス 200g,1,12000,11
703724,20240114,M101726,20240101,CT104,もこもこ泡シャンプー 300ml,1,9800,11
703725,20240312,M101726,20240101,CS104,減塩にぼし 500g,1,1280,09
703725,20240312,M101726,20240101,CT104,もこもこ泡シャンプー 300ml,1,9800,09
703726,20240601,M101726,20240101,CT106,耳そうじシート 40枚,1,9800,11
703727,20240630,M101726,20240101,CT104,もこもこ泡シャンプー 300ml,1,9800,11
703728,20241117,M101726,20240101,CT102,肉球バーム 10g,3,20400,11
703728,20241117,M101726,20240101,CF101,総合栄養食 まぐろ 500g,1,12000,11
703728,20241117,M101726,20240101,CE105,年間メンバーパス,1,4980,11
703729,20240330,M101727,20240330,CE105,年間メンバーパス,1,4980,11
703729,20240330,M101727,20240330,CT101,肉球バーム 100g,1,1650,11
703730,20250822,M101728,20250814,CS101,かつおチップス 200g,1,12000,11
703731,20251005,M101728,20250814,CT102,肉球バーム 10g,1,6800,11
703731,20251005,M101728,20250814,CS102,ささみチップス 200g,1,4980,11
703731,20251005,M101728,20250814,CT106,耳そうじシート 40枚,1,9800,11
703732,20251110,M101728,20250814,CS104,減塩にぼし 500g,1,1280,11
703733,20231229,M101729,20180724,CT106,耳そうじシート 40枚,1,9800,11
703734,20240426,M101729,20180724,CT108,毛玉ケアジェル 60g,1,980,11
703735,20240611,M101729,20180724,CT103,被毛ケアローション 190ml,1,1650,11
703736,20241227,M101729,20180724,CE103,グルーミング講座,1,3800,11
703736,20241227,M101729,20180724,CS104,減塩にぼし 500g,2,2560,11
703736,20241227,M101729,20180724,CT106,耳そうじシート 40枚,1,9800,11
703737,20250111,M101730,20241219,CS101,かつおチップス 200g,1,12000,11
703737,20250111,M101730,20241219,CT108,毛玉ケアジェル 60g,1,980,11
703738,20250325,M101730,20241219,CT102,肉球バーム 10g,1,6800,11
703738,20250325,M101730,20241219,CE103,グルーミング講座,1,3800,11
703739,20260328,M101731,20260316,CS101,かつおチップス 200g,1,12000,11
703740,20260502,M101732,20260418,CF103,陶器のごはん皿 S,2,3300,11
703740,20260502,M101732,20260418,CE103,グルーミング講座,1,3800,11
703741,20250102,M101733,20241224,CT103,被毛ケアローション 190ml,1,1650,11
703741,20250102,M101733,20241224,CT106,耳そうじシート 40枚,1,9800,11
703741,20250102,M101733,20241224,CT104,もこもこ泡シャンプー 300ml,1,9800,11
703742,20231227,M101734,20180812,CT106,耳そうじシート 40枚,2,19600,11
703742,20231227,M101734,20180812,CT104,もこもこ泡シャンプー 300ml,1,9800,11
703743,20240321,M101735,20240309,CT108,毛玉ケアジェル 60g,1,980,11
703743,20240321,M101735,20240309,CS104,減塩にぼし 500g,1,1280,11
703744,20240408,M101736,20240401,CS101,かつおチップス 200g,3,36000,11
703744,20240408,M101736,20240401,CF102,総合栄養食 まぐろ 100g,2,1960,11
703745,20240106,M101737,20190509,CS104,減塩にぼし 500g,1,1280,11
703745,20240106,M101737,20190509,CT106,耳そうじシート 40枚,3,29400,11
703746,20240519,M101737,20190509,CS101,かつおチップス 200g,1,12000,11
703747,20250626,M101738,20250610,CT102,肉球バーム 10g,1,6800,11
703748,20250731,M101738,20250610,CF101,総合栄養食 まぐろ 500g,2,24000,11
703748,20250731,M101738,20250610,CT106,耳そうじシート 40枚,1,9800,11
703749,20260110,M101739,20251218,CE105,年間メンバーパス,2,9960,11
703750,20231226,M101740,20180127,CS103,またたびスティック 30本,1,3800,14
703751,20240114,M101740,20180127,CE102,しつけ教室チケット S,1,6800,11
703751,20240114,M101740,20180127,CS101,かつおチップス 200g,1,12000,11
703752,20240206,M101740,20180127,CT108,毛玉ケアジェル 60g,1,980,14
703753,20240328,M101740,20180127,CS101,かつおチップス 200g,1,12000,11
703754,20240411,M101740,20180127,CT102,肉球バーム 10g,1,6800,11
703754,20240411,M101740,20180127,CT106,耳そうじシート 40枚,1,9800,11
703755,20240521,M101740,20180127,CS103,またたびスティック 30本,1,3800,11
703755,20240521,M101740,20180127,CT104,もこもこ泡シャンプー 300ml,1,9800,11
703756,20250902,M101741,20250809,CT106,耳そうじシート 40枚,1,9800,11
703757,20250927,M101741,20250809,CF106,フードストッカー 1L,1,3800,11
703758,20250708,M101742,20250613,CE105,年間メンバーパス,1,4980,11
703758,20250708,M101742,20250613,CT104,もこもこ泡シャンプー 300ml,1,9800,11
703759,20250905,M101742,20250613,CS103,またたびスティック 30本,3,11400,11
703759,20250905,M101742,20250613,CT102,肉球バーム 10g,1,6800,11
703759,20250905,M101742,20250613,CS101,かつおチップス 200g,1,12000,11
703759,20250905,M101742,20250613,CT108,毛玉ケアジェル 60g,1,980,11
703760,20250801,M101743,20250726,CS105,ミルク仕立ておやつ 300g,1,980,11
703760,20250801,M101743,20250726,CS104,減塩にぼし 500g,1,1280,11
703761,20251209,M101744,20251115,CT106,耳そうじシート 40枚,1,9800,11
703761,20251209,M101744,20251115,CT104,もこもこ泡シャンプー 300ml,1,9800,11
703762,20240816,M101745,20240816,CT104,もこもこ泡シャンプー 300ml,1,9800,11
703762,20240816,M101745,20240816,CE105,年間メンバーパス,1,4980,11
703762,20240816,M101745,20240816,CS101,かつおチップス 200g,1,12000,11
703763,20240902,M101745,20240816,CH101,猫用マルチビタミン 180粒,1,980,11
703763,20240902,M101745,20240816,CH106,腸内フローラ乳酸菌 60粒,1,12000,11
703764,20241122,M101746,20241119,CE105,年間メンバーパス,1,4980,11
703765,20240426,M101747,20240420,CT102,肉球バーム 10g,1,6800,11
703765,20240426,M101747,20240420,CS103,またたびスティック 30本,3,11400,11
703766,20250904,M101748,20250811,CT104,もこもこ泡シャンプー 300ml,1,9800,11
703767,20240324,M101749,20240310,CT108,毛玉ケアジェル 60g,1,980,11
703767,20240324,M101749,20240310,CH102,毛玉ケアパウダー 180回分,1,1650,11
703768,20241122,M101750,20241121,CE105,年間メンバーパス,1,4980,11
703769,20250213,M101750,20241121,CE103,グルーミング講座,1,3800,11
703769,20250213,M101750,20241121,CT106,耳そうじシート 40枚,2,19600,11
703769,20250213,M101750,20241121,CE102,しつけ教室チケット S,2,13600,11
703769,20250213,M101750,20241121,CH102,毛玉ケアパウダー 180回分,1,1650,11
703770,20240229,M101751,20240214,CS104,減塩にぼし 500g,1,1280,11
703770,20240229,M101751,20240214,CE105,年間メンバーパス,1,4980,11
703771,20240307,M101751,20240214,CT102,肉球バーム 10g,1,6800,11
703772,20240510,M101751,20240214,CT104,もこもこ泡シャンプー 300ml,1,9800,11
703773,20240717,M101751,20240214,CT104,もこもこ泡シャンプー 300ml,1,9800,11
703774,20240826,M101751,20240214,CT106,耳そうじシート 40枚,2,19600,11
703775,20251117,M101752,20251113,CS104,減塩にぼし 500g,1,1280,11
703776,20251225,M101752,20251113,CS103,またたびスティック 30本,1,3800,11
703776,20251225,M101752,20251113,CT102,肉球バーム 10g,1,6800,11
703777,20260224,M101752,20251113,CS104,減塩にぼし 500g,1,1280,11
703778,20260329,M101752,20251113,CT105,ふわもこブラシ,1,2980,11
703779,20240227,M101753,20240225,CE105,年間メンバーパス,1,4980,09
703779,20240227,M101753,20240225,CT104,もこもこ泡シャンプー 300ml,3,29400,09
703779,20240227,M101753,20240225,CF105,竹のフードスクープ,1,980,09
703780,20240705,M101753,20240225,CS104,減塩にぼし 500g,1,1280,11
703780,20240705,M101753,20240225,CT106,耳そうじシート 40枚,2,19600,11
703780,20240705,M101753,20240225,CT104,もこもこ泡シャンプー 300ml,1,9800,11
703781,20240830,M101753,20240225,CT108,毛玉ケアジェル 60g,1,980,11
703782,20250129,M101753,20240225,CT102,肉球バーム 10g,1,6800,11
703782,20250129,M101753,20240225,CE105,年間メンバーパス,1,4980,11
703782,20250129,M101753,20240225,CT106,耳そうじシート 40枚,1,9800,11
703783,20250417,M101753,20240225,CH105,鉄分＋葉酸タブレット 90粒,1,1280,11
703784,20250930,M101754,20250926,CT102,肉球バーム 10g,1,6800,11
703784,20250930,M101754,20250926,CS101,かつおチップス 200g,1,12000,11
703784,20250930,M101754,20250926,CT104,もこもこ泡シャンプー 300ml,2,19600,11
703785,20251128,M101754,20250926,CT102,肉球バーム 10g,1,6800,11
703786,20260203,M101754,20250926,CT106,耳そうじシート 40枚,1,9800,09
703786,20260203,M101754,20250926,CF103,陶器のごはん皿 S,1,1650,09
703787,20260618,M101754,20250926,CT106,耳そうじシート 40枚,1,9800,11
703787,20260618,M101754,20250926,CE104,オンライン相談パス,1,2200,11
703788,20251120,M101755,20251109,CS103,またたびスティック 30本,3,11400,11
703789,20260119,M101756,20260116,CT104,もこもこ泡シャンプー 300ml,1,9800,11
703790,20260209,M101756,20260116,CS102,ささみチップス 200g,1,4980,11
703791,20250414,M101757,20250320,CT104,もこもこ泡シャンプー 300ml,1,9800,11
703791,20250414,M101757,20250320,CH102,毛玉ケアパウダー 180回分,1,1650,11
703792,20250531,M101757,20250320,CH102,毛玉ケアパウダー 180回分,3,4950,11
703792,20250531,M101757,20250320,CE102,しつけ教室チケット S,1,6800,11
703792,20250531,M101757,20250320,CE105,年間メンバーパス,1,4980,11
703793,20240707,M101758,20240706,CF105,竹のフードスクープ,1,980,11
703793,20240707,M101758,20240706,CS101,かつおチップス 200g,1,12000,11
703794,20240928,M101758,20240706,CT103,被毛ケアローション 190ml,1,1650,11
703795,20240103,M101759,20160528,CE105,年間メンバーパス,1,4980,11
703796,20240213,M101759,20160528,CT104,もこもこ泡シャンプー 300ml,1,9800,11
703797,20240601,M101759,20160528,CT106,耳そうじシート 40枚,1,9800,11
703798,20240624,M101759,20160528,CT102,肉球バーム 10g,1,6800,11
703799,20240718,M101759,20160528,CT106,耳そうじシート 40枚,1,9800,11
703800,20241119,M101759,20160528,CE105,年間メンバーパス,1,4980,11
703800,20241119,M101759,20160528,CT106,耳そうじシート 40枚,1,9800,11
703800,20241119,M101759,20160528,CS103,またたびスティック 30本,1,3800,11
703801,20250101,M101759,20160528,CS101,かつおチップス 200g,1,12000,11
703802,20250217,M101759,20160528,CS101,かつおチップス 200g,3,36000,11
703802,20250217,M101759,20160528,CS104,減塩にぼし 500g,1,1280,11
703802,20250217,M101759,20160528,CH102,毛玉ケアパウダー 180回分,1,1650,11
703803,20240304,M101760,20240212,CE104,オンライン相談パス,1,2200,11
703803,20240304,M101760,20240212,CT106,耳そうじシート 40枚,1,9800,11
703803,20240304,M101760,20240212,CS104,減塩にぼし 500g,2,2560,11
703804,20240523,M101760,20240212,CT106,耳そうじシート 40枚,1,9800,11
703804,20240523,M101760,20240212,CT102,肉球バーム 10g,1,6800,11
703805,20240603,M101760,20240212,CT104,もこもこ泡シャンプー 300ml,1,9800,11
703806,20240901,M101760,20240212,CH102,毛玉ケアパウダー 180回分,1,1650,11
703807,20241107,M101760,20240212,CT108,毛玉ケアジェル 60g,1,980,14
703808,20250204,M101760,20240212,CT104,もこもこ泡シャンプー 300ml,1,9800,11
703809,20250430,M101760,20240212,CT104,もこもこ泡シャンプー 300ml,1,9800,11
703809,20250430,M101760,20240212,CS103,またたびスティック 30本,1,3800,11
703809,20250430,M101760,20240212,CS101,かつおチップス 200g,1,12000,11
703809,20250430,M101760,20240212,CS104,減塩にぼし 500g,1,1280,11
703810,20250512,M101760,20240212,CT102,肉球バーム 10g,1,6800,11
703811,20241118,M101761,20241101,CT102,肉球バーム 10g,1,6800,11
703811,20241118,M101761,20241101,CH102,毛玉ケアパウダー 180回分,2,3300,11
703812,20240712,M101762,20240628,CT102,肉球バーム 10g,2,13600,11
703813,20240809,M101762,20240628,CT103,被毛ケアローション 190ml,1,1650,11
703814,20240827,M101762,20240628,CT104,もこもこ泡シャンプー 300ml,1,9800,14
703814,20240827,M101762,20240628,CE105,年間メンバーパス,1,4980,14
703815,20260310,M101763,20260303,CT106,耳そうじシート 40枚,1,9800,11
703816,20250826,M101764,20250819,CF102,総合栄養食 まぐろ 100g,1,980,11
703816,20250826,M101764,20250819,CT102,肉球バーム 10g,1,6800,11
703817,20240805,M101765,20240716,CT106,耳そうじシート 40枚,1,9800,11
703818,20240812,M101765,20240716,CT102,肉球バーム 10g,1,6800,11
703818,20240812,M101765,20240716,CT106,耳そうじシート 40枚,2,19600,11
703819,20260112,M101766,20251231,CS104,減塩にぼし 500g,1,1280,11
703819,20260112,M101766,20251231,CT104,もこもこ泡シャンプー 300ml,1,9800,11
703820,20240714,M101767,20240620,CF102,総合栄養食 まぐろ 100g,1,980,11
703821,20240727,M101767,20240620,CT102,肉球バーム 10g,1,6800,11
703822,20240812,M101767,20240620,CS101,かつおチップス 200g,1,12000,11
703823,20241105,M101767,20240620,CT102,肉球バーム 10g,1,6800,11
703824,20241115,M101767,20240620,CT108,毛玉ケアジェル 60g,1,980,11
703825,20240112,M101768,20220709,CS104,減塩にぼし 500g,1,1280,11
703826,20240307,M101768,20220709,CS101,かつおチップス 200g,1,12000,09
703826,20240307,M101768,20220709,CT102,肉球バーム 10g,1,6800,09
703827,20251208,M101769,20251119,CT104,もこもこ泡シャンプー 300ml,1,9800,11
703828,20260309,M101769,20251119,CT108,毛玉ケアジェル 60g,1,980,11
703829,20250112,M101770,20250109,CE105,年間メンバーパス,1,4980,11
703829,20250112,M101770,20250109,CH102,毛玉ケアパウダー 180回分,2,3300,11
703830,20250316,M101770,20250109,CT106,耳そうじシート 40枚,3,29400,11
703831,20240505,M101771,20240505,CT104,もこもこ泡シャンプー 300ml,1,9800,11
703832,20240530,M101771,20240505,CT106,耳そうじシート 40枚,2,19600,11
703833,20250314,M101772,20250305,CT102,肉球バーム 10g,1,6800,11
703833,20250314,M101772,20250305,CT104,もこもこ泡シャンプー 300ml,2,19600,11
703834,20250508,M101772,20250305,CH103,関節ケアコラーゲン 250g,1,980,11
703835,20250613,M101773,20250605,CE102,しつけ教室チケット S,1,6800,11
703836,20250628,M101773,20250605,CT104,もこもこ泡シャンプー 300ml,1,9800,09
703836,20250628,M101773,20250605,CT106,耳そうじシート 40枚,1,9800,09
703837,20260227,M101774,20260207,CS104,減塩にぼし 500g,2,2560,11
703838,20260402,M101774,20260207,CT104,もこもこ泡シャンプー 300ml,2,19600,11
703838,20260402,M101774,20260207,CH103,関節ケアコラーゲン 250g,1,980,11
703839,20260427,M101774,20260207,CT106,耳そうじシート 40枚,1,9800,11
703840,20241129,M101775,20241107,CT106,耳そうじシート 40枚,1,9800,11
703840,20241129,M101775,20241107,CT108,毛玉ケアジェル 60g,1,980,11
703841,20241211,M101775,20241107,CS104,減塩にぼし 500g,1,1280,11
703842,20250105,M101775,20241107,CS104,減塩にぼし 500g,1,1280,11
703842,20250105,M101775,20241107,CS101,かつおチップス 200g,2,24000,11
703842,20250105,M101775,20241107,CT104,もこもこ泡シャンプー 300ml,1,9800,11
703843,20250322,M101775,20241107,CS104,減塩にぼし 500g,1,1280,11
703844,20260224,M101776,20260211,CS104,減塩にぼし 500g,1,1280,11
703845,20260504,M101776,20260211,CT108,毛玉ケアジェル 60g,1,980,11
703845,20260504,M101776,20260211,CS101,かつおチップス 200g,1,12000,11
703845,20260504,M101776,20260211,CT106,耳そうじシート 40枚,1,9800,11
703846,20240406,M101777,20240401,CH102,毛玉ケアパウダー 180回分,1,1650,11
703847,20240713,M101777,20240401,CT103,被毛ケアローション 190ml,1,1650,11
703847,20240713,M101777,20240401,CS103,またたびスティック 30本,1,3800,11
703847,20240713,M101777,20240401,CS101,かつおチップス 200g,1,12000,11
703847,20240713,M101777,20240401,CT106,耳そうじシート 40枚,1,9800,11
703848,20240803,M101777,20240401,CS101,かつおチップス 200g,1,12000,11
703848,20240803,M101777,20240401,CE102,しつけ教室チケット S,1,6800,11
703848,20240803,M101777,20240401,CT103,被毛ケアローション 190ml,1,1650,11
703849,20240111,M101778,20220127,CE105,年間メンバーパス,1,4980,11
703849,20240111,M101778,20220127,CS103,またたびスティック 30本,2,7600,11
703850,20240208,M101778,20220127,CS104,減塩にぼし 500g,1,1280,11
703851,20240330,M101778,20220127,CS102,ささみチップス 200g,1,4980,11
703851,20240330,M101778,20220127,CT106,耳そうじシート 40枚,2,19600,11
703852,20240525,M101778,20220127,CT104,もこもこ泡シャンプー 300ml,1,9800,11
703852,20240525,M101778,20220127,CS104,減塩にぼし 500g,1,1280,11
703853,20241022,M101778,20220127,CT106,耳そうじシート 40枚,1,9800,11
703854,20241211,M101778,20220127,CT104,もこもこ泡シャンプー 300ml,3,29400,09
703855,20250725,M101778,20220127,CE105,年間メンバーパス,1,4980,11
703856,20250819,M101778,20220127,CE105,年間メンバーパス,2,9960,11
703857,20250824,M101779,20250801,CE101,しつけ教室チケット A,1,2980,14
703858,20250918,M101779,20250801,CT106,耳そうじシート 40枚,3,29400,11
703859,20251022,M101779,20250801,CT106,耳そうじシート 40枚,1,9800,11
703859,20251022,M101779,20250801,CT102,肉球バーム 10g,1,6800,11
703859,20251022,M101779,20250801,CS101,かつおチップス 200g,1,12000,11
703860,20250506,M101780,20250416,CT106,耳そうじシート 40枚,1,9800,11
703860,20250506,M101780,20250416,CF101,総合栄養食 まぐろ 500g,1,12000,11
703861,20260225,M101781,20260209,CS104,減塩にぼし 500g,1,1280,11
703862,20260609,M101782,20260527,CT104,もこもこ泡シャンプー 300ml,3,29400,09
703862,20260609,M101782,20260527,CT103,被毛ケアローション 190ml,1,1650,09
703863,20241026,M101783,20241005,CT103,被毛ケアローション 190ml,1,1650,11
703864,20241217,M101783,20241005,CT106,耳そうじシート 40枚,1,9800,11
703864,20241217,M101783,20241005,CE105,年間メンバーパス,2,9960,11
703865,20250104,M101783,20241005,CT108,毛玉ケアジェル 60g,1,980,09
703865,20250104,M101783,20241005,CS104,減塩にぼし 500g,1,1280,09
703866,20240205,M101784,20240124,CS101,かつおチップス 200g,1,12000,11
703867,20240320,M101784,20240124,CS101,かつおチップス 200g,1,12000,11
703867,20240320,M101784,20240124,CE105,年間メンバーパス,1,4980,11
703868,20240614,M101784,20240124,CT106,耳そうじシート 40枚,1,9800,11
703868,20240614,M101784,20240124,CF101,総合栄養食 まぐろ 500g,1,12000,11
703869,20240724,M101784,20240124,CE101,しつけ教室チケット A,1,2980,14
703869,20240724,M101784,20240124,CF101,総合栄養食 まぐろ 500g,1,12000,14
703869,20240724,M101784,20240124,CS101,かつおチップス 200g,1,12000,14
703870,20240828,M101785,20240826,CF101,総合栄養食 まぐろ 500g,1,12000,11
703870,20240828,M101785,20240826,CT106,耳そうじシート 40枚,2,19600,11
703870,20240828,M101785,20240826,CS101,かつおチップス 200g,1,12000,11
703870,20240828,M101785,20240826,CS104,減塩にぼし 500g,3,3840,11
703871,20241002,M101785,20240826,CT103,被毛ケアローション 190ml,1,1650,11
703871,20241002,M101785,20240826,CT102,肉球バーム 10g,1,6800,11
703872,20241015,M101785,20240826,CF103,陶器のごはん皿 S,1,1650,11
703872,20241015,M101785,20240826,CT106,耳そうじシート 40枚,1,9800,11
703873,20241103,M101785,20240826,CT104,もこもこ泡シャンプー 300ml,1,9800,11
703874,20240120,M101786,20231229,CH102,毛玉ケアパウダー 180回分,3,4950,11
703874,20240120,M101786,20231229,CT103,被毛ケアローション 190ml,3,4950,11
703874,20240120,M101786,20231229,CS104,減塩にぼし 500g,1,1280,11
703874,20240120,M101786,20231229,CT104,もこもこ泡シャンプー 300ml,1,9800,11
703875,20240201,M101786,20231229,CT104,もこもこ泡シャンプー 300ml,1,9800,11
703876,20240506,M101786,20231229,CT104,もこもこ泡シャンプー 300ml,2,19600,11
703876,20240506,M101786,20231229,CE103,グルーミング講座,1,3800,11
703876,20240506,M101786,20231229,CT106,耳そうじシート 40枚,1,9800,11
703877,20240621,M101786,20231229,CH106,腸内フローラ乳酸菌 60粒,1,12000,11
703877,20240621,M101786,20231229,CE105,年間メンバーパス,1,4980,11
703878,20231225,M101787,20180602,CS101,かつおチップス 200g,1,12000,11
703878,20231225,M101787,20180602,CH105,鉄分＋葉酸タブレット 90粒,1,1280,11
703879,20250110,M101788,20241225,CS104,減塩にぼし 500g,1,1280,11
703879,20250110,M101788,20241225,CS101,かつおチップス 200g,1,12000,11
703879,20250110,M101788,20241225,CT106,耳そうじシート 40枚,1,9800,11
703880,20250123,M101788,20241225,CH102,毛玉ケアパウダー 180回分,1,1650,11
703880,20250123,M101788,20241225,CS101,かつおチップス 200g,3,36000,11
703880,20250123,M101788,20241225,CT106,耳そうじシート 40枚,1,9800,11
703881,20260501,M101789,20260422,CT102,肉球バーム 10g,1,6800,11
703881,20260501,M101789,20260422,CS101,かつおチップス 200g,1,12000,11
703881,20260501,M101789,20260422,CS104,減塩にぼし 500g,1,1280,11
703882,20260526,M101789,20260422,CF102,総合栄養食 まぐろ 100g,1,980,11
703883,20260212,M101790,20260120,CT104,もこもこ泡シャンプー 300ml,3,29400,11
703883,20260212,M101790,20260120,CS104,減塩にぼし 500g,1,1280,11
703884,20260322,M101790,20260120,CH103,関節ケアコラーゲン 250g,1,980,11
703885,20260121,M101791,20251231,CS104,減塩にぼし 500g,2,2560,11
703885,20260121,M101791,20251231,CT103,被毛ケアローション 190ml,1,1650,11
703886,20260605,M101791,20251231,CT106,耳そうじシート 40枚,1,9800,11
703887,20260125,M101792,20260120,CE105,年間メンバーパス,2,9960,11
703887,20260125,M101792,20260120,CT106,耳そうじシート 40枚,1,9800,11
703887,20260125,M101792,20260120,CS104,減塩にぼし 500g,2,2560,11
703888,20260420,M101793,20260411,CE105,年間メンバーパス,1,4980,11
703888,20260420,M101793,20260411,CS101,かつおチップス 200g,3,36000,11
703889,20260614,M101793,20260411,CE105,年間メンバーパス,1,4980,11
703889,20260614,M101793,20260411,CT103,被毛ケアローション 190ml,1,1650,11
703890,20240115,M101794,20230720,CT108,毛玉ケアジェル 60g,1,980,11
703891,20240328,M101794,20230720,CT103,被毛ケアローション 190ml,1,1650,11
703892,20240405,M101794,20230720,CT106,耳そうじシート 40枚,1,9800,11
703892,20240405,M101794,20230720,CT104,もこもこ泡シャンプー 300ml,1,9800,11
703893,20240604,M101794,20230720,CS104,減塩にぼし 500g,1,1280,11
703893,20240604,M101794,20230720,CT106,耳そうじシート 40枚,1,9800,11
703894,20240707,M101794,20230720,CT104,もこもこ泡シャンプー 300ml,1,9800,11
703895,20250402,M101794,20230720,CS101,かつおチップス 200g,1,12000,11
703896,20240425,M101795,20240410,CT104,もこもこ泡シャンプー 300ml,1,9800,11
703896,20240425,M101795,20240410,CS101,かつおチップス 200g,1,12000,11
703897,20240912,M101795,20240410,CT102,肉球バーム 10g,1,6800,11
703897,20240912,M101795,20240410,CT104,もこもこ泡シャンプー 300ml,1,9800,11
703898,20241016,M101795,20240410,CS104,減塩にぼし 500g,2,2560,11
703899,20241228,M101795,20240410,CE105,年間メンバーパス,3,14940,11
703900,20250326,M101795,20240410,CE102,しつけ教室チケット S,1,6800,11
703901,20250606,M101795,20240410,CS104,減塩にぼし 500g,1,1280,11
703902,20250908,M101795,20240410,CT106,耳そうじシート 40枚,1,9800,11
703903,20260103,M101795,20240410,CT106,耳そうじシート 40枚,1,9800,11
703904,20231227,M101796,20181010,CS104,減塩にぼし 500g,1,1280,11
703904,20231227,M101796,20181010,CT106,耳そうじシート 40枚,3,29400,11
703905,20240305,M101796,20181010,CT108,毛玉ケアジェル 60g,1,980,11
703906,20260524,M101797,20260429,CT103,被毛ケアローション 190ml,1,1650,11
703906,20260524,M101797,20260429,CS103,またたびスティック 30本,1,3800,11
703906,20260524,M101797,20260429,CS101,かつおチップス 200g,1,12000,11
703906,20260524,M101797,20260429,CS104,減塩にぼし 500g,1,1280,11
703907,20260517,M101798,20260512,CT108,毛玉ケアジェル 60g,1,980,11
703907,20260517,M101798,20260512,CE101,しつけ教室チケット A,1,2980,11
703907,20260517,M101798,20260512,CT103,被毛ケアローション 190ml,1,1650,11
703907,20260517,M101798,20260512,CS104,減塩にぼし 500g,1,1280,11
703908,20250706,M101799,20250613,CT106,耳そうじシート 40枚,3,29400,11
703909,20241228,M101800,20241213,CT106,耳そうじシート 40枚,1,9800,11
703910,20240322,M101801,20240301,CF102,総合栄養食 まぐろ 100g,2,1960,11
703910,20240322,M101801,20240301,CT104,もこもこ泡シャンプー 300ml,1,9800,11
703910,20240322,M101801,20240301,CT106,耳そうじシート 40枚,2,19600,11
703910,20240322,M101801,20240301,CS101,かつおチップス 200g,1,12000,11
703911,20240909,M101801,20240301,CS103,またたびスティック 30本,1,3800,11
703912,20240115,M101802,20200602,CS101,かつおチップス 200g,3,36000,09
703913,20240131,M101802,20200602,CT106,耳そうじシート 40枚,2,19600,11
703914,20240210,M101802,20200602,CS101,かつおチップス 200g,1,12000,11
703914,20240210,M101802,20200602,CT106,耳そうじシート 40枚,1,9800,11
703915,20260619,M101803,20260530,CE102,しつけ教室チケット S,2,13600,11
703915,20260619,M101803,20260530,CE101,しつけ教室チケット A,3,8940,11
703916,20240106,M101804,20170814,CT106,耳そうじシート 40枚,1,9800,11
703916,20240106,M101804,20170814,CT108,毛玉ケアジェル 60g,1,980,11
703917,20240228,M101804,20170814,CT104,もこもこ泡シャンプー 300ml,1,9800,11
703917,20240228,M101804,20170814,CT106,耳そうじシート 40枚,1,9800,11
703918,20240307,M101804,20170814,CE103,グルーミング講座,2,7600,11
703918,20240307,M101804,20170814,CT102,肉球バーム 10g,1,6800,11
703919,20240315,M101804,20170814,CT104,もこもこ泡シャンプー 300ml,1,9800,11
703920,20250925,M101805,20250917,CT108,毛玉ケアジェル 60g,1,980,11
703921,20240405,M101806,20240317,CS104,減塩にぼし 500g,1,1280,11
703922,20250527,M101807,20250516,CE105,年間メンバーパス,1,4980,11
703923,20240403,M101808,20240315,CT104,もこもこ泡シャンプー 300ml,3,29400,11
703923,20240403,M101808,20240315,CT106,耳そうじシート 40枚,2,19600,11
703923,20240403,M101808,20240315,CS103,またたびスティック 30本,1,3800,11
703924,20250220,M101809,20250218,CT103,被毛ケアローション 190ml,1,1650,11
703925,20251014,M101810,20250923,CT106,耳そうじシート 40枚,1,9800,11
703926,20251113,M101810,20250923,CT102,肉球バーム 10g,1,6800,11
703927,20251209,M101810,20250923,CT106,耳そうじシート 40枚,1,9800,11
703927,20251209,M101810,20250923,CE105,年間メンバーパス,1,4980,11
703928,20251231,M101810,20250923,CT106,耳そうじシート 40枚,1,9800,11
703928,20251231,M101810,20250923,CT102,肉球バーム 10g,1,6800,11
703929,20260129,M101810,20250923,CS101,かつおチップス 200g,1,12000,11
703929,20260129,M101810,20250923,CT103,被毛ケアローション 190ml,1,1650,11
703930,20250318,M101811,20250222,CT104,もこもこ泡シャンプー 300ml,1,9800,11
703931,20241221,M101812,20241208,CF102,総合栄養食 まぐろ 100g,1,980,11
703932,20251120,M101812,20241208,CS101,かつおチップス 200g,1,12000,11
703933,20231225,M101813,20231005,CH102,毛玉ケアパウダー 180回分,1,1650,11
703934,20240304,M101813,20231005,CT104,もこもこ泡シャンプー 300ml,1,9800,11
703934,20240304,M101813,20231005,CH106,腸内フローラ乳酸菌 60粒,1,12000,11
703935,20240421,M101813,20231005,CS102,ささみチップス 200g,1,4980,11
703936,20240428,M101813,20231005,CT102,肉球バーム 10g,1,6800,11
703936,20240428,M101813,20231005,CT104,もこもこ泡シャンプー 300ml,2,19600,11
703937,20251026,M101814,20251003,CT102,肉球バーム 10g,1,6800,11
703938,20251112,M101814,20251003,CE105,年間メンバーパス,2,9960,11
703939,20251128,M101815,20251109,CT104,もこもこ泡シャンプー 300ml,1,9800,11
703939,20251128,M101815,20251109,CS104,減塩にぼし 500g,1,1280,11
703939,20251128,M101815,20251109,CT108,毛玉ケアジェル 60g,1,980,11
703939,20251128,M101815,20251109,CE105,年間メンバーパス,1,4980,11
703940,20240509,M101816,20240425,CT106,耳そうじシート 40枚,1,9800,11
703941,20241023,M101816,20240425,CT108,毛玉ケアジェル 60g,1,980,11
703942,20250305,M101816,20240425,CS101,かつおチップス 200g,1,12000,14
703943,20260602,M101816,20240425,CS104,減塩にぼし 500g,1,1280,11
703943,20260602,M101816,20240425,CT104,もこもこ泡シャンプー 300ml,1,9800,11
703944,20251009,M101817,20250924,CS104,減塩にぼし 500g,1,1280,11
703945,20251112,M101817,20250924,CE102,しつけ教室チケット S,1,6800,11
703946,20251130,M101817,20250924,CT106,耳そうじシート 40枚,1,9800,11
703946,20251130,M101817,20250924,CS104,減塩にぼし 500g,1,1280,11
703946,20251130,M101817,20250924,CS101,かつおチップス 200g,2,24000,11
703947,20241206,M101818,20241130,CT106,耳そうじシート 40枚,1,9800,11
703948,20250312,M101819,20250301,CS101,かつおチップス 200g,1,12000,11
703949,20250617,M101819,20250301,CF101,総合栄養食 まぐろ 500g,1,12000,11
703950,20251014,M101819,20250301,CT104,もこもこ泡シャンプー 300ml,2,19600,11
703950,20251014,M101819,20250301,CS101,かつおチップス 200g,1,12000,11
703951,20260617,M101819,20250301,CE105,年間メンバーパス,1,4980,11
703951,20260617,M101819,20250301,CT106,耳そうじシート 40枚,1,9800,11
703952,20240112,M101820,20200623,CS104,減塩にぼし 500g,1,1280,11
703952,20240112,M101820,20200623,CS101,かつおチップス 200g,1,12000,11
703953,20240615,M101821,20240609,CS101,かつおチップス 200g,3,36000,11
703953,20240615,M101821,20240609,CT106,耳そうじシート 40枚,1,9800,11
703953,20240615,M101821,20240609,CF102,総合栄養食 まぐろ 100g,2,1960,11
703954,20240820,M101821,20240609,CE105,年間メンバーパス,2,9960,11
703954,20240820,M101821,20240609,CT108,毛玉ケアジェル 60g,1,980,11
703955,20250318,M101821,20240609,CT104,もこもこ泡シャンプー 300ml,1,9800,11
703956,20250402,M101821,20240609,CS104,減塩にぼし 500g,1,1280,11
703956,20250402,M101821,20240609,CS101,かつおチップス 200g,2,24000,11
703957,20250624,M101821,20240609,CT103,被毛ケアローション 190ml,1,1650,11
703957,20250624,M101821,20240609,CS101,かつおチップス 200g,1,12000,11
703957,20250624,M101821,20240609,CT102,肉球バーム 10g,2,13600,11
703958,20250517,M101822,20250502,CT104,もこもこ泡シャンプー 300ml,1,9800,14
703958,20250517,M101822,20250502,CT106,耳そうじシート 40枚,3,29400,14
703958,20250517,M101822,20250502,CF101,総合栄養食 まぐろ 500g,1,12000,14
703958,20250517,M101822,20250502,CS104,減塩にぼし 500g,1,1280,14
703959,20250717,M101822,20250502,CS101,かつおチップス 200g,1,12000,11
703960,20251110,M101822,20250502,CS101,かつおチップス 200g,2,24000,11
703960,20251110,M101822,20250502,CS104,減塩にぼし 500g,2,2560,11
703961,20251130,M101822,20250502,CT108,毛玉ケアジェル 60g,2,1960,11
703962,20250726,M101823,20250701,CT104,もこもこ泡シャンプー 300ml,2,19600,11
703963,20240728,M101824,20240704,CT103,被毛ケアローション 190ml,1,1650,11
703963,20240728,M101824,20240704,CT104,もこもこ泡シャンプー 300ml,1,9800,11
703963,20240728,M101824,20240704,CE102,しつけ教室チケット S,1,6800,11
703963,20240728,M101824,20240704,CS104,減塩にぼし 500g,1,1280,11
703964,20250114,M101824,20240704,CS101,かつおチップス 200g,1,12000,09
703965,20250203,M101824,20240704,CF102,総合栄養食 まぐろ 100g,1,980,11
703966,20260125,M101825,20260116,CT103,被毛ケアローション 190ml,1,1650,11
703967,20260304,M101825,20260116,CT104,もこもこ泡シャンプー 300ml,1,9800,11
703968,20251114,M101826,20251106,CS104,減塩にぼし 500g,1,1280,11
703968,20251114,M101826,20251106,CT103,被毛ケアローション 190ml,2,3300,11
703969,20251226,M101826,20251106,CT104,もこもこ泡シャンプー 300ml,1,9800,11
703970,20240807,M101827,20240804,CS102,ささみチップス 200g,3,14940,11
703971,20241122,M101827,20240804,CS104,減塩にぼし 500g,2,2560,11
703972,20240106,M101828,20170729,CS104,減塩にぼし 500g,1,1280,11
703973,20250113,M101829,20250112,CT106,耳そうじシート 40枚,1,9800,11
703974,20260525,M101830,20260522,CS101,かつおチップス 200g,3,36000,11
703974,20260525,M101830,20260522,CE101,しつけ教室チケット A,1,2980,11
703974,20260525,M101830,20260522,CT102,肉球バーム 10g,1,6800,11
703975,20240103,M101831,20190302,CT104,もこもこ泡シャンプー 300ml,1,9800,11
703976,20240404,M101831,20190302,CS103,またたびスティック 30本,1,3800,11
703976,20240404,M101831,20190302,CS101,かつおチップス 200g,1,12000,11
703977,20241016,M101832,20240928,CS101,かつおチップス 200g,1,12000,11
703977,20241016,M101832,20240928,CF103,陶器のごはん皿 S,1,1650,11
703978,20240507,M101833,20240423,CT106,耳そうじシート 40枚,1,9800,11
703978,20240507,M101833,20240423,CE102,しつけ教室チケット S,1,6800,11
703979,20240514,M101833,20240423,CS101,かつおチップス 200g,1,12000,11
703980,20240928,M101834,20240918,CT102,肉球バーム 10g,1,6800,11
703981,20231228,M101835,20161119,CF105,竹のフードスクープ,2,1960,11
703981,20231228,M101835,20161119,CS101,かつおチップス 200g,2,24000,11
703981,20231228,M101835,20161119,CT106,耳そうじシート 40枚,2,19600,11
703982,20250719,M101836,20250628,CE105,年間メンバーパス,1,4980,11
703983,20250915,M101836,20250628,CS104,減塩にぼし 500g,1,1280,11
703983,20250915,M101836,20250628,CE105,年間メンバーパス,1,4980,11
703983,20250915,M101836,20250628,CT104,もこもこ泡シャンプー 300ml,1,9800,11
703984,20251119,M101836,20250628,CT106,耳そうじシート 40枚,1,9800,11
703984,20251119,M101836,20250628,CS101,かつおチップス 200g,1,12000,11
703985,20251101,M101837,20251023,CT103,被毛ケアローション 190ml,1,1650,11
703986,20250901,M101838,20250809,CS101,かつおチップス 200g,1,12000,11
703986,20250901,M101838,20250809,CT107,デンタルジェル 50ml,2,3300,11
703986,20250901,M101838,20250809,CT108,毛玉ケアジェル 60g,1,980,11
703986,20250901,M101838,20250809,CT106,耳そうじシート 40枚,1,9800,11
703987,20250929,M101838,20250809,CS101,かつおチップス 200g,1,12000,11
703988,20250620,M101839,20250612,CS104,減塩にぼし 500g,1,1280,11
703989,20250629,M101839,20250612,CT106,耳そうじシート 40枚,1,9800,11
703989,20250629,M101839,20250612,CT102,肉球バーム 10g,1,6800,11
703989,20250629,M101839,20250612,CH102,毛玉ケアパウダー 180回分,1,1650,11
703990,20250708,M101839,20250612,CF102,総合栄養食 まぐろ 100g,1,980,11
703991,20250821,M101839,20250612,CT102,肉球バーム 10g,1,6800,11
703991,20250821,M101839,20250612,CS102,ささみチップス 200g,2,9960,11
703991,20250821,M101839,20250612,CT104,もこもこ泡シャンプー 300ml,2,19600,11
703992,20251209,M101839,20250612,CS104,減塩にぼし 500g,1,1280,11
703992,20251209,M101839,20250612,CT104,もこもこ泡シャンプー 300ml,1,9800,11
703993,20250209,M101840,20250201,CT108,毛玉ケアジェル 60g,2,1960,11
703993,20250209,M101840,20250201,CT107,デンタルジェル 50ml,2,3300,11
703994,20250707,M101841,20250706,CT104,もこもこ泡シャンプー 300ml,2,19600,11
703994,20250707,M101841,20250706,CS104,減塩にぼし 500g,3,3840,11
703994,20250707,M101841,20250706,CE103,グルーミング講座,1,3800,11
703994,20250707,M101841,20250706,CT106,耳そうじシート 40枚,1,9800,11
703995,20240709,M101842,20240619,CT108,毛玉ケアジェル 60g,1,980,11
703996,20240523,M101843,20240513,CH102,毛玉ケアパウダー 180回分,1,1650,11
703996,20240523,M101843,20240513,CT106,耳そうじシート 40枚,2,19600,11
703996,20240523,M101843,20240513,CS104,減塩にぼし 500g,1,1280,11
703997,20250928,M101844,20250905,CT103,被毛ケアローション 190ml,1,1650,11
703998,20240520,M101845,20240501,CE105,年間メンバーパス,1,4980,11
703999,20260208,M101846,20260203,CT104,もこもこ泡シャンプー 300ml,1,9800,11
703999,20260208,M101846,20260203,CF106,フードストッカー 1L,1,3800,11
704000,20260517,M101846,20260203,CS101,かつおチップス 200g,1,12000,11
704000,20260517,M101846,20260203,CT104,もこもこ泡シャンプー 300ml,1,9800,11
704000,20260517,M101846,20260203,CS103,またたびスティック 30本,1,3800,11
704000,20260517,M101846,20260203,CT108,毛玉ケアジェル 60g,2,1960,11
704001,20240101,M101847,20160802,CT106,耳そうじシート 40枚,3,29400,11
704001,20240101,M101847,20160802,CT108,毛玉ケアジェル 60g,1,980,11
704001,20240101,M101847,20160802,CT102,肉球バーム 10g,1,6800,11
704002,20240513,M101847,20160802,CT102,肉球バーム 10g,1,6800,11
704003,20241029,M101847,20160802,CT104,もこもこ泡シャンプー 300ml,1,9800,11
704003,20241029,M101847,20160802,CE105,年間メンバーパス,1,4980,11
704004,20241128,M101847,20160802,CE102,しつけ教室チケット S,2,13600,11
704004,20241128,M101847,20160802,CT106,耳そうじシート 40枚,2,19600,11
704005,20250103,M101847,20160802,CS104,減塩にぼし 500g,1,1280,11
704006,20250726,M101848,20250701,CS101,かつおチップス 200g,1,12000,11
704007,20250826,M101848,20250701,CT106,耳そうじシート 40枚,1,9800,11
704007,20250826,M101848,20250701,CS101,かつおチップス 200g,1,12000,11
704007,20250826,M101848,20250701,CT104,もこもこ泡シャンプー 300ml,2,19600,11
704008,20241203,M101849,20241114,CT102,肉球バーム 10g,2,13600,11
704008,20241203,M101849,20241114,CT104,もこもこ泡シャンプー 300ml,1,9800,11
704009,20241211,M101849,20241114,CT102,肉球バーム 10g,1,6800,11
704010,20250925,M101850,20250903,CE105,年間メンバーパス,1,4980,11
704010,20250925,M101850,20250903,CF102,総合栄養食 まぐろ 100g,1,980,11
704011,20250407,M101851,20250407,CT106,耳そうじシート 40枚,1,9800,11
704012,20250623,M101851,20250407,CS101,かつおチップス 200g,1,12000,11
704013,20250822,M101851,20250407,CS104,減塩にぼし 500g,3,3840,11
704013,20250822,M101851,20250407,CH102,毛玉ケアパウダー 180回分,1,1650,11
704013,20250822,M101851,20250407,CE105,年間メンバーパス,1,4980,11
704014,20251007,M101851,20250407,CE105,年間メンバーパス,1,4980,11
704015,20251016,M101851,20250407,CT102,肉球バーム 10g,2,13600,11
704016,20251116,M101851,20250407,CT106,耳そうじシート 40枚,1,9800,11
704016,20251116,M101851,20250407,CE105,年間メンバーパス,1,4980,11
704017,20250928,M101852,20250922,CS104,減塩にぼし 500g,2,2560,11
704018,20240104,M101853,20160902,CS101,かつおチップス 200g,1,12000,11
704018,20240104,M101853,20160902,CT102,肉球バーム 10g,3,20400,11
704018,20240104,M101853,20160902,CS103,またたびスティック 30本,1,3800,11
704019,20260610,M101854,20260519,CS101,かつおチップス 200g,1,12000,11
704020,20240904,M101855,20240903,CT102,肉球バーム 10g,1,6800,11
704021,20250323,M101856,20250314,CS104,減塩にぼし 500g,1,1280,11
704021,20250323,M101856,20250314,CS101,かつおチップス 200g,1,12000,11
704022,20260413,M101857,20260329,CF101,総合栄養食 まぐろ 500g,1,12000,11
704022,20260413,M101857,20260329,CS102,ささみチップス 200g,1,4980,11
704023,20250607,M101858,20250530,CT106,耳そうじシート 40枚,1,9800,11
704024,20240117,M101859,20240117,CH106,腸内フローラ乳酸菌 60粒,1,12000,11
704024,20240117,M101859,20240117,CS104,減塩にぼし 500g,2,2560,11
704025,20241005,M101860,20241002,CS104,減塩にぼし 500g,1,1280,11
704026,20260306,M101861,20260302,CE102,しつけ教室チケット S,1,6800,11
704026,20260306,M101861,20260302,CT102,肉球バーム 10g,1,6800,11
704027,20250612,M101862,20250612,CT105,ふわもこブラシ,1,2980,11
704028,20240107,M101863,20200422,CS101,かつおチップス 200g,1,12000,11
704029,20240308,M101863,20200422,CT104,もこもこ泡シャンプー 300ml,1,9800,11
704029,20240308,M101863,20200422,CS102,ささみチップス 200g,2,9960,11
704030,20240731,M101863,20200422,CT106,耳そうじシート 40枚,1,9800,11
704030,20240731,M101863,20200422,CE105,年間メンバーパス,1,4980,11
704031,20240730,M101864,20240706,CS101,かつおチップス 200g,1,12000,11
704031,20240730,M101864,20240706,CT104,もこもこ泡シャンプー 300ml,1,9800,11
704032,20241127,M101864,20240706,CE102,しつけ教室チケット S,2,13600,11
704032,20241127,M101864,20240706,CT104,もこもこ泡シャンプー 300ml,1,9800,11
704033,20240129,M101865,20240122,CE102,しつけ教室チケット S,1,6800,11
704034,20240219,M101865,20240122,CS101,かつおチップス 200g,1,12000,11
704034,20240219,M101865,20240122,CS103,またたびスティック 30本,1,3800,11
704035,20240417,M101865,20240122,CT104,もこもこ泡シャンプー 300ml,2,19600,11
704035,20240417,M101865,20240122,CT106,耳そうじシート 40枚,1,9800,11
704036,20240515,M101865,20240122,CS104,減塩にぼし 500g,1,1280,11
704037,20240525,M101865,20240122,CF105,竹のフードスクープ,1,980,11
704037,20240525,M101865,20240122,CS103,またたびスティック 30本,1,3800,11
704038,20240605,M101865,20240122,CT106,耳そうじシート 40枚,1,9800,11
704039,20240618,M101865,20240122,CS101,かつおチップス 200g,2,24000,11
704040,20240627,M101865,20240122,CS103,またたびスティック 30本,1,3800,11
704041,20250613,M101866,20250613,CT106,耳そうじシート 40枚,1,9800,09
704042,20250806,M101866,20250613,CS101,かつおチップス 200g,1,12000,11
704042,20250806,M101866,20250613,CF105,竹のフードスクープ,1,980,11
704043,20240311,M101867,20240225,CT108,毛玉ケアジェル 60g,1,980,11
704044,20251202,M101868,20251117,CT104,もこもこ泡シャンプー 300ml,1,9800,11
704045,20240101,M101869,20220304,CE102,しつけ教室チケット S,1,6800,11
704045,20240101,M101869,20220304,CT103,被毛ケアローション 190ml,1,1650,11
704046,20240315,M101869,20220304,CF102,総合栄養食 まぐろ 100g,2,1960,09
704046,20240315,M101869,20220304,CS101,かつおチップス 200g,2,24000,09
704047,20240819,M101869,20220304,CE102,しつけ教室チケット S,1,6800,11
704047,20240819,M101869,20220304,CH104,オメガ3ソフトカプセル 120粒,1,980,11
704047,20240819,M101869,20220304,CT102,肉球バーム 10g,2,13600,11
704048,20241013,M101869,20220304,CT104,もこもこ泡シャンプー 300ml,1,9800,11
704048,20241013,M101869,20220304,CS104,減塩にぼし 500g,1,1280,11
704049,20250124,M101869,20220304,CT104,もこもこ泡シャンプー 300ml,1,9800,11
704049,20250124,M101869,20220304,CS102,ささみチップス 200g,1,4980,11
704050,20240422,M101870,20240421,CH102,毛玉ケアパウダー 180回分,1,1650,11
704051,20240808,M101870,20240421,CT108,毛玉ケアジェル 60g,2,1960,11
704051,20240808,M101870,20240421,CH102,毛玉ケアパウダー 180回分,2,3300,11
704052,20241212,M101870,20240421,CT104,もこもこ泡シャンプー 300ml,1,9800,11
704053,20250916,M101871,20250902,CT108,毛玉ケアジェル 60g,1,980,11
704054,20251028,M101871,20250902,CT106,耳そうじシート 40枚,1,9800,11
704055,20251203,M101871,20250902,CT104,もこもこ泡シャンプー 300ml,1,9800,11
704056,20251217,M101871,20250902,CT106,耳そうじシート 40枚,1,9800,11
704057,20260113,M101871,20250902,CS102,ささみチップス 200g,3,14940,11
704058,20260329,M101871,20250902,CT104,もこもこ泡シャンプー 300ml,3,29400,11
704059,20241110,M101872,20241023,CS102,ささみチップス 200g,1,4980,11
704060,20250220,M101872,20241023,CS101,かつおチップス 200g,1,12000,11
704060,20250220,M101872,20241023,CT106,耳そうじシート 40枚,1,9800,11
704060,20250220,M101872,20241023,CS104,減塩にぼし 500g,1,1280,11
704061,20250519,M101872,20241023,CT106,耳そうじシート 40枚,2,19600,11
704062,20250709,M101872,20241023,CS103,またたびスティック 30本,1,3800,11
704063,20240815,M101873,20240721,CT102,肉球バーム 10g,1,6800,11
704064,20240827,M101873,20240721,CS104,減塩にぼし 500g,1,1280,11
704064,20240827,M101873,20240721,CE105,年間メンバーパス,1,4980,11
704064,20240827,M101873,20240721,CS101,かつおチップス 200g,1,12000,11
704065,20241207,M101874,20241203,CT108,毛玉ケアジェル 60g,1,980,11
704066,20250429,M101874,20241203,CT104,もこもこ泡シャンプー 300ml,1,9800,11
704066,20250429,M101874,20241203,CT102,肉球バーム 10g,1,6800,11
704067,20240624,M101875,20240602,CS101,かつおチップス 200g,1,12000,11
704068,20260226,M101876,20260218,CT104,もこもこ泡シャンプー 300ml,1,9800,11
704068,20260226,M101876,20260218,CT103,被毛ケアローション 190ml,1,1650,11
704068,20260226,M101876,20260218,CS104,減塩にぼし 500g,1,1280,11
704069,20240510,M101877,20240510,CS104,減塩にぼし 500g,2,2560,11
704070,20250621,M101878,20250611,CT106,耳そうじシート 40枚,1,9800,11
704070,20250621,M101878,20250611,CS104,減塩にぼし 500g,1,1280,11
704071,20260407,M101879,20260323,CH102,毛玉ケアパウダー 180回分,1,1650,11
704071,20260407,M101879,20260323,CT104,もこもこ泡シャンプー 300ml,3,29400,11
704072,20240408,M101880,20240328,CT104,もこもこ泡シャンプー 300ml,1,9800,11
704072,20240408,M101880,20240328,CT102,肉球バーム 10g,1,6800,11
704073,20260411,M101881,20260407,CT104,もこもこ泡シャンプー 300ml,1,9800,11
704073,20260411,M101881,20260407,CS101,かつおチップス 200g,1,12000,11
704073,20260411,M101881,20260407,CT103,被毛ケアローション 190ml,1,1650,11
704074,20241101,M101882,20241017,CT106,耳そうじシート 40枚,2,19600,09
704075,20250528,M101883,20250522,CS101,かつおチップス 200g,1,12000,11
704075,20250528,M101883,20250522,CE105,年間メンバーパス,1,4980,11
704075,20250528,M101883,20250522,CT106,耳そうじシート 40枚,2,19600,11
704076,20250718,M101883,20250522,CS101,かつおチップス 200g,1,12000,11
704077,20260104,M101883,20250522,CS104,減塩にぼし 500g,2,2560,11
704077,20260104,M101883,20250522,CE102,しつけ教室チケット S,1,6800,11
704078,20240603,M101884,20240527,CS103,またたびスティック 30本,1,3800,11
704079,20240825,M101885,20240819,CT106,耳そうじシート 40枚,1,9800,11
704079,20240825,M101885,20240819,CH104,オメガ3ソフトカプセル 120粒,1,980,11
704079,20240825,M101885,20240819,CS105,ミルク仕立ておやつ 300g,1,980,11
704080,20260123,M101886,20260118,CT104,もこもこ泡シャンプー 300ml,1,9800,11
704080,20260123,M101886,20260118,CE105,年間メンバーパス,1,4980,11
704080,20260123,M101886,20260118,CT106,耳そうじシート 40枚,1,9800,11
704081,20260201,M101886,20260118,CH102,毛玉ケアパウダー 180回分,1,1650,11
704082,20260216,M101886,20260118,CE105,年間メンバーパス,2,9960,11
704083,20240225,M101887,20240205,CT106,耳そうじシート 40枚,1,9800,11
704083,20240225,M101887,20240205,CT104,もこもこ泡シャンプー 300ml,1,9800,11
704084,20240304,M101887,20240205,CE105,年間メンバーパス,1,4980,11
704085,20240324,M101888,20240324,CT106,耳そうじシート 40枚,1,9800,11
704085,20240324,M101888,20240324,CT102,肉球バーム 10g,1,6800,11
704086,20250904,M101889,20250813,CS101,かつおチップス 200g,1,12000,11
704086,20250904,M101889,20250813,CT106,耳そうじシート 40枚,1,9800,11
704086,20250904,M101889,20250813,CE105,年間メンバーパス,1,4980,11
704087,20251214,M101889,20250813,CT108,毛玉ケアジェル 60g,1,980,11
704088,20251227,M101890,20251222,CS104,減塩にぼし 500g,2,2560,11
704088,20251227,M101890,20251222,CT108,毛玉ケアジェル 60g,1,980,11
704089,20260112,M101890,20251222,CT108,毛玉ケアジェル 60g,1,980,14
704089,20260112,M101890,20251222,CT106,耳そうじシート 40枚,1,9800,14
704090,20260318,M101890,20251222,CT102,肉球バーム 10g,1,6800,11
704091,20250626,M101891,20250601,CT106,耳そうじシート 40枚,1,9800,11
704091,20250626,M101891,20250601,CS101,かつおチップス 200g,1,12000,11
704092,20250817,M101891,20250601,CT102,肉球バーム 10g,1,6800,11
704093,20250909,M101891,20250601,CT106,耳そうじシート 40枚,1,9800,11
704093,20250909,M101891,20250601,CS103,またたびスティック 30本,2,7600,11
704093,20250909,M101891,20250601,CT102,肉球バーム 10g,1,6800,11
704093,20250909,M101891,20250601,CF102,総合栄養食 まぐろ 100g,1,980,11
704094,20260306,M101892,20260301,CT104,もこもこ泡シャンプー 300ml,1,9800,14
704095,20240109,M101893,20210227,CT103,被毛ケアローション 190ml,1,1650,11
704095,20240109,M101893,20210227,CS102,ささみチップス 200g,1,4980,11
704096,20240213,M101893,20210227,CE102,しつけ教室チケット S,1,6800,11
704096,20240213,M101893,20210227,CT106,耳そうじシート 40枚,2,19600,11
704096,20240213,M101893,20210227,CT104,もこもこ泡シャンプー 300ml,1,9800,11
704097,20260225,M101894,20260206,CT106,耳そうじシート 40枚,1,9800,11
704097,20260225,M101894,20260206,CF101,総合栄養食 まぐろ 500g,1,12000,11
704098,20231226,M101895,20190906,CT105,ふわもこブラシ,1,2980,11
704099,20240119,M101895,20190906,CE105,年間メンバーパス,1,4980,11
704100,20240127,M101895,20190906,CS104,減塩にぼし 500g,1,1280,14
704101,20231231,M101896,20191101,CT106,耳そうじシート 40枚,1,9800,11
704101,20231231,M101896,20191101,CS103,またたびスティック 30本,1,3800,11
704102,20240119,M101896,20191101,CS104,減塩にぼし 500g,1,1280,11
704102,20240119,M101896,20191101,CT102,肉球バーム 10g,1,6800,11
704102,20240119,M101896,20191101,CT106,耳そうじシート 40枚,1,9800,11
704103,20250309,M101897,20250220,CT104,もこもこ泡シャンプー 300ml,2,19600,11
704103,20250309,M101897,20250220,CF102,総合栄養食 まぐろ 100g,1,980,11
704104,20240430,M101898,20240429,CT106,耳そうじシート 40枚,2,19600,11
704105,20251130,M101899,20251129,CT102,肉球バーム 10g,2,13600,11
704106,20240808,M101900,20240731,CS101,かつおチップス 200g,1,12000,11
